ARM GAS  /tmp/ccuLnLi8.s 			page 1


   1              		.cpu cortex-m3
   2              		.arch armv7-m
   3              		.fpu softvfp
   4              		.eabi_attribute 20, 1
   5              		.eabi_attribute 21, 1
   6              		.eabi_attribute 23, 3
   7              		.eabi_attribute 24, 1
   8              		.eabi_attribute 25, 1
   9              		.eabi_attribute 26, 1
  10              		.eabi_attribute 30, 1
  11              		.eabi_attribute 34, 1
  12              		.eabi_attribute 18, 4
  13              		.file	"main.c"
  14              		.text
  15              	.Ltext0:
  16              		.cfi_sections	.debug_frame
  17              		.file 1 "Core/Src/main.c"
  18              		.section	.text.gamepad_update_joysticks,"ax",%progbits
  19              		.align	1
  20              		.syntax unified
  21              		.thumb
  22              		.thumb_func
  24              	gamepad_update_joysticks:
  25              	.LFB75:
   1:Core/Src/main.c **** /* USER CODE BEGIN Header */
   2:Core/Src/main.c **** /**
   3:Core/Src/main.c ****   ******************************************************************************
   4:Core/Src/main.c ****   * @file           : main.c
   5:Core/Src/main.c ****   * @brief          : Main program body
   6:Core/Src/main.c ****   ******************************************************************************
   7:Core/Src/main.c ****   * @attention
   8:Core/Src/main.c ****   *
   9:Core/Src/main.c ****   * Copyright (c) 2026 STMicroelectronics.
  10:Core/Src/main.c ****   * All rights reserved.
  11:Core/Src/main.c ****   *
  12:Core/Src/main.c ****   * This software is licensed under terms that can be found in the LICENSE file
  13:Core/Src/main.c ****   * in the root directory of this software component.
  14:Core/Src/main.c ****   * If no LICENSE file comes with this software, it is provided AS-IS.
  15:Core/Src/main.c ****   *
  16:Core/Src/main.c ****   ******************************************************************************
  17:Core/Src/main.c ****   */
  18:Core/Src/main.c **** /* USER CODE END Header */
  19:Core/Src/main.c **** /* Includes ------------------------------------------------------------------*/
  20:Core/Src/main.c **** #include "main.h"
  21:Core/Src/main.c **** #include "usb_device.h"
  22:Core/Src/main.c **** 
  23:Core/Src/main.c **** /* Private includes ----------------------------------------------------------*/
  24:Core/Src/main.c **** /* USER CODE BEGIN Includes */
  25:Core/Src/main.c **** #include "usbd_customhid.h"
  26:Core/Src/main.c **** #include "usbd_custom_hid_if.h"
  27:Core/Src/main.c **** /* USER CODE END Includes */
  28:Core/Src/main.c **** 
  29:Core/Src/main.c **** /* Private typedef -----------------------------------------------------------*/
  30:Core/Src/main.c **** /* USER CODE BEGIN PTD */
  31:Core/Src/main.c **** /* Must match the HID report descriptor in usbd_custom_hid_if.c byte for byte. */
  32:Core/Src/main.c **** typedef struct __attribute__((packed))
  33:Core/Src/main.c **** {
ARM GAS  /tmp/ccuLnLi8.s 			page 2


  34:Core/Src/main.c ****   uint8_t  x;        /* left  stick X */
  35:Core/Src/main.c ****   uint8_t  y;        /* left  stick Y */
  36:Core/Src/main.c ****   uint8_t  lt;        /* triggers, 128 = centred, LT -> 0, RT -> 255 */
  37:Core/Src/main.c ****   uint8_t  rx;       /* right stick X */
  38:Core/Src/main.c ****   uint8_t  ry;       /* right stick Y */
  39:Core/Src/main.c ****   uint8_t  rt;
  40:Core/Src/main.c ****   uint8_t  hat;      /* d-pad, 8 = centred */
  41:Core/Src/main.c ****   uint16_t buttons;  /* bit 0..9 = button 1..10 */
  42:Core/Src/main.c **** } gamepad_report_t;
  43:Core/Src/main.c **** /* USER CODE END PTD */
  44:Core/Src/main.c **** 
  45:Core/Src/main.c **** /* Private define ------------------------------------------------------------*/
  46:Core/Src/main.c **** /* USER CODE BEGIN PD */
  47:Core/Src/main.c **** #define JOYSTICK_OVERSAMPLE_BITS 4
  48:Core/Src/main.c **** #define JOYSTICK_OVERSAMPLE (1U << JOYSTICK_OVERSAMPLE_BITS)
  49:Core/Src/main.c **** /* USER CODE END PD */
  50:Core/Src/main.c **** 
  51:Core/Src/main.c **** /* Private macro -------------------------------------------------------------*/
  52:Core/Src/main.c **** /* USER CODE BEGIN PM */
  53:Core/Src/main.c **** 
  54:Core/Src/main.c **** /* USER CODE END PM */
  55:Core/Src/main.c **** 
  56:Core/Src/main.c **** /* Private variables ---------------------------------------------------------*/
  57:Core/Src/main.c **** ADC_HandleTypeDef hadc1;
  58:Core/Src/main.c **** DMA_HandleTypeDef hdma_adc1;
  59:Core/Src/main.c **** 
  60:Core/Src/main.c **** RTC_HandleTypeDef hrtc;
  61:Core/Src/main.c **** 
  62:Core/Src/main.c **** TIM_HandleTypeDef htim2;
  63:Core/Src/main.c **** 
  64:Core/Src/main.c **** /* USER CODE BEGIN PV */
  65:Core/Src/main.c **** static gamepad_report_t gamepad_report;
  66:Core/Src/main.c **** static volatile uint16_t joystick_buf[4 * JOYSTICK_OVERSAMPLE] = {0};
  67:Core/Src/main.c **** /* USER CODE END PV */
  68:Core/Src/main.c **** 
  69:Core/Src/main.c **** /* Private function prototypes -----------------------------------------------*/
  70:Core/Src/main.c **** void SystemClock_Config(void);
  71:Core/Src/main.c **** static void MX_GPIO_Init(void);
  72:Core/Src/main.c **** static void MX_DMA_Init(void);
  73:Core/Src/main.c **** static void MX_ADC1_Init(void);
  74:Core/Src/main.c **** static void MX_RTC_Init(void);
  75:Core/Src/main.c **** static void MX_TIM2_Init(void);
  76:Core/Src/main.c **** /* USER CODE BEGIN PFP */
  77:Core/Src/main.c **** static void gamepad_update();
  78:Core/Src/main.c **** 
  79:Core/Src/main.c **** /* USER CODE END PFP */
  80:Core/Src/main.c **** 
  81:Core/Src/main.c **** /* Private user code ---------------------------------------------------------*/
  82:Core/Src/main.c **** /* USER CODE BEGIN 0 */
  83:Core/Src/main.c **** 
  84:Core/Src/main.c **** /* USER CODE END 0 */
  85:Core/Src/main.c **** 
  86:Core/Src/main.c **** /**
  87:Core/Src/main.c ****   * @brief  The application entry point.
  88:Core/Src/main.c ****   * @retval int
  89:Core/Src/main.c ****   */
  90:Core/Src/main.c **** int main(void)
ARM GAS  /tmp/ccuLnLi8.s 			page 3


  91:Core/Src/main.c **** {
  92:Core/Src/main.c **** 
  93:Core/Src/main.c ****   /* USER CODE BEGIN 1 */
  94:Core/Src/main.c **** 
  95:Core/Src/main.c ****   /* USER CODE END 1 */
  96:Core/Src/main.c **** 
  97:Core/Src/main.c ****   /* MCU Configuration--------------------------------------------------------*/
  98:Core/Src/main.c **** 
  99:Core/Src/main.c ****   /* Reset of all peripherals, Initializes the Flash interface and the Systick. */
 100:Core/Src/main.c ****   HAL_Init();
 101:Core/Src/main.c **** 
 102:Core/Src/main.c ****   /* USER CODE BEGIN Init */
 103:Core/Src/main.c ****   
 104:Core/Src/main.c **** 
 105:Core/Src/main.c ****   /* USER CODE END Init */
 106:Core/Src/main.c **** 
 107:Core/Src/main.c ****   /* Configure the system clock */
 108:Core/Src/main.c ****   SystemClock_Config();
 109:Core/Src/main.c **** 
 110:Core/Src/main.c ****   /* USER CODE BEGIN SysInit */
 111:Core/Src/main.c **** 
 112:Core/Src/main.c ****   /* USER CODE END SysInit */
 113:Core/Src/main.c **** 
 114:Core/Src/main.c ****   /* Initialize all configured peripherals */
 115:Core/Src/main.c ****   MX_GPIO_Init();
 116:Core/Src/main.c ****   MX_DMA_Init();
 117:Core/Src/main.c ****   MX_ADC1_Init();
 118:Core/Src/main.c ****   MX_USB_DEVICE_Init();
 119:Core/Src/main.c ****   MX_RTC_Init();
 120:Core/Src/main.c ****   MX_TIM2_Init();
 121:Core/Src/main.c ****   /* USER CODE BEGIN 2 */
 122:Core/Src/main.c ****   HAL_ADCEx_Calibration_Start(&hadc1);
 123:Core/Src/main.c ****   HAL_ADC_Start_DMA(&hadc1,(uint32_t*)joystick_buf,4*JOYSTICK_OVERSAMPLE);
 124:Core/Src/main.c **** 
 125:Core/Src/main.c ****   /* USER CODE END 2 */
 126:Core/Src/main.c **** 
 127:Core/Src/main.c ****   /* Infinite loop */
 128:Core/Src/main.c ****   /* USER CODE BEGIN WHILE */
 129:Core/Src/main.c ****   while (1)
 130:Core/Src/main.c ****   {
 131:Core/Src/main.c ****     /* USER CODE END WHILE */
 132:Core/Src/main.c **** 
 133:Core/Src/main.c ****     /* USER CODE BEGIN 3 */
 134:Core/Src/main.c ****     gamepad_update();
 135:Core/Src/main.c ****     USBD_CUSTOM_HID_SendReport_FS((uint8_t*)&gamepad_report,sizeof(gamepad_report));
 136:Core/Src/main.c ****   }
 137:Core/Src/main.c ****   /* USER CODE END 3 */
 138:Core/Src/main.c **** }
 139:Core/Src/main.c **** 
 140:Core/Src/main.c **** /**
 141:Core/Src/main.c ****   * @brief System Clock Configuration
 142:Core/Src/main.c ****   * @retval None
 143:Core/Src/main.c ****   */
 144:Core/Src/main.c **** void SystemClock_Config(void)
 145:Core/Src/main.c **** {
 146:Core/Src/main.c ****   RCC_OscInitTypeDef RCC_OscInitStruct = {0};
 147:Core/Src/main.c ****   RCC_ClkInitTypeDef RCC_ClkInitStruct = {0};
ARM GAS  /tmp/ccuLnLi8.s 			page 4


 148:Core/Src/main.c ****   RCC_PeriphCLKInitTypeDef PeriphClkInit = {0};
 149:Core/Src/main.c **** 
 150:Core/Src/main.c ****   /** Initializes the RCC Oscillators according to the specified parameters
 151:Core/Src/main.c ****   * in the RCC_OscInitTypeDef structure.
 152:Core/Src/main.c ****   */
 153:Core/Src/main.c ****   RCC_OscInitStruct.OscillatorType = RCC_OSCILLATORTYPE_LSI|RCC_OSCILLATORTYPE_HSE;
 154:Core/Src/main.c ****   RCC_OscInitStruct.HSEState = RCC_HSE_ON;
 155:Core/Src/main.c ****   RCC_OscInitStruct.HSEPredivValue = RCC_HSE_PREDIV_DIV1;
 156:Core/Src/main.c ****   RCC_OscInitStruct.HSIState = RCC_HSI_ON;
 157:Core/Src/main.c ****   RCC_OscInitStruct.LSIState = RCC_LSI_ON;
 158:Core/Src/main.c ****   RCC_OscInitStruct.PLL.PLLState = RCC_PLL_ON;
 159:Core/Src/main.c ****   RCC_OscInitStruct.PLL.PLLSource = RCC_PLLSOURCE_HSE;
 160:Core/Src/main.c ****   RCC_OscInitStruct.PLL.PLLMUL = RCC_PLL_MUL9;
 161:Core/Src/main.c ****   if (HAL_RCC_OscConfig(&RCC_OscInitStruct) != HAL_OK)
 162:Core/Src/main.c ****   {
 163:Core/Src/main.c ****     Error_Handler();
 164:Core/Src/main.c ****   }
 165:Core/Src/main.c **** 
 166:Core/Src/main.c ****   /** Initializes the CPU, AHB and APB buses clocks
 167:Core/Src/main.c ****   */
 168:Core/Src/main.c ****   RCC_ClkInitStruct.ClockType = RCC_CLOCKTYPE_HCLK|RCC_CLOCKTYPE_SYSCLK
 169:Core/Src/main.c ****                               |RCC_CLOCKTYPE_PCLK1|RCC_CLOCKTYPE_PCLK2;
 170:Core/Src/main.c ****   RCC_ClkInitStruct.SYSCLKSource = RCC_SYSCLKSOURCE_PLLCLK;
 171:Core/Src/main.c ****   RCC_ClkInitStruct.AHBCLKDivider = RCC_SYSCLK_DIV1;
 172:Core/Src/main.c ****   RCC_ClkInitStruct.APB1CLKDivider = RCC_HCLK_DIV2;
 173:Core/Src/main.c ****   RCC_ClkInitStruct.APB2CLKDivider = RCC_HCLK_DIV1;
 174:Core/Src/main.c **** 
 175:Core/Src/main.c ****   if (HAL_RCC_ClockConfig(&RCC_ClkInitStruct, FLASH_LATENCY_2) != HAL_OK)
 176:Core/Src/main.c ****   {
 177:Core/Src/main.c ****     Error_Handler();
 178:Core/Src/main.c ****   }
 179:Core/Src/main.c ****   PeriphClkInit.PeriphClockSelection = RCC_PERIPHCLK_RTC|RCC_PERIPHCLK_ADC
 180:Core/Src/main.c ****                               |RCC_PERIPHCLK_USB;
 181:Core/Src/main.c ****   PeriphClkInit.RTCClockSelection = RCC_RTCCLKSOURCE_LSI;
 182:Core/Src/main.c ****   PeriphClkInit.AdcClockSelection = RCC_ADCPCLK2_DIV6;
 183:Core/Src/main.c ****   PeriphClkInit.UsbClockSelection = RCC_USBCLKSOURCE_PLL_DIV1_5;
 184:Core/Src/main.c ****   if (HAL_RCCEx_PeriphCLKConfig(&PeriphClkInit) != HAL_OK)
 185:Core/Src/main.c ****   {
 186:Core/Src/main.c ****     Error_Handler();
 187:Core/Src/main.c ****   }
 188:Core/Src/main.c **** 
 189:Core/Src/main.c ****   /** Enables the Clock Security System
 190:Core/Src/main.c ****   */
 191:Core/Src/main.c ****   HAL_RCC_EnableCSS();
 192:Core/Src/main.c **** }
 193:Core/Src/main.c **** 
 194:Core/Src/main.c **** /**
 195:Core/Src/main.c ****   * @brief ADC1 Initialization Function
 196:Core/Src/main.c ****   * @param None
 197:Core/Src/main.c ****   * @retval None
 198:Core/Src/main.c ****   */
 199:Core/Src/main.c **** static void MX_ADC1_Init(void)
 200:Core/Src/main.c **** {
 201:Core/Src/main.c **** 
 202:Core/Src/main.c ****   /* USER CODE BEGIN ADC1_Init 0 */
 203:Core/Src/main.c **** 
 204:Core/Src/main.c ****   /* USER CODE END ADC1_Init 0 */
ARM GAS  /tmp/ccuLnLi8.s 			page 5


 205:Core/Src/main.c **** 
 206:Core/Src/main.c ****   ADC_ChannelConfTypeDef sConfig = {0};
 207:Core/Src/main.c **** 
 208:Core/Src/main.c ****   /* USER CODE BEGIN ADC1_Init 1 */
 209:Core/Src/main.c **** 
 210:Core/Src/main.c ****   /* USER CODE END ADC1_Init 1 */
 211:Core/Src/main.c **** 
 212:Core/Src/main.c ****   /** Common config
 213:Core/Src/main.c ****   */
 214:Core/Src/main.c ****   hadc1.Instance = ADC1;
 215:Core/Src/main.c ****   hadc1.Init.ScanConvMode = ADC_SCAN_ENABLE;
 216:Core/Src/main.c ****   hadc1.Init.ContinuousConvMode = ENABLE;
 217:Core/Src/main.c ****   hadc1.Init.DiscontinuousConvMode = DISABLE;
 218:Core/Src/main.c ****   hadc1.Init.ExternalTrigConv = ADC_SOFTWARE_START;
 219:Core/Src/main.c ****   hadc1.Init.DataAlign = ADC_DATAALIGN_RIGHT;
 220:Core/Src/main.c ****   hadc1.Init.NbrOfConversion = 4;
 221:Core/Src/main.c ****   if (HAL_ADC_Init(&hadc1) != HAL_OK)
 222:Core/Src/main.c ****   {
 223:Core/Src/main.c ****     Error_Handler();
 224:Core/Src/main.c ****   }
 225:Core/Src/main.c **** 
 226:Core/Src/main.c ****   /** Configure Regular Channel
 227:Core/Src/main.c ****   */
 228:Core/Src/main.c ****   sConfig.Channel = ADC_CHANNEL_1;
 229:Core/Src/main.c ****   sConfig.Rank = ADC_REGULAR_RANK_1;
 230:Core/Src/main.c ****   sConfig.SamplingTime = ADC_SAMPLETIME_13CYCLES_5;
 231:Core/Src/main.c ****   if (HAL_ADC_ConfigChannel(&hadc1, &sConfig) != HAL_OK)
 232:Core/Src/main.c ****   {
 233:Core/Src/main.c ****     Error_Handler();
 234:Core/Src/main.c ****   }
 235:Core/Src/main.c **** 
 236:Core/Src/main.c ****   /** Configure Regular Channel
 237:Core/Src/main.c ****   */
 238:Core/Src/main.c ****   sConfig.Channel = ADC_CHANNEL_2;
 239:Core/Src/main.c ****   sConfig.Rank = ADC_REGULAR_RANK_2;
 240:Core/Src/main.c ****   if (HAL_ADC_ConfigChannel(&hadc1, &sConfig) != HAL_OK)
 241:Core/Src/main.c ****   {
 242:Core/Src/main.c ****     Error_Handler();
 243:Core/Src/main.c ****   }
 244:Core/Src/main.c **** 
 245:Core/Src/main.c ****   /** Configure Regular Channel
 246:Core/Src/main.c ****   */
 247:Core/Src/main.c ****   sConfig.Channel = ADC_CHANNEL_4;
 248:Core/Src/main.c ****   sConfig.Rank = ADC_REGULAR_RANK_3;
 249:Core/Src/main.c ****   if (HAL_ADC_ConfigChannel(&hadc1, &sConfig) != HAL_OK)
 250:Core/Src/main.c ****   {
 251:Core/Src/main.c ****     Error_Handler();
 252:Core/Src/main.c ****   }
 253:Core/Src/main.c **** 
 254:Core/Src/main.c ****   /** Configure Regular Channel
 255:Core/Src/main.c ****   */
 256:Core/Src/main.c ****   sConfig.Channel = ADC_CHANNEL_5;
 257:Core/Src/main.c ****   sConfig.Rank = ADC_REGULAR_RANK_4;
 258:Core/Src/main.c ****   if (HAL_ADC_ConfigChannel(&hadc1, &sConfig) != HAL_OK)
 259:Core/Src/main.c ****   {
 260:Core/Src/main.c ****     Error_Handler();
 261:Core/Src/main.c ****   }
ARM GAS  /tmp/ccuLnLi8.s 			page 6


 262:Core/Src/main.c ****   /* USER CODE BEGIN ADC1_Init 2 */
 263:Core/Src/main.c **** 
 264:Core/Src/main.c ****   /* USER CODE END ADC1_Init 2 */
 265:Core/Src/main.c **** 
 266:Core/Src/main.c **** }
 267:Core/Src/main.c **** 
 268:Core/Src/main.c **** /**
 269:Core/Src/main.c ****   * @brief RTC Initialization Function
 270:Core/Src/main.c ****   * @param None
 271:Core/Src/main.c ****   * @retval None
 272:Core/Src/main.c ****   */
 273:Core/Src/main.c **** static void MX_RTC_Init(void)
 274:Core/Src/main.c **** {
 275:Core/Src/main.c **** 
 276:Core/Src/main.c ****   /* USER CODE BEGIN RTC_Init 0 */
 277:Core/Src/main.c **** 
 278:Core/Src/main.c ****   /* USER CODE END RTC_Init 0 */
 279:Core/Src/main.c **** 
 280:Core/Src/main.c ****   /* USER CODE BEGIN RTC_Init 1 */
 281:Core/Src/main.c **** 
 282:Core/Src/main.c ****   /* USER CODE END RTC_Init 1 */
 283:Core/Src/main.c **** 
 284:Core/Src/main.c ****   /** Initialize RTC Only
 285:Core/Src/main.c ****   */
 286:Core/Src/main.c ****   hrtc.Instance = RTC;
 287:Core/Src/main.c ****   hrtc.Init.AsynchPrediv = RTC_AUTO_1_SECOND;
 288:Core/Src/main.c ****   hrtc.Init.OutPut = RTC_OUTPUTSOURCE_ALARM;
 289:Core/Src/main.c ****   if (HAL_RTC_Init(&hrtc) != HAL_OK)
 290:Core/Src/main.c ****   {
 291:Core/Src/main.c ****     Error_Handler();
 292:Core/Src/main.c ****   }
 293:Core/Src/main.c ****   /* USER CODE BEGIN RTC_Init 2 */
 294:Core/Src/main.c **** 
 295:Core/Src/main.c ****   /* USER CODE END RTC_Init 2 */
 296:Core/Src/main.c **** 
 297:Core/Src/main.c **** }
 298:Core/Src/main.c **** 
 299:Core/Src/main.c **** /**
 300:Core/Src/main.c ****   * @brief TIM2 Initialization Function
 301:Core/Src/main.c ****   * @param None
 302:Core/Src/main.c ****   * @retval None
 303:Core/Src/main.c ****   */
 304:Core/Src/main.c **** static void MX_TIM2_Init(void)
 305:Core/Src/main.c **** {
 306:Core/Src/main.c **** 
 307:Core/Src/main.c ****   /* USER CODE BEGIN TIM2_Init 0 */
 308:Core/Src/main.c **** 
 309:Core/Src/main.c ****   /* USER CODE END TIM2_Init 0 */
 310:Core/Src/main.c **** 
 311:Core/Src/main.c ****   TIM_ClockConfigTypeDef sClockSourceConfig = {0};
 312:Core/Src/main.c ****   TIM_MasterConfigTypeDef sMasterConfig = {0};
 313:Core/Src/main.c **** 
 314:Core/Src/main.c ****   /* USER CODE BEGIN TIM2_Init 1 */
 315:Core/Src/main.c **** 
 316:Core/Src/main.c ****   /* USER CODE END TIM2_Init 1 */
 317:Core/Src/main.c ****   htim2.Instance = TIM2;
 318:Core/Src/main.c ****   htim2.Init.Prescaler = 0;
ARM GAS  /tmp/ccuLnLi8.s 			page 7


 319:Core/Src/main.c ****   htim2.Init.CounterMode = TIM_COUNTERMODE_UP;
 320:Core/Src/main.c ****   htim2.Init.Period = 65535;
 321:Core/Src/main.c ****   htim2.Init.ClockDivision = TIM_CLOCKDIVISION_DIV1;
 322:Core/Src/main.c ****   htim2.Init.AutoReloadPreload = TIM_AUTORELOAD_PRELOAD_DISABLE;
 323:Core/Src/main.c ****   if (HAL_TIM_Base_Init(&htim2) != HAL_OK)
 324:Core/Src/main.c ****   {
 325:Core/Src/main.c ****     Error_Handler();
 326:Core/Src/main.c ****   }
 327:Core/Src/main.c ****   sClockSourceConfig.ClockSource = TIM_CLOCKSOURCE_INTERNAL;
 328:Core/Src/main.c ****   if (HAL_TIM_ConfigClockSource(&htim2, &sClockSourceConfig) != HAL_OK)
 329:Core/Src/main.c ****   {
 330:Core/Src/main.c ****     Error_Handler();
 331:Core/Src/main.c ****   }
 332:Core/Src/main.c ****   sMasterConfig.MasterOutputTrigger = TIM_TRGO_RESET;
 333:Core/Src/main.c ****   sMasterConfig.MasterSlaveMode = TIM_MASTERSLAVEMODE_DISABLE;
 334:Core/Src/main.c ****   if (HAL_TIMEx_MasterConfigSynchronization(&htim2, &sMasterConfig) != HAL_OK)
 335:Core/Src/main.c ****   {
 336:Core/Src/main.c ****     Error_Handler();
 337:Core/Src/main.c ****   }
 338:Core/Src/main.c ****   /* USER CODE BEGIN TIM2_Init 2 */
 339:Core/Src/main.c **** 
 340:Core/Src/main.c ****   /* USER CODE END TIM2_Init 2 */
 341:Core/Src/main.c **** 
 342:Core/Src/main.c **** }
 343:Core/Src/main.c **** 
 344:Core/Src/main.c **** /**
 345:Core/Src/main.c ****   * Enable DMA controller clock
 346:Core/Src/main.c ****   */
 347:Core/Src/main.c **** static void MX_DMA_Init(void)
 348:Core/Src/main.c **** {
 349:Core/Src/main.c **** 
 350:Core/Src/main.c ****   /* DMA controller clock enable */
 351:Core/Src/main.c ****   __HAL_RCC_DMA1_CLK_ENABLE();
 352:Core/Src/main.c **** 
 353:Core/Src/main.c ****   /* DMA interrupt init */
 354:Core/Src/main.c ****   /* DMA1_Channel1_IRQn interrupt configuration */
 355:Core/Src/main.c ****   HAL_NVIC_SetPriority(DMA1_Channel1_IRQn, 0, 0);
 356:Core/Src/main.c ****   HAL_NVIC_EnableIRQ(DMA1_Channel1_IRQn);
 357:Core/Src/main.c **** 
 358:Core/Src/main.c **** }
 359:Core/Src/main.c **** 
 360:Core/Src/main.c **** /**
 361:Core/Src/main.c ****   * @brief GPIO Initialization Function
 362:Core/Src/main.c ****   * @param None
 363:Core/Src/main.c ****   * @retval None
 364:Core/Src/main.c ****   */
 365:Core/Src/main.c **** static void MX_GPIO_Init(void)
 366:Core/Src/main.c **** {
 367:Core/Src/main.c ****   GPIO_InitTypeDef GPIO_InitStruct = {0};
 368:Core/Src/main.c ****   /* USER CODE BEGIN MX_GPIO_Init_1 */
 369:Core/Src/main.c **** 
 370:Core/Src/main.c ****   /* USER CODE END MX_GPIO_Init_1 */
 371:Core/Src/main.c **** 
 372:Core/Src/main.c ****   /* GPIO Ports Clock Enable */
 373:Core/Src/main.c ****   __HAL_RCC_GPIOC_CLK_ENABLE();
 374:Core/Src/main.c ****   __HAL_RCC_GPIOD_CLK_ENABLE();
 375:Core/Src/main.c ****   __HAL_RCC_GPIOA_CLK_ENABLE();
ARM GAS  /tmp/ccuLnLi8.s 			page 8


 376:Core/Src/main.c ****   __HAL_RCC_GPIOB_CLK_ENABLE();
 377:Core/Src/main.c **** 
 378:Core/Src/main.c ****   /*Configure GPIO pin Output Level */
 379:Core/Src/main.c ****   HAL_GPIO_WritePin(GPIOA, GPIO_PIN_6, GPIO_PIN_SET);
 380:Core/Src/main.c **** 
 381:Core/Src/main.c ****   /*Configure GPIO pin : PA6 */
 382:Core/Src/main.c ****   GPIO_InitStruct.Pin = GPIO_PIN_6;
 383:Core/Src/main.c ****   GPIO_InitStruct.Mode = GPIO_MODE_OUTPUT_PP;
 384:Core/Src/main.c ****   GPIO_InitStruct.Pull = GPIO_NOPULL;
 385:Core/Src/main.c ****   GPIO_InitStruct.Speed = GPIO_SPEED_FREQ_LOW;
 386:Core/Src/main.c ****   HAL_GPIO_Init(GPIOA, &GPIO_InitStruct);
 387:Core/Src/main.c **** 
 388:Core/Src/main.c ****   /*Configure GPIO pins : PB14 PB15 PB4 PB5
 389:Core/Src/main.c ****                            PB6 PB7 */
 390:Core/Src/main.c ****   GPIO_InitStruct.Pin = GPIO_PIN_14|GPIO_PIN_15|GPIO_PIN_4|GPIO_PIN_5
 391:Core/Src/main.c ****                           |GPIO_PIN_6|GPIO_PIN_7;
 392:Core/Src/main.c ****   GPIO_InitStruct.Mode = GPIO_MODE_INPUT;
 393:Core/Src/main.c ****   GPIO_InitStruct.Pull = GPIO_PULLDOWN;
 394:Core/Src/main.c ****   HAL_GPIO_Init(GPIOB, &GPIO_InitStruct);
 395:Core/Src/main.c **** 
 396:Core/Src/main.c ****   /*Configure GPIO pins : PA8 PA9 */
 397:Core/Src/main.c ****   GPIO_InitStruct.Pin = GPIO_PIN_8|GPIO_PIN_9;
 398:Core/Src/main.c ****   GPIO_InitStruct.Mode = GPIO_MODE_INPUT;
 399:Core/Src/main.c ****   GPIO_InitStruct.Pull = GPIO_PULLDOWN;
 400:Core/Src/main.c ****   HAL_GPIO_Init(GPIOA, &GPIO_InitStruct);
 401:Core/Src/main.c **** 
 402:Core/Src/main.c ****   /* USER CODE BEGIN MX_GPIO_Init_2 */
 403:Core/Src/main.c **** 
 404:Core/Src/main.c ****   /* USER CODE END MX_GPIO_Init_2 */
 405:Core/Src/main.c **** }
 406:Core/Src/main.c **** 
 407:Core/Src/main.c **** /* USER CODE BEGIN 4 */
 408:Core/Src/main.c **** static void gamepad_update_joysticks() {
  26              		.loc 1 408 40 view -0
  27              		.cfi_startproc
  28              		@ args = 0, pretend = 0, frame = 0
  29              		@ frame_needed = 0, uses_anonymous_args = 0
  30 0000 30B5     		push	{r4, r5, lr}
  31              	.LCFI0:
  32              		.cfi_def_cfa_offset 12
  33              		.cfi_offset 4, -12
  34              		.cfi_offset 5, -8
  35              		.cfi_offset 14, -4
 409:Core/Src/main.c ****   uint32_t avg_x, avg_y, avg_rx, avg_ry;
  36              		.loc 1 409 3 view .LVU1
 410:Core/Src/main.c ****   avg_x = avg_y = avg_rx = avg_ry = 0;
  37              		.loc 1 410 3 view .LVU2
  38              	.LVL0:
 411:Core/Src/main.c ****   for(uint32_t i = 0; i < JOYSTICK_OVERSAMPLE; i++) {
  39              		.loc 1 411 3 view .LVU3
  40              	.LBB4:
  41              		.loc 1 411 7 view .LVU4
  42              		.loc 1 411 16 is_stmt 0 view .LVU5
  43 0002 0021     		movs	r1, #0
  44              	.LBE4:
 410:Core/Src/main.c ****   avg_x = avg_y = avg_rx = avg_ry = 0;
  45              		.loc 1 410 35 view .LVU6
ARM GAS  /tmp/ccuLnLi8.s 			page 9


  46 0004 0C46     		mov	r4, r1
 410:Core/Src/main.c ****   avg_x = avg_y = avg_rx = avg_ry = 0;
  47              		.loc 1 410 26 view .LVU7
  48 0006 8C46     		mov	ip, r1
 410:Core/Src/main.c ****   avg_x = avg_y = avg_rx = avg_ry = 0;
  49              		.loc 1 410 17 view .LVU8
  50 0008 0D46     		mov	r5, r1
 410:Core/Src/main.c ****   avg_x = avg_y = avg_rx = avg_ry = 0;
  51              		.loc 1 410 9 view .LVU9
  52 000a 8E46     		mov	lr, r1
  53              	.LBB5:
  54              		.loc 1 411 3 view .LVU10
  55 000c 15E0     		b	.L2
  56              	.LVL1:
  57              	.L3:
 412:Core/Src/main.c ****     avg_x += joystick_buf[i*4];
  58              		.loc 1 412 5 is_stmt 1 view .LVU11
  59              		.loc 1 412 28 is_stmt 0 view .LVU12
  60 000e 8B00     		lsls	r3, r1, #2
  61              		.loc 1 412 26 view .LVU13
  62 0010 124A     		ldr	r2, .L5
  63 0012 32F81300 		ldrh	r0, [r2, r3, lsl #1]
  64 0016 80B2     		uxth	r0, r0
  65              		.loc 1 412 11 view .LVU14
  66 0018 8644     		add	lr, lr, r0
  67              	.LVL2:
 413:Core/Src/main.c ****     avg_y += joystick_buf[i*4+1];
  68              		.loc 1 413 5 is_stmt 1 view .LVU15
  69              		.loc 1 413 30 is_stmt 0 view .LVU16
  70 001a 581C     		adds	r0, r3, #1
  71              		.loc 1 413 26 view .LVU17
  72 001c 32F81000 		ldrh	r0, [r2, r0, lsl #1]
  73 0020 80B2     		uxth	r0, r0
  74              		.loc 1 413 11 view .LVU18
  75 0022 0544     		add	r5, r5, r0
  76              	.LVL3:
 414:Core/Src/main.c ****     avg_rx += joystick_buf[i*4+2];
  77              		.loc 1 414 5 is_stmt 1 view .LVU19
  78              		.loc 1 414 31 is_stmt 0 view .LVU20
  79 0024 981C     		adds	r0, r3, #2
  80              		.loc 1 414 27 view .LVU21
  81 0026 32F81000 		ldrh	r0, [r2, r0, lsl #1]
  82 002a 80B2     		uxth	r0, r0
  83              		.loc 1 414 12 view .LVU22
  84 002c 8444     		add	ip, ip, r0
  85              	.LVL4:
 415:Core/Src/main.c ****     avg_ry += joystick_buf[i*4+3];
  86              		.loc 1 415 5 is_stmt 1 view .LVU23
  87              		.loc 1 415 31 is_stmt 0 view .LVU24
  88 002e 0333     		adds	r3, r3, #3
  89              		.loc 1 415 27 view .LVU25
  90 0030 32F81330 		ldrh	r3, [r2, r3, lsl #1]
  91 0034 9BB2     		uxth	r3, r3
  92              		.loc 1 415 12 view .LVU26
  93 0036 1C44     		add	r4, r4, r3
  94              	.LVL5:
 411:Core/Src/main.c ****     avg_x += joystick_buf[i*4];
ARM GAS  /tmp/ccuLnLi8.s 			page 10


  95              		.loc 1 411 49 is_stmt 1 discriminator 3 view .LVU27
  96 0038 0131     		adds	r1, r1, #1
  97              	.LVL6:
  98              	.L2:
 411:Core/Src/main.c ****     avg_x += joystick_buf[i*4];
  99              		.loc 1 411 25 discriminator 1 view .LVU28
 100 003a 0F29     		cmp	r1, #15
 101 003c E7D9     		bls	.L3
 102              	.LBE5:
 416:Core/Src/main.c ****   }
 417:Core/Src/main.c ****   gamepad_report.x = avg_y >> (JOYSTICK_OVERSAMPLE_BITS+4);
 103              		.loc 1 417 3 view .LVU29
 104              		.loc 1 417 28 is_stmt 0 view .LVU30
 105 003e 2D0A     		lsrs	r5, r5, #8
 106              	.LVL7:
 107              		.loc 1 417 20 view .LVU31
 108 0040 074B     		ldr	r3, .L5+4
 109 0042 1D70     		strb	r5, [r3]
 418:Core/Src/main.c ****   gamepad_report.rx = avg_ry >> (JOYSTICK_OVERSAMPLE_BITS+4);
 110              		.loc 1 418 3 is_stmt 1 view .LVU32
 111              		.loc 1 418 30 is_stmt 0 view .LVU33
 112 0044 240A     		lsrs	r4, r4, #8
 113              	.LVL8:
 114              		.loc 1 418 21 view .LVU34
 115 0046 DC70     		strb	r4, [r3, #3]
 419:Core/Src/main.c ****   gamepad_report.y = avg_x >> (JOYSTICK_OVERSAMPLE_BITS+4);
 116              		.loc 1 419 3 is_stmt 1 view .LVU35
 117              		.loc 1 419 28 is_stmt 0 view .LVU36
 118 0048 4FEA1E2E 		lsr	lr, lr, #8
 119              	.LVL9:
 120              		.loc 1 419 20 view .LVU37
 121 004c 83F801E0 		strb	lr, [r3, #1]
 420:Core/Src/main.c ****   gamepad_report.ry = avg_rx >> (JOYSTICK_OVERSAMPLE_BITS+4);
 122              		.loc 1 420 3 is_stmt 1 view .LVU38
 123              		.loc 1 420 30 is_stmt 0 view .LVU39
 124 0050 4FEA1C2C 		lsr	ip, ip, #8
 125              	.LVL10:
 126              		.loc 1 420 21 view .LVU40
 127 0054 83F804C0 		strb	ip, [r3, #4]
 421:Core/Src/main.c **** }
 128              		.loc 1 421 1 view .LVU41
 129 0058 30BD     		pop	{r4, r5, pc}
 130              	.L6:
 131 005a 00BF     		.align	2
 132              	.L5:
 133 005c 00000000 		.word	joystick_buf
 134 0060 00000000 		.word	gamepad_report
 135              		.cfi_endproc
 136              	.LFE75:
 138              		.section	.text.get_dpad,"ax",%progbits
 139              		.align	1
 140              		.syntax unified
 141              		.thumb
 142              		.thumb_func
 144              	get_dpad:
 145              	.LVL11:
 146              	.LFB77:
ARM GAS  /tmp/ccuLnLi8.s 			page 11


 422:Core/Src/main.c **** 
 423:Core/Src/main.c **** // num > 0 && num < 11
 424:Core/Src/main.c **** static void gamepad_set_button(uint8_t num, uint8_t val) {
 425:Core/Src/main.c ****   uint16_t bitmask = 0x0001 << (num-1);
 426:Core/Src/main.c ****   if(val)
 427:Core/Src/main.c ****     gamepad_report.buttons |= bitmask;
 428:Core/Src/main.c ****   else
 429:Core/Src/main.c ****     gamepad_report.buttons &= ~bitmask;
 430:Core/Src/main.c **** }
 431:Core/Src/main.c **** 
 432:Core/Src/main.c **** static int get_dpad(uint8_t dpad_right, uint8_t dpad_down, uint8_t dpad_left, uint8_t dpad_up) {
 147              		.loc 1 432 96 is_stmt 1 view -0
 148              		.cfi_startproc
 149              		@ args = 0, pretend = 0, frame = 0
 150              		@ frame_needed = 0, uses_anonymous_args = 0
 151              		@ link register save eliminated.
 433:Core/Src/main.c ****   if(dpad_up) {
 152              		.loc 1 433 3 view .LVU43
 153              		.loc 1 433 5 is_stmt 0 view .LVU44
 154 0000 2BB1     		cbz	r3, .L8
 434:Core/Src/main.c ****     if(dpad_right) return 1;
 155              		.loc 1 434 5 is_stmt 1 view .LVU45
 156              		.loc 1 434 7 is_stmt 0 view .LVU46
 157 0002 68B9     		cbnz	r0, .L12
 435:Core/Src/main.c ****     else if(dpad_left) return 7;
 158              		.loc 1 435 10 is_stmt 1 view .LVU47
 159              		.loc 1 435 12 is_stmt 0 view .LVU48
 160 0004 0AB9     		cbnz	r2, .L15
 436:Core/Src/main.c ****     return 0;
 161              		.loc 1 436 12 view .LVU49
 162 0006 0020     		movs	r0, #0
 163              	.LVL12:
 164              		.loc 1 436 12 view .LVU50
 165 0008 7047     		bx	lr
 166              	.LVL13:
 167              	.L15:
 435:Core/Src/main.c ****     else if(dpad_left) return 7;
 168              		.loc 1 435 31 discriminator 1 view .LVU51
 169 000a 0720     		movs	r0, #7
 170              	.LVL14:
 435:Core/Src/main.c ****     else if(dpad_left) return 7;
 171              		.loc 1 435 31 discriminator 1 view .LVU52
 172 000c 7047     		bx	lr
 173              	.LVL15:
 174              	.L8:
 437:Core/Src/main.c ****   } else if(dpad_right) {
 175              		.loc 1 437 10 is_stmt 1 view .LVU53
 176              		.loc 1 437 12 is_stmt 0 view .LVU54
 177 000e 18B9     		cbnz	r0, .L16
 438:Core/Src/main.c ****     return dpad_down + 2; // E - SE
 439:Core/Src/main.c ****   } else if(dpad_down) {
 178              		.loc 1 439 10 is_stmt 1 view .LVU55
 179              		.loc 1 439 12 is_stmt 0 view .LVU56
 180 0010 21B9     		cbnz	r1, .L17
 440:Core/Src/main.c ****     return dpad_left + 4; // S - SW
 441:Core/Src/main.c ****   } else if(dpad_left) {
 181              		.loc 1 441 10 is_stmt 1 view .LVU57
ARM GAS  /tmp/ccuLnLi8.s 			page 12


 182              		.loc 1 441 12 is_stmt 0 view .LVU58
 183 0012 3AB9     		cbnz	r2, .L14
 442:Core/Src/main.c ****     return 6;
 443:Core/Src/main.c ****   }
 444:Core/Src/main.c ****   return 8; // no direction
 184              		.loc 1 444 10 view .LVU59
 185 0014 0820     		movs	r0, #8
 186              	.LVL16:
 187              		.loc 1 444 10 view .LVU60
 188 0016 7047     		bx	lr
 189              	.LVL17:
 190              	.L16:
 438:Core/Src/main.c ****   } else if(dpad_down) {
 191              		.loc 1 438 5 is_stmt 1 view .LVU61
 438:Core/Src/main.c ****   } else if(dpad_down) {
 192              		.loc 1 438 22 is_stmt 0 view .LVU62
 193 0018 881C     		adds	r0, r1, #2
 194              	.LVL18:
 438:Core/Src/main.c ****   } else if(dpad_down) {
 195              		.loc 1 438 22 view .LVU63
 196 001a 7047     		bx	lr
 197              	.LVL19:
 198              	.L17:
 440:Core/Src/main.c ****     return dpad_left + 4; // S - SW
 199              		.loc 1 440 5 is_stmt 1 view .LVU64
 440:Core/Src/main.c ****     return dpad_left + 4; // S - SW
 200              		.loc 1 440 22 is_stmt 0 view .LVU65
 201 001c 101D     		adds	r0, r2, #4
 202              	.LVL20:
 440:Core/Src/main.c ****     return dpad_left + 4; // S - SW
 203              		.loc 1 440 22 view .LVU66
 204 001e 7047     		bx	lr
 205              	.LVL21:
 206              	.L12:
 434:Core/Src/main.c ****     else if(dpad_left) return 7;
 207              		.loc 1 434 27 discriminator 1 view .LVU67
 208 0020 0120     		movs	r0, #1
 209              	.LVL22:
 434:Core/Src/main.c ****     else if(dpad_left) return 7;
 210              		.loc 1 434 27 discriminator 1 view .LVU68
 211 0022 7047     		bx	lr
 212              	.LVL23:
 213              	.L14:
 442:Core/Src/main.c ****     return 6;
 214              		.loc 1 442 12 view .LVU69
 215 0024 0620     		movs	r0, #6
 216              	.LVL24:
 445:Core/Src/main.c **** }
 217              		.loc 1 445 1 view .LVU70
 218 0026 7047     		bx	lr
 219              		.cfi_endproc
 220              	.LFE77:
 222              		.section	.text.gamepad_update_buttons,"ax",%progbits
 223              		.align	1
 224              		.syntax unified
 225              		.thumb
 226              		.thumb_func
ARM GAS  /tmp/ccuLnLi8.s 			page 13


 228              	gamepad_update_buttons:
 229              	.LFB78:
 446:Core/Src/main.c **** 
 447:Core/Src/main.c **** static void gamepad_update_buttons() {
 230              		.loc 1 447 38 is_stmt 1 view -0
 231              		.cfi_startproc
 232              		@ args = 0, pretend = 0, frame = 0
 233              		@ frame_needed = 0, uses_anonymous_args = 0
 234 0000 10B5     		push	{r4, lr}
 235              	.LCFI1:
 236              		.cfi_def_cfa_offset 8
 237              		.cfi_offset 4, -8
 238              		.cfi_offset 14, -4
 448:Core/Src/main.c ****   gamepad_report.buttons = 0x0000; // 10101010 temp
 239              		.loc 1 448 3 view .LVU72
 240              		.loc 1 448 26 is_stmt 0 view .LVU73
 241 0002 084C     		ldr	r4, .L20
 242 0004 0020     		movs	r0, #0
 243 0006 E071     		strb	r0, [r4, #7]
 244 0008 2072     		strb	r0, [r4, #8]
 449:Core/Src/main.c ****   gamepad_report.hat = 8;        // centred - 0 would read as d-pad up
 245              		.loc 1 449 3 is_stmt 1 view .LVU74
 246              		.loc 1 449 22 is_stmt 0 view .LVU75
 247 000a 0823     		movs	r3, #8
 248 000c A371     		strb	r3, [r4, #6]
 450:Core/Src/main.c ****   gamepad_report.rt = 128;        // triggers released - 0 would read as LT held
 249              		.loc 1 450 3 is_stmt 1 view .LVU76
 250              		.loc 1 450 21 is_stmt 0 view .LVU77
 251 000e 8023     		movs	r3, #128
 252 0010 6371     		strb	r3, [r4, #5]
 451:Core/Src/main.c ****   gamepad_report.lt = 128;        // triggers released - 0 would read as LT held
 253              		.loc 1 451 3 is_stmt 1 view .LVU78
 254              		.loc 1 451 21 is_stmt 0 view .LVU79
 255 0012 A370     		strb	r3, [r4, #2]
 452:Core/Src/main.c ****   gamepad_report.hat = get_dpad(0,0,0,0);
 256              		.loc 1 452 3 is_stmt 1 view .LVU80
 257              		.loc 1 452 24 is_stmt 0 view .LVU81
 258 0014 0346     		mov	r3, r0
 259 0016 0246     		mov	r2, r0
 260 0018 0146     		mov	r1, r0
 261 001a FFF7FEFF 		bl	get_dpad
 262              	.LVL25:
 263              		.loc 1 452 22 discriminator 1 view .LVU82
 264 001e A071     		strb	r0, [r4, #6]
 453:Core/Src/main.c ****   return;
 265              		.loc 1 453 3 is_stmt 1 view .LVU83
 454:Core/Src/main.c ****   // add actual gpio polling later
 455:Core/Src/main.c **** }
 266              		.loc 1 455 1 is_stmt 0 view .LVU84
 267 0020 10BD     		pop	{r4, pc}
 268              	.L21:
 269 0022 00BF     		.align	2
 270              	.L20:
 271 0024 00000000 		.word	gamepad_report
 272              		.cfi_endproc
 273              	.LFE78:
 275              		.section	.text.gamepad_update,"ax",%progbits
ARM GAS  /tmp/ccuLnLi8.s 			page 14


 276              		.align	1
 277              		.syntax unified
 278              		.thumb
 279              		.thumb_func
 281              	gamepad_update:
 282              	.LFB79:
 456:Core/Src/main.c **** 
 457:Core/Src/main.c **** static void gamepad_update() {
 283              		.loc 1 457 30 is_stmt 1 view -0
 284              		.cfi_startproc
 285              		@ args = 0, pretend = 0, frame = 0
 286              		@ frame_needed = 0, uses_anonymous_args = 0
 287 0000 08B5     		push	{r3, lr}
 288              	.LCFI2:
 289              		.cfi_def_cfa_offset 8
 290              		.cfi_offset 3, -8
 291              		.cfi_offset 14, -4
 458:Core/Src/main.c ****   gamepad_update_joysticks();
 292              		.loc 1 458 3 view .LVU86
 293 0002 FFF7FEFF 		bl	gamepad_update_joysticks
 294              	.LVL26:
 459:Core/Src/main.c ****   gamepad_update_buttons();
 295              		.loc 1 459 3 view .LVU87
 296 0006 FFF7FEFF 		bl	gamepad_update_buttons
 297              	.LVL27:
 460:Core/Src/main.c **** }
 298              		.loc 1 460 1 is_stmt 0 view .LVU88
 299 000a 08BD     		pop	{r3, pc}
 300              		.cfi_endproc
 301              	.LFE79:
 303              		.section	.text.MX_GPIO_Init,"ax",%progbits
 304              		.align	1
 305              		.syntax unified
 306              		.thumb
 307              		.thumb_func
 309              	MX_GPIO_Init:
 310              	.LFB74:
 366:Core/Src/main.c ****   GPIO_InitTypeDef GPIO_InitStruct = {0};
 311              		.loc 1 366 1 is_stmt 1 view -0
 312              		.cfi_startproc
 313              		@ args = 0, pretend = 0, frame = 32
 314              		@ frame_needed = 0, uses_anonymous_args = 0
 315 0000 F0B5     		push	{r4, r5, r6, r7, lr}
 316              	.LCFI3:
 317              		.cfi_def_cfa_offset 20
 318              		.cfi_offset 4, -20
 319              		.cfi_offset 5, -16
 320              		.cfi_offset 6, -12
 321              		.cfi_offset 7, -8
 322              		.cfi_offset 14, -4
 323 0002 89B0     		sub	sp, sp, #36
 324              	.LCFI4:
 325              		.cfi_def_cfa_offset 56
 367:Core/Src/main.c ****   /* USER CODE BEGIN MX_GPIO_Init_1 */
 326              		.loc 1 367 3 view .LVU90
 367:Core/Src/main.c ****   /* USER CODE BEGIN MX_GPIO_Init_1 */
 327              		.loc 1 367 20 is_stmt 0 view .LVU91
ARM GAS  /tmp/ccuLnLi8.s 			page 15


 328 0004 04AD     		add	r5, sp, #16
 329 0006 0024     		movs	r4, #0
 330 0008 0494     		str	r4, [sp, #16]
 331 000a 0594     		str	r4, [sp, #20]
 332 000c 0694     		str	r4, [sp, #24]
 333 000e 0794     		str	r4, [sp, #28]
 373:Core/Src/main.c ****   __HAL_RCC_GPIOD_CLK_ENABLE();
 334              		.loc 1 373 3 is_stmt 1 view .LVU92
 335              	.LBB6:
 373:Core/Src/main.c ****   __HAL_RCC_GPIOD_CLK_ENABLE();
 336              		.loc 1 373 3 view .LVU93
 373:Core/Src/main.c ****   __HAL_RCC_GPIOD_CLK_ENABLE();
 337              		.loc 1 373 3 view .LVU94
 338 0010 244B     		ldr	r3, .L26
 339 0012 9A69     		ldr	r2, [r3, #24]
 340 0014 42F01002 		orr	r2, r2, #16
 341 0018 9A61     		str	r2, [r3, #24]
 373:Core/Src/main.c ****   __HAL_RCC_GPIOD_CLK_ENABLE();
 342              		.loc 1 373 3 view .LVU95
 343 001a 9A69     		ldr	r2, [r3, #24]
 344 001c 02F01002 		and	r2, r2, #16
 345 0020 0092     		str	r2, [sp]
 373:Core/Src/main.c ****   __HAL_RCC_GPIOD_CLK_ENABLE();
 346              		.loc 1 373 3 view .LVU96
 347 0022 009A     		ldr	r2, [sp]
 348              	.LBE6:
 373:Core/Src/main.c ****   __HAL_RCC_GPIOD_CLK_ENABLE();
 349              		.loc 1 373 3 view .LVU97
 374:Core/Src/main.c ****   __HAL_RCC_GPIOA_CLK_ENABLE();
 350              		.loc 1 374 3 view .LVU98
 351              	.LBB7:
 374:Core/Src/main.c ****   __HAL_RCC_GPIOA_CLK_ENABLE();
 352              		.loc 1 374 3 view .LVU99
 374:Core/Src/main.c ****   __HAL_RCC_GPIOA_CLK_ENABLE();
 353              		.loc 1 374 3 view .LVU100
 354 0024 9A69     		ldr	r2, [r3, #24]
 355 0026 42F02002 		orr	r2, r2, #32
 356 002a 9A61     		str	r2, [r3, #24]
 374:Core/Src/main.c ****   __HAL_RCC_GPIOA_CLK_ENABLE();
 357              		.loc 1 374 3 view .LVU101
 358 002c 9A69     		ldr	r2, [r3, #24]
 359 002e 02F02002 		and	r2, r2, #32
 360 0032 0192     		str	r2, [sp, #4]
 374:Core/Src/main.c ****   __HAL_RCC_GPIOA_CLK_ENABLE();
 361              		.loc 1 374 3 view .LVU102
 362 0034 019A     		ldr	r2, [sp, #4]
 363              	.LBE7:
 374:Core/Src/main.c ****   __HAL_RCC_GPIOA_CLK_ENABLE();
 364              		.loc 1 374 3 view .LVU103
 375:Core/Src/main.c ****   __HAL_RCC_GPIOB_CLK_ENABLE();
 365              		.loc 1 375 3 view .LVU104
 366              	.LBB8:
 375:Core/Src/main.c ****   __HAL_RCC_GPIOB_CLK_ENABLE();
 367              		.loc 1 375 3 view .LVU105
 375:Core/Src/main.c ****   __HAL_RCC_GPIOB_CLK_ENABLE();
 368              		.loc 1 375 3 view .LVU106
 369 0036 9A69     		ldr	r2, [r3, #24]
ARM GAS  /tmp/ccuLnLi8.s 			page 16


 370 0038 42F00402 		orr	r2, r2, #4
 371 003c 9A61     		str	r2, [r3, #24]
 375:Core/Src/main.c ****   __HAL_RCC_GPIOB_CLK_ENABLE();
 372              		.loc 1 375 3 view .LVU107
 373 003e 9A69     		ldr	r2, [r3, #24]
 374 0040 02F00402 		and	r2, r2, #4
 375 0044 0292     		str	r2, [sp, #8]
 375:Core/Src/main.c ****   __HAL_RCC_GPIOB_CLK_ENABLE();
 376              		.loc 1 375 3 view .LVU108
 377 0046 029A     		ldr	r2, [sp, #8]
 378              	.LBE8:
 375:Core/Src/main.c ****   __HAL_RCC_GPIOB_CLK_ENABLE();
 379              		.loc 1 375 3 view .LVU109
 376:Core/Src/main.c **** 
 380              		.loc 1 376 3 view .LVU110
 381              	.LBB9:
 376:Core/Src/main.c **** 
 382              		.loc 1 376 3 view .LVU111
 376:Core/Src/main.c **** 
 383              		.loc 1 376 3 view .LVU112
 384 0048 9A69     		ldr	r2, [r3, #24]
 385 004a 42F00802 		orr	r2, r2, #8
 386 004e 9A61     		str	r2, [r3, #24]
 376:Core/Src/main.c **** 
 387              		.loc 1 376 3 view .LVU113
 388 0050 9B69     		ldr	r3, [r3, #24]
 389 0052 03F00803 		and	r3, r3, #8
 390 0056 0393     		str	r3, [sp, #12]
 376:Core/Src/main.c **** 
 391              		.loc 1 376 3 view .LVU114
 392 0058 039B     		ldr	r3, [sp, #12]
 393              	.LBE9:
 376:Core/Src/main.c **** 
 394              		.loc 1 376 3 view .LVU115
 379:Core/Src/main.c **** 
 395              		.loc 1 379 3 view .LVU116
 396 005a 134E     		ldr	r6, .L26+4
 397 005c 0122     		movs	r2, #1
 398 005e 4021     		movs	r1, #64
 399 0060 3046     		mov	r0, r6
 400 0062 FFF7FEFF 		bl	HAL_GPIO_WritePin
 401              	.LVL28:
 382:Core/Src/main.c ****   GPIO_InitStruct.Mode = GPIO_MODE_OUTPUT_PP;
 402              		.loc 1 382 3 view .LVU117
 382:Core/Src/main.c ****   GPIO_InitStruct.Mode = GPIO_MODE_OUTPUT_PP;
 403              		.loc 1 382 23 is_stmt 0 view .LVU118
 404 0066 4023     		movs	r3, #64
 405 0068 0493     		str	r3, [sp, #16]
 383:Core/Src/main.c ****   GPIO_InitStruct.Pull = GPIO_NOPULL;
 406              		.loc 1 383 3 is_stmt 1 view .LVU119
 383:Core/Src/main.c ****   GPIO_InitStruct.Pull = GPIO_NOPULL;
 407              		.loc 1 383 24 is_stmt 0 view .LVU120
 408 006a 0123     		movs	r3, #1
 409 006c 0593     		str	r3, [sp, #20]
 384:Core/Src/main.c ****   GPIO_InitStruct.Speed = GPIO_SPEED_FREQ_LOW;
 410              		.loc 1 384 3 is_stmt 1 view .LVU121
 384:Core/Src/main.c ****   GPIO_InitStruct.Speed = GPIO_SPEED_FREQ_LOW;
ARM GAS  /tmp/ccuLnLi8.s 			page 17


 411              		.loc 1 384 24 is_stmt 0 view .LVU122
 412 006e 0694     		str	r4, [sp, #24]
 385:Core/Src/main.c ****   HAL_GPIO_Init(GPIOA, &GPIO_InitStruct);
 413              		.loc 1 385 3 is_stmt 1 view .LVU123
 385:Core/Src/main.c ****   HAL_GPIO_Init(GPIOA, &GPIO_InitStruct);
 414              		.loc 1 385 25 is_stmt 0 view .LVU124
 415 0070 0227     		movs	r7, #2
 416 0072 0797     		str	r7, [sp, #28]
 386:Core/Src/main.c **** 
 417              		.loc 1 386 3 is_stmt 1 view .LVU125
 418 0074 2946     		mov	r1, r5
 419 0076 3046     		mov	r0, r6
 420 0078 FFF7FEFF 		bl	HAL_GPIO_Init
 421              	.LVL29:
 390:Core/Src/main.c ****                           |GPIO_PIN_6|GPIO_PIN_7;
 422              		.loc 1 390 3 view .LVU126
 390:Core/Src/main.c ****                           |GPIO_PIN_6|GPIO_PIN_7;
 423              		.loc 1 390 23 is_stmt 0 view .LVU127
 424 007c 4CF2F003 		movw	r3, #49392
 425 0080 0493     		str	r3, [sp, #16]
 392:Core/Src/main.c ****   GPIO_InitStruct.Pull = GPIO_PULLDOWN;
 426              		.loc 1 392 3 is_stmt 1 view .LVU128
 392:Core/Src/main.c ****   GPIO_InitStruct.Pull = GPIO_PULLDOWN;
 427              		.loc 1 392 24 is_stmt 0 view .LVU129
 428 0082 0594     		str	r4, [sp, #20]
 393:Core/Src/main.c ****   HAL_GPIO_Init(GPIOB, &GPIO_InitStruct);
 429              		.loc 1 393 3 is_stmt 1 view .LVU130
 393:Core/Src/main.c ****   HAL_GPIO_Init(GPIOB, &GPIO_InitStruct);
 430              		.loc 1 393 24 is_stmt 0 view .LVU131
 431 0084 0697     		str	r7, [sp, #24]
 394:Core/Src/main.c **** 
 432              		.loc 1 394 3 is_stmt 1 view .LVU132
 433 0086 2946     		mov	r1, r5
 434 0088 0848     		ldr	r0, .L26+8
 435 008a FFF7FEFF 		bl	HAL_GPIO_Init
 436              	.LVL30:
 397:Core/Src/main.c ****   GPIO_InitStruct.Mode = GPIO_MODE_INPUT;
 437              		.loc 1 397 3 view .LVU133
 397:Core/Src/main.c ****   GPIO_InitStruct.Mode = GPIO_MODE_INPUT;
 438              		.loc 1 397 23 is_stmt 0 view .LVU134
 439 008e 4FF44073 		mov	r3, #768
 440 0092 0493     		str	r3, [sp, #16]
 398:Core/Src/main.c ****   GPIO_InitStruct.Pull = GPIO_PULLDOWN;
 441              		.loc 1 398 3 is_stmt 1 view .LVU135
 398:Core/Src/main.c ****   GPIO_InitStruct.Pull = GPIO_PULLDOWN;
 442              		.loc 1 398 24 is_stmt 0 view .LVU136
 443 0094 0594     		str	r4, [sp, #20]
 399:Core/Src/main.c ****   HAL_GPIO_Init(GPIOA, &GPIO_InitStruct);
 444              		.loc 1 399 3 is_stmt 1 view .LVU137
 399:Core/Src/main.c ****   HAL_GPIO_Init(GPIOA, &GPIO_InitStruct);
 445              		.loc 1 399 24 is_stmt 0 view .LVU138
 446 0096 0697     		str	r7, [sp, #24]
 400:Core/Src/main.c **** 
 447              		.loc 1 400 3 is_stmt 1 view .LVU139
 448 0098 2946     		mov	r1, r5
 449 009a 3046     		mov	r0, r6
 450 009c FFF7FEFF 		bl	HAL_GPIO_Init
ARM GAS  /tmp/ccuLnLi8.s 			page 18


 451              	.LVL31:
 405:Core/Src/main.c **** 
 452              		.loc 1 405 1 is_stmt 0 view .LVU140
 453 00a0 09B0     		add	sp, sp, #36
 454              	.LCFI5:
 455              		.cfi_def_cfa_offset 20
 456              		@ sp needed
 457 00a2 F0BD     		pop	{r4, r5, r6, r7, pc}
 458              	.L27:
 459              		.align	2
 460              	.L26:
 461 00a4 00100240 		.word	1073876992
 462 00a8 00080140 		.word	1073809408
 463 00ac 000C0140 		.word	1073810432
 464              		.cfi_endproc
 465              	.LFE74:
 467              		.section	.text.MX_DMA_Init,"ax",%progbits
 468              		.align	1
 469              		.syntax unified
 470              		.thumb
 471              		.thumb_func
 473              	MX_DMA_Init:
 474              	.LFB73:
 348:Core/Src/main.c **** 
 475              		.loc 1 348 1 is_stmt 1 view -0
 476              		.cfi_startproc
 477              		@ args = 0, pretend = 0, frame = 8
 478              		@ frame_needed = 0, uses_anonymous_args = 0
 479 0000 00B5     		push	{lr}
 480              	.LCFI6:
 481              		.cfi_def_cfa_offset 4
 482              		.cfi_offset 14, -4
 483 0002 83B0     		sub	sp, sp, #12
 484              	.LCFI7:
 485              		.cfi_def_cfa_offset 16
 351:Core/Src/main.c **** 
 486              		.loc 1 351 3 view .LVU142
 487              	.LBB10:
 351:Core/Src/main.c **** 
 488              		.loc 1 351 3 view .LVU143
 351:Core/Src/main.c **** 
 489              		.loc 1 351 3 view .LVU144
 490 0004 0A4B     		ldr	r3, .L30
 491 0006 5A69     		ldr	r2, [r3, #20]
 492 0008 42F00102 		orr	r2, r2, #1
 493 000c 5A61     		str	r2, [r3, #20]
 351:Core/Src/main.c **** 
 494              		.loc 1 351 3 view .LVU145
 495 000e 5B69     		ldr	r3, [r3, #20]
 496 0010 03F00103 		and	r3, r3, #1
 497 0014 0193     		str	r3, [sp, #4]
 351:Core/Src/main.c **** 
 498              		.loc 1 351 3 view .LVU146
 499 0016 019B     		ldr	r3, [sp, #4]
 500              	.LBE10:
 351:Core/Src/main.c **** 
 501              		.loc 1 351 3 view .LVU147
ARM GAS  /tmp/ccuLnLi8.s 			page 19


 355:Core/Src/main.c ****   HAL_NVIC_EnableIRQ(DMA1_Channel1_IRQn);
 502              		.loc 1 355 3 view .LVU148
 503 0018 0022     		movs	r2, #0
 504 001a 1146     		mov	r1, r2
 505 001c 0B20     		movs	r0, #11
 506 001e FFF7FEFF 		bl	HAL_NVIC_SetPriority
 507              	.LVL32:
 356:Core/Src/main.c **** 
 508              		.loc 1 356 3 view .LVU149
 509 0022 0B20     		movs	r0, #11
 510 0024 FFF7FEFF 		bl	HAL_NVIC_EnableIRQ
 511              	.LVL33:
 358:Core/Src/main.c **** 
 512              		.loc 1 358 1 is_stmt 0 view .LVU150
 513 0028 03B0     		add	sp, sp, #12
 514              	.LCFI8:
 515              		.cfi_def_cfa_offset 4
 516              		@ sp needed
 517 002a 5DF804FB 		ldr	pc, [sp], #4
 518              	.L31:
 519 002e 00BF     		.align	2
 520              	.L30:
 521 0030 00100240 		.word	1073876992
 522              		.cfi_endproc
 523              	.LFE73:
 525              		.section	.text.Error_Handler,"ax",%progbits
 526              		.align	1
 527              		.global	Error_Handler
 528              		.syntax unified
 529              		.thumb
 530              		.thumb_func
 532              	Error_Handler:
 533              	.LFB80:
 461:Core/Src/main.c **** 
 462:Core/Src/main.c **** /* USER CODE END 4 */
 463:Core/Src/main.c **** 
 464:Core/Src/main.c **** /**
 465:Core/Src/main.c ****   * @brief  This function is executed in case of error occurrence.
 466:Core/Src/main.c ****   * @retval None
 467:Core/Src/main.c ****   */
 468:Core/Src/main.c **** void Error_Handler(void)
 469:Core/Src/main.c **** {
 534              		.loc 1 469 1 is_stmt 1 view -0
 535              		.cfi_startproc
 536              		@ Volatile: function does not return.
 537              		@ args = 0, pretend = 0, frame = 0
 538              		@ frame_needed = 0, uses_anonymous_args = 0
 539              		@ link register save eliminated.
 470:Core/Src/main.c ****   /* USER CODE BEGIN Error_Handler_Debug */
 471:Core/Src/main.c ****   /* User can add his own implementation to report the HAL error return state */
 472:Core/Src/main.c ****   __disable_irq();
 540              		.loc 1 472 3 view .LVU152
 541              	.LBB11:
 542              	.LBI11:
 543              		.file 2 "Drivers/CMSIS/Include/cmsis_gcc.h"
   1:Drivers/CMSIS/Include/cmsis_gcc.h **** /**************************************************************************//**
   2:Drivers/CMSIS/Include/cmsis_gcc.h ****  * @file     cmsis_gcc.h
ARM GAS  /tmp/ccuLnLi8.s 			page 20


   3:Drivers/CMSIS/Include/cmsis_gcc.h ****  * @brief    CMSIS compiler GCC header file
   4:Drivers/CMSIS/Include/cmsis_gcc.h ****  * @version  V5.0.4
   5:Drivers/CMSIS/Include/cmsis_gcc.h ****  * @date     09. April 2018
   6:Drivers/CMSIS/Include/cmsis_gcc.h ****  ******************************************************************************/
   7:Drivers/CMSIS/Include/cmsis_gcc.h **** /*
   8:Drivers/CMSIS/Include/cmsis_gcc.h ****  * Copyright (c) 2009-2018 Arm Limited. All rights reserved.
   9:Drivers/CMSIS/Include/cmsis_gcc.h ****  *
  10:Drivers/CMSIS/Include/cmsis_gcc.h ****  * SPDX-License-Identifier: Apache-2.0
  11:Drivers/CMSIS/Include/cmsis_gcc.h ****  *
  12:Drivers/CMSIS/Include/cmsis_gcc.h ****  * Licensed under the Apache License, Version 2.0 (the License); you may
  13:Drivers/CMSIS/Include/cmsis_gcc.h ****  * not use this file except in compliance with the License.
  14:Drivers/CMSIS/Include/cmsis_gcc.h ****  * You may obtain a copy of the License at
  15:Drivers/CMSIS/Include/cmsis_gcc.h ****  *
  16:Drivers/CMSIS/Include/cmsis_gcc.h ****  * www.apache.org/licenses/LICENSE-2.0
  17:Drivers/CMSIS/Include/cmsis_gcc.h ****  *
  18:Drivers/CMSIS/Include/cmsis_gcc.h ****  * Unless required by applicable law or agreed to in writing, software
  19:Drivers/CMSIS/Include/cmsis_gcc.h ****  * distributed under the License is distributed on an AS IS BASIS, WITHOUT
  20:Drivers/CMSIS/Include/cmsis_gcc.h ****  * WARRANTIES OR CONDITIONS OF ANY KIND, either express or implied.
  21:Drivers/CMSIS/Include/cmsis_gcc.h ****  * See the License for the specific language governing permissions and
  22:Drivers/CMSIS/Include/cmsis_gcc.h ****  * limitations under the License.
  23:Drivers/CMSIS/Include/cmsis_gcc.h ****  */
  24:Drivers/CMSIS/Include/cmsis_gcc.h **** 
  25:Drivers/CMSIS/Include/cmsis_gcc.h **** #ifndef __CMSIS_GCC_H
  26:Drivers/CMSIS/Include/cmsis_gcc.h **** #define __CMSIS_GCC_H
  27:Drivers/CMSIS/Include/cmsis_gcc.h **** 
  28:Drivers/CMSIS/Include/cmsis_gcc.h **** /* ignore some GCC warnings */
  29:Drivers/CMSIS/Include/cmsis_gcc.h **** #pragma GCC diagnostic push
  30:Drivers/CMSIS/Include/cmsis_gcc.h **** #pragma GCC diagnostic ignored "-Wsign-conversion"
  31:Drivers/CMSIS/Include/cmsis_gcc.h **** #pragma GCC diagnostic ignored "-Wconversion"
  32:Drivers/CMSIS/Include/cmsis_gcc.h **** #pragma GCC diagnostic ignored "-Wunused-parameter"
  33:Drivers/CMSIS/Include/cmsis_gcc.h **** 
  34:Drivers/CMSIS/Include/cmsis_gcc.h **** /* Fallback for __has_builtin */
  35:Drivers/CMSIS/Include/cmsis_gcc.h **** #ifndef __has_builtin
  36:Drivers/CMSIS/Include/cmsis_gcc.h ****   #define __has_builtin(x) (0)
  37:Drivers/CMSIS/Include/cmsis_gcc.h **** #endif
  38:Drivers/CMSIS/Include/cmsis_gcc.h **** 
  39:Drivers/CMSIS/Include/cmsis_gcc.h **** /* CMSIS compiler specific defines */
  40:Drivers/CMSIS/Include/cmsis_gcc.h **** #ifndef   __ASM
  41:Drivers/CMSIS/Include/cmsis_gcc.h ****   #define __ASM                                  __asm
  42:Drivers/CMSIS/Include/cmsis_gcc.h **** #endif
  43:Drivers/CMSIS/Include/cmsis_gcc.h **** #ifndef   __INLINE
  44:Drivers/CMSIS/Include/cmsis_gcc.h ****   #define __INLINE                               inline
  45:Drivers/CMSIS/Include/cmsis_gcc.h **** #endif
  46:Drivers/CMSIS/Include/cmsis_gcc.h **** #ifndef   __STATIC_INLINE
  47:Drivers/CMSIS/Include/cmsis_gcc.h ****   #define __STATIC_INLINE                        static inline
  48:Drivers/CMSIS/Include/cmsis_gcc.h **** #endif
  49:Drivers/CMSIS/Include/cmsis_gcc.h **** #ifndef   __STATIC_FORCEINLINE                 
  50:Drivers/CMSIS/Include/cmsis_gcc.h ****   #define __STATIC_FORCEINLINE                   __attribute__((always_inline)) static inline
  51:Drivers/CMSIS/Include/cmsis_gcc.h **** #endif                                           
  52:Drivers/CMSIS/Include/cmsis_gcc.h **** #ifndef   __NO_RETURN
  53:Drivers/CMSIS/Include/cmsis_gcc.h ****   #define __NO_RETURN                            __attribute__((__noreturn__))
  54:Drivers/CMSIS/Include/cmsis_gcc.h **** #endif
  55:Drivers/CMSIS/Include/cmsis_gcc.h **** #ifndef   __USED
  56:Drivers/CMSIS/Include/cmsis_gcc.h ****   #define __USED                                 __attribute__((used))
  57:Drivers/CMSIS/Include/cmsis_gcc.h **** #endif
  58:Drivers/CMSIS/Include/cmsis_gcc.h **** #ifndef   __WEAK
  59:Drivers/CMSIS/Include/cmsis_gcc.h ****   #define __WEAK                                 __attribute__((weak))
ARM GAS  /tmp/ccuLnLi8.s 			page 21


  60:Drivers/CMSIS/Include/cmsis_gcc.h **** #endif
  61:Drivers/CMSIS/Include/cmsis_gcc.h **** #ifndef   __PACKED
  62:Drivers/CMSIS/Include/cmsis_gcc.h ****   #define __PACKED                               __attribute__((packed, aligned(1)))
  63:Drivers/CMSIS/Include/cmsis_gcc.h **** #endif
  64:Drivers/CMSIS/Include/cmsis_gcc.h **** #ifndef   __PACKED_STRUCT
  65:Drivers/CMSIS/Include/cmsis_gcc.h ****   #define __PACKED_STRUCT                        struct __attribute__((packed, aligned(1)))
  66:Drivers/CMSIS/Include/cmsis_gcc.h **** #endif
  67:Drivers/CMSIS/Include/cmsis_gcc.h **** #ifndef   __PACKED_UNION
  68:Drivers/CMSIS/Include/cmsis_gcc.h ****   #define __PACKED_UNION                         union __attribute__((packed, aligned(1)))
  69:Drivers/CMSIS/Include/cmsis_gcc.h **** #endif
  70:Drivers/CMSIS/Include/cmsis_gcc.h **** #ifndef   __UNALIGNED_UINT32        /* deprecated */
  71:Drivers/CMSIS/Include/cmsis_gcc.h ****   #pragma GCC diagnostic push
  72:Drivers/CMSIS/Include/cmsis_gcc.h ****   #pragma GCC diagnostic ignored "-Wpacked"
  73:Drivers/CMSIS/Include/cmsis_gcc.h ****   #pragma GCC diagnostic ignored "-Wattributes"
  74:Drivers/CMSIS/Include/cmsis_gcc.h ****   struct __attribute__((packed)) T_UINT32 { uint32_t v; };
  75:Drivers/CMSIS/Include/cmsis_gcc.h ****   #pragma GCC diagnostic pop
  76:Drivers/CMSIS/Include/cmsis_gcc.h ****   #define __UNALIGNED_UINT32(x)                  (((struct T_UINT32 *)(x))->v)
  77:Drivers/CMSIS/Include/cmsis_gcc.h **** #endif
  78:Drivers/CMSIS/Include/cmsis_gcc.h **** #ifndef   __UNALIGNED_UINT16_WRITE
  79:Drivers/CMSIS/Include/cmsis_gcc.h ****   #pragma GCC diagnostic push
  80:Drivers/CMSIS/Include/cmsis_gcc.h ****   #pragma GCC diagnostic ignored "-Wpacked"
  81:Drivers/CMSIS/Include/cmsis_gcc.h ****   #pragma GCC diagnostic ignored "-Wattributes"
  82:Drivers/CMSIS/Include/cmsis_gcc.h ****   __PACKED_STRUCT T_UINT16_WRITE { uint16_t v; };
  83:Drivers/CMSIS/Include/cmsis_gcc.h ****   #pragma GCC diagnostic pop
  84:Drivers/CMSIS/Include/cmsis_gcc.h ****   #define __UNALIGNED_UINT16_WRITE(addr, val)    (void)((((struct T_UINT16_WRITE *)(void *)(addr))-
  85:Drivers/CMSIS/Include/cmsis_gcc.h **** #endif
  86:Drivers/CMSIS/Include/cmsis_gcc.h **** #ifndef   __UNALIGNED_UINT16_READ
  87:Drivers/CMSIS/Include/cmsis_gcc.h ****   #pragma GCC diagnostic push
  88:Drivers/CMSIS/Include/cmsis_gcc.h ****   #pragma GCC diagnostic ignored "-Wpacked"
  89:Drivers/CMSIS/Include/cmsis_gcc.h ****   #pragma GCC diagnostic ignored "-Wattributes"
  90:Drivers/CMSIS/Include/cmsis_gcc.h ****   __PACKED_STRUCT T_UINT16_READ { uint16_t v; };
  91:Drivers/CMSIS/Include/cmsis_gcc.h ****   #pragma GCC diagnostic pop
  92:Drivers/CMSIS/Include/cmsis_gcc.h ****   #define __UNALIGNED_UINT16_READ(addr)          (((const struct T_UINT16_READ *)(const void *)(add
  93:Drivers/CMSIS/Include/cmsis_gcc.h **** #endif
  94:Drivers/CMSIS/Include/cmsis_gcc.h **** #ifndef   __UNALIGNED_UINT32_WRITE
  95:Drivers/CMSIS/Include/cmsis_gcc.h ****   #pragma GCC diagnostic push
  96:Drivers/CMSIS/Include/cmsis_gcc.h ****   #pragma GCC diagnostic ignored "-Wpacked"
  97:Drivers/CMSIS/Include/cmsis_gcc.h ****   #pragma GCC diagnostic ignored "-Wattributes"
  98:Drivers/CMSIS/Include/cmsis_gcc.h ****   __PACKED_STRUCT T_UINT32_WRITE { uint32_t v; };
  99:Drivers/CMSIS/Include/cmsis_gcc.h ****   #pragma GCC diagnostic pop
 100:Drivers/CMSIS/Include/cmsis_gcc.h ****   #define __UNALIGNED_UINT32_WRITE(addr, val)    (void)((((struct T_UINT32_WRITE *)(void *)(addr))-
 101:Drivers/CMSIS/Include/cmsis_gcc.h **** #endif
 102:Drivers/CMSIS/Include/cmsis_gcc.h **** #ifndef   __UNALIGNED_UINT32_READ
 103:Drivers/CMSIS/Include/cmsis_gcc.h ****   #pragma GCC diagnostic push
 104:Drivers/CMSIS/Include/cmsis_gcc.h ****   #pragma GCC diagnostic ignored "-Wpacked"
 105:Drivers/CMSIS/Include/cmsis_gcc.h ****   #pragma GCC diagnostic ignored "-Wattributes"
 106:Drivers/CMSIS/Include/cmsis_gcc.h ****   __PACKED_STRUCT T_UINT32_READ { uint32_t v; };
 107:Drivers/CMSIS/Include/cmsis_gcc.h ****   #pragma GCC diagnostic pop
 108:Drivers/CMSIS/Include/cmsis_gcc.h ****   #define __UNALIGNED_UINT32_READ(addr)          (((const struct T_UINT32_READ *)(const void *)(add
 109:Drivers/CMSIS/Include/cmsis_gcc.h **** #endif
 110:Drivers/CMSIS/Include/cmsis_gcc.h **** #ifndef   __ALIGNED
 111:Drivers/CMSIS/Include/cmsis_gcc.h ****   #define __ALIGNED(x)                           __attribute__((aligned(x)))
 112:Drivers/CMSIS/Include/cmsis_gcc.h **** #endif
 113:Drivers/CMSIS/Include/cmsis_gcc.h **** #ifndef   __RESTRICT
 114:Drivers/CMSIS/Include/cmsis_gcc.h ****   #define __RESTRICT                             __restrict
 115:Drivers/CMSIS/Include/cmsis_gcc.h **** #endif
 116:Drivers/CMSIS/Include/cmsis_gcc.h **** 
ARM GAS  /tmp/ccuLnLi8.s 			page 22


 117:Drivers/CMSIS/Include/cmsis_gcc.h **** 
 118:Drivers/CMSIS/Include/cmsis_gcc.h **** /* ###########################  Core Function Access  ########################### */
 119:Drivers/CMSIS/Include/cmsis_gcc.h **** /** \ingroup  CMSIS_Core_FunctionInterface
 120:Drivers/CMSIS/Include/cmsis_gcc.h ****     \defgroup CMSIS_Core_RegAccFunctions CMSIS Core Register Access Functions
 121:Drivers/CMSIS/Include/cmsis_gcc.h ****   @{
 122:Drivers/CMSIS/Include/cmsis_gcc.h ****  */
 123:Drivers/CMSIS/Include/cmsis_gcc.h **** 
 124:Drivers/CMSIS/Include/cmsis_gcc.h **** /**
 125:Drivers/CMSIS/Include/cmsis_gcc.h ****   \brief   Enable IRQ Interrupts
 126:Drivers/CMSIS/Include/cmsis_gcc.h ****   \details Enables IRQ interrupts by clearing the I-bit in the CPSR.
 127:Drivers/CMSIS/Include/cmsis_gcc.h ****            Can only be executed in Privileged modes.
 128:Drivers/CMSIS/Include/cmsis_gcc.h ****  */
 129:Drivers/CMSIS/Include/cmsis_gcc.h **** __STATIC_FORCEINLINE void __enable_irq(void)
 130:Drivers/CMSIS/Include/cmsis_gcc.h **** {
 131:Drivers/CMSIS/Include/cmsis_gcc.h ****   __ASM volatile ("cpsie i" : : : "memory");
 132:Drivers/CMSIS/Include/cmsis_gcc.h **** }
 133:Drivers/CMSIS/Include/cmsis_gcc.h **** 
 134:Drivers/CMSIS/Include/cmsis_gcc.h **** 
 135:Drivers/CMSIS/Include/cmsis_gcc.h **** /**
 136:Drivers/CMSIS/Include/cmsis_gcc.h ****   \brief   Disable IRQ Interrupts
 137:Drivers/CMSIS/Include/cmsis_gcc.h ****   \details Disables IRQ interrupts by setting the I-bit in the CPSR.
 138:Drivers/CMSIS/Include/cmsis_gcc.h ****            Can only be executed in Privileged modes.
 139:Drivers/CMSIS/Include/cmsis_gcc.h ****  */
 140:Drivers/CMSIS/Include/cmsis_gcc.h **** __STATIC_FORCEINLINE void __disable_irq(void)
 544              		.loc 2 140 27 view .LVU153
 545              	.LBB12:
 141:Drivers/CMSIS/Include/cmsis_gcc.h **** {
 142:Drivers/CMSIS/Include/cmsis_gcc.h ****   __ASM volatile ("cpsid i" : : : "memory");
 546              		.loc 2 142 3 view .LVU154
 547              		.syntax unified
 548              	@ 142 "Drivers/CMSIS/Include/cmsis_gcc.h" 1
 549 0000 72B6     		cpsid i
 550              	@ 0 "" 2
 551              		.thumb
 552              		.syntax unified
 553              	.L33:
 554              	.LBE12:
 555              	.LBE11:
 473:Core/Src/main.c ****   while (1)
 556              		.loc 1 473 3 view .LVU155
 474:Core/Src/main.c ****   {
 475:Core/Src/main.c ****   }
 557              		.loc 1 475 3 view .LVU156
 473:Core/Src/main.c ****   while (1)
 558              		.loc 1 473 9 view .LVU157
 559 0002 FEE7     		b	.L33
 560              		.cfi_endproc
 561              	.LFE80:
 563              		.section	.text.MX_ADC1_Init,"ax",%progbits
 564              		.align	1
 565              		.syntax unified
 566              		.thumb
 567              		.thumb_func
 569              	MX_ADC1_Init:
 570              	.LFB70:
 200:Core/Src/main.c **** 
 571              		.loc 1 200 1 view -0
ARM GAS  /tmp/ccuLnLi8.s 			page 23


 572              		.cfi_startproc
 573              		@ args = 0, pretend = 0, frame = 16
 574              		@ frame_needed = 0, uses_anonymous_args = 0
 575 0000 00B5     		push	{lr}
 576              	.LCFI9:
 577              		.cfi_def_cfa_offset 4
 578              		.cfi_offset 14, -4
 579 0002 85B0     		sub	sp, sp, #20
 580              	.LCFI10:
 581              		.cfi_def_cfa_offset 24
 206:Core/Src/main.c **** 
 582              		.loc 1 206 3 view .LVU159
 206:Core/Src/main.c **** 
 583              		.loc 1 206 26 is_stmt 0 view .LVU160
 584 0004 0023     		movs	r3, #0
 585 0006 0193     		str	r3, [sp, #4]
 586 0008 0293     		str	r3, [sp, #8]
 587 000a 0393     		str	r3, [sp, #12]
 214:Core/Src/main.c ****   hadc1.Init.ScanConvMode = ADC_SCAN_ENABLE;
 588              		.loc 1 214 3 is_stmt 1 view .LVU161
 214:Core/Src/main.c ****   hadc1.Init.ScanConvMode = ADC_SCAN_ENABLE;
 589              		.loc 1 214 18 is_stmt 0 view .LVU162
 590 000c 2148     		ldr	r0, .L46
 591 000e 224A     		ldr	r2, .L46+4
 592 0010 0260     		str	r2, [r0]
 215:Core/Src/main.c ****   hadc1.Init.ContinuousConvMode = ENABLE;
 593              		.loc 1 215 3 is_stmt 1 view .LVU163
 215:Core/Src/main.c ****   hadc1.Init.ContinuousConvMode = ENABLE;
 594              		.loc 1 215 27 is_stmt 0 view .LVU164
 595 0012 4FF48072 		mov	r2, #256
 596 0016 8260     		str	r2, [r0, #8]
 216:Core/Src/main.c ****   hadc1.Init.DiscontinuousConvMode = DISABLE;
 597              		.loc 1 216 3 is_stmt 1 view .LVU165
 216:Core/Src/main.c ****   hadc1.Init.DiscontinuousConvMode = DISABLE;
 598              		.loc 1 216 33 is_stmt 0 view .LVU166
 599 0018 0122     		movs	r2, #1
 600 001a 0273     		strb	r2, [r0, #12]
 217:Core/Src/main.c ****   hadc1.Init.ExternalTrigConv = ADC_SOFTWARE_START;
 601              		.loc 1 217 3 is_stmt 1 view .LVU167
 217:Core/Src/main.c ****   hadc1.Init.ExternalTrigConv = ADC_SOFTWARE_START;
 602              		.loc 1 217 36 is_stmt 0 view .LVU168
 603 001c 0375     		strb	r3, [r0, #20]
 218:Core/Src/main.c ****   hadc1.Init.DataAlign = ADC_DATAALIGN_RIGHT;
 604              		.loc 1 218 3 is_stmt 1 view .LVU169
 218:Core/Src/main.c ****   hadc1.Init.DataAlign = ADC_DATAALIGN_RIGHT;
 605              		.loc 1 218 31 is_stmt 0 view .LVU170
 606 001e 4FF46022 		mov	r2, #917504
 607 0022 C261     		str	r2, [r0, #28]
 219:Core/Src/main.c ****   hadc1.Init.NbrOfConversion = 4;
 608              		.loc 1 219 3 is_stmt 1 view .LVU171
 219:Core/Src/main.c ****   hadc1.Init.NbrOfConversion = 4;
 609              		.loc 1 219 24 is_stmt 0 view .LVU172
 610 0024 4360     		str	r3, [r0, #4]
 220:Core/Src/main.c ****   if (HAL_ADC_Init(&hadc1) != HAL_OK)
 611              		.loc 1 220 3 is_stmt 1 view .LVU173
 220:Core/Src/main.c ****   if (HAL_ADC_Init(&hadc1) != HAL_OK)
 612              		.loc 1 220 30 is_stmt 0 view .LVU174
ARM GAS  /tmp/ccuLnLi8.s 			page 24


 613 0026 0423     		movs	r3, #4
 614 0028 0361     		str	r3, [r0, #16]
 221:Core/Src/main.c ****   {
 615              		.loc 1 221 3 is_stmt 1 view .LVU175
 221:Core/Src/main.c ****   {
 616              		.loc 1 221 7 is_stmt 0 view .LVU176
 617 002a FFF7FEFF 		bl	HAL_ADC_Init
 618              	.LVL34:
 221:Core/Src/main.c ****   {
 619              		.loc 1 221 6 discriminator 1 view .LVU177
 620 002e 38BB     		cbnz	r0, .L41
 228:Core/Src/main.c ****   sConfig.Rank = ADC_REGULAR_RANK_1;
 621              		.loc 1 228 3 is_stmt 1 view .LVU178
 228:Core/Src/main.c ****   sConfig.Rank = ADC_REGULAR_RANK_1;
 622              		.loc 1 228 19 is_stmt 0 view .LVU179
 623 0030 0123     		movs	r3, #1
 624 0032 0193     		str	r3, [sp, #4]
 229:Core/Src/main.c ****   sConfig.SamplingTime = ADC_SAMPLETIME_13CYCLES_5;
 625              		.loc 1 229 3 is_stmt 1 view .LVU180
 229:Core/Src/main.c ****   sConfig.SamplingTime = ADC_SAMPLETIME_13CYCLES_5;
 626              		.loc 1 229 16 is_stmt 0 view .LVU181
 627 0034 0293     		str	r3, [sp, #8]
 230:Core/Src/main.c ****   if (HAL_ADC_ConfigChannel(&hadc1, &sConfig) != HAL_OK)
 628              		.loc 1 230 3 is_stmt 1 view .LVU182
 230:Core/Src/main.c ****   if (HAL_ADC_ConfigChannel(&hadc1, &sConfig) != HAL_OK)
 629              		.loc 1 230 24 is_stmt 0 view .LVU183
 630 0036 0223     		movs	r3, #2
 631 0038 0393     		str	r3, [sp, #12]
 231:Core/Src/main.c ****   {
 632              		.loc 1 231 3 is_stmt 1 view .LVU184
 231:Core/Src/main.c ****   {
 633              		.loc 1 231 7 is_stmt 0 view .LVU185
 634 003a 01A9     		add	r1, sp, #4
 635 003c 1548     		ldr	r0, .L46
 636 003e FFF7FEFF 		bl	HAL_ADC_ConfigChannel
 637              	.LVL35:
 231:Core/Src/main.c ****   {
 638              		.loc 1 231 6 discriminator 1 view .LVU186
 639 0042 F8B9     		cbnz	r0, .L42
 238:Core/Src/main.c ****   sConfig.Rank = ADC_REGULAR_RANK_2;
 640              		.loc 1 238 3 is_stmt 1 view .LVU187
 238:Core/Src/main.c ****   sConfig.Rank = ADC_REGULAR_RANK_2;
 641              		.loc 1 238 19 is_stmt 0 view .LVU188
 642 0044 0223     		movs	r3, #2
 643 0046 0193     		str	r3, [sp, #4]
 239:Core/Src/main.c ****   if (HAL_ADC_ConfigChannel(&hadc1, &sConfig) != HAL_OK)
 644              		.loc 1 239 3 is_stmt 1 view .LVU189
 239:Core/Src/main.c ****   if (HAL_ADC_ConfigChannel(&hadc1, &sConfig) != HAL_OK)
 645              		.loc 1 239 16 is_stmt 0 view .LVU190
 646 0048 0293     		str	r3, [sp, #8]
 240:Core/Src/main.c ****   {
 647              		.loc 1 240 3 is_stmt 1 view .LVU191
 240:Core/Src/main.c ****   {
 648              		.loc 1 240 7 is_stmt 0 view .LVU192
 649 004a 01A9     		add	r1, sp, #4
 650 004c 1148     		ldr	r0, .L46
 651 004e FFF7FEFF 		bl	HAL_ADC_ConfigChannel
ARM GAS  /tmp/ccuLnLi8.s 			page 25


 652              	.LVL36:
 240:Core/Src/main.c ****   {
 653              		.loc 1 240 6 discriminator 1 view .LVU193
 654 0052 C8B9     		cbnz	r0, .L43
 247:Core/Src/main.c ****   sConfig.Rank = ADC_REGULAR_RANK_3;
 655              		.loc 1 247 3 is_stmt 1 view .LVU194
 247:Core/Src/main.c ****   sConfig.Rank = ADC_REGULAR_RANK_3;
 656              		.loc 1 247 19 is_stmt 0 view .LVU195
 657 0054 0423     		movs	r3, #4
 658 0056 0193     		str	r3, [sp, #4]
 248:Core/Src/main.c ****   if (HAL_ADC_ConfigChannel(&hadc1, &sConfig) != HAL_OK)
 659              		.loc 1 248 3 is_stmt 1 view .LVU196
 248:Core/Src/main.c ****   if (HAL_ADC_ConfigChannel(&hadc1, &sConfig) != HAL_OK)
 660              		.loc 1 248 16 is_stmt 0 view .LVU197
 661 0058 0323     		movs	r3, #3
 662 005a 0293     		str	r3, [sp, #8]
 249:Core/Src/main.c ****   {
 663              		.loc 1 249 3 is_stmt 1 view .LVU198
 249:Core/Src/main.c ****   {
 664              		.loc 1 249 7 is_stmt 0 view .LVU199
 665 005c 01A9     		add	r1, sp, #4
 666 005e 0D48     		ldr	r0, .L46
 667 0060 FFF7FEFF 		bl	HAL_ADC_ConfigChannel
 668              	.LVL37:
 249:Core/Src/main.c ****   {
 669              		.loc 1 249 6 discriminator 1 view .LVU200
 670 0064 90B9     		cbnz	r0, .L44
 256:Core/Src/main.c ****   sConfig.Rank = ADC_REGULAR_RANK_4;
 671              		.loc 1 256 3 is_stmt 1 view .LVU201
 256:Core/Src/main.c ****   sConfig.Rank = ADC_REGULAR_RANK_4;
 672              		.loc 1 256 19 is_stmt 0 view .LVU202
 673 0066 0523     		movs	r3, #5
 674 0068 0193     		str	r3, [sp, #4]
 257:Core/Src/main.c ****   if (HAL_ADC_ConfigChannel(&hadc1, &sConfig) != HAL_OK)
 675              		.loc 1 257 3 is_stmt 1 view .LVU203
 257:Core/Src/main.c ****   if (HAL_ADC_ConfigChannel(&hadc1, &sConfig) != HAL_OK)
 676              		.loc 1 257 16 is_stmt 0 view .LVU204
 677 006a 0423     		movs	r3, #4
 678 006c 0293     		str	r3, [sp, #8]
 258:Core/Src/main.c ****   {
 679              		.loc 1 258 3 is_stmt 1 view .LVU205
 258:Core/Src/main.c ****   {
 680              		.loc 1 258 7 is_stmt 0 view .LVU206
 681 006e 0DEB0301 		add	r1, sp, r3
 682 0072 0848     		ldr	r0, .L46
 683 0074 FFF7FEFF 		bl	HAL_ADC_ConfigChannel
 684              	.LVL38:
 258:Core/Src/main.c ****   {
 685              		.loc 1 258 6 discriminator 1 view .LVU207
 686 0078 50B9     		cbnz	r0, .L45
 266:Core/Src/main.c **** 
 687              		.loc 1 266 1 view .LVU208
 688 007a 05B0     		add	sp, sp, #20
 689              	.LCFI11:
 690              		.cfi_remember_state
 691              		.cfi_def_cfa_offset 4
 692              		@ sp needed
ARM GAS  /tmp/ccuLnLi8.s 			page 26


 693 007c 5DF804FB 		ldr	pc, [sp], #4
 694              	.L41:
 695              	.LCFI12:
 696              		.cfi_restore_state
 223:Core/Src/main.c ****   }
 697              		.loc 1 223 5 is_stmt 1 view .LVU209
 698 0080 FFF7FEFF 		bl	Error_Handler
 699              	.LVL39:
 700              	.L42:
 233:Core/Src/main.c ****   }
 701              		.loc 1 233 5 view .LVU210
 702 0084 FFF7FEFF 		bl	Error_Handler
 703              	.LVL40:
 704              	.L43:
 242:Core/Src/main.c ****   }
 705              		.loc 1 242 5 view .LVU211
 706 0088 FFF7FEFF 		bl	Error_Handler
 707              	.LVL41:
 708              	.L44:
 251:Core/Src/main.c ****   }
 709              		.loc 1 251 5 view .LVU212
 710 008c FFF7FEFF 		bl	Error_Handler
 711              	.LVL42:
 712              	.L45:
 260:Core/Src/main.c ****   }
 713              		.loc 1 260 5 view .LVU213
 714 0090 FFF7FEFF 		bl	Error_Handler
 715              	.LVL43:
 716              	.L47:
 717              		.align	2
 718              	.L46:
 719 0094 00000000 		.word	hadc1
 720 0098 00240140 		.word	1073816576
 721              		.cfi_endproc
 722              	.LFE70:
 724              		.section	.text.MX_RTC_Init,"ax",%progbits
 725              		.align	1
 726              		.syntax unified
 727              		.thumb
 728              		.thumb_func
 730              	MX_RTC_Init:
 731              	.LFB71:
 274:Core/Src/main.c **** 
 732              		.loc 1 274 1 view -0
 733              		.cfi_startproc
 734              		@ args = 0, pretend = 0, frame = 0
 735              		@ frame_needed = 0, uses_anonymous_args = 0
 736 0000 08B5     		push	{r3, lr}
 737              	.LCFI13:
 738              		.cfi_def_cfa_offset 8
 739              		.cfi_offset 3, -8
 740              		.cfi_offset 14, -4
 286:Core/Src/main.c ****   hrtc.Init.AsynchPrediv = RTC_AUTO_1_SECOND;
 741              		.loc 1 286 3 view .LVU215
 286:Core/Src/main.c ****   hrtc.Init.AsynchPrediv = RTC_AUTO_1_SECOND;
 742              		.loc 1 286 17 is_stmt 0 view .LVU216
 743 0002 0748     		ldr	r0, .L52
ARM GAS  /tmp/ccuLnLi8.s 			page 27


 744 0004 074B     		ldr	r3, .L52+4
 745 0006 0360     		str	r3, [r0]
 287:Core/Src/main.c ****   hrtc.Init.OutPut = RTC_OUTPUTSOURCE_ALARM;
 746              		.loc 1 287 3 is_stmt 1 view .LVU217
 287:Core/Src/main.c ****   hrtc.Init.OutPut = RTC_OUTPUTSOURCE_ALARM;
 747              		.loc 1 287 26 is_stmt 0 view .LVU218
 748 0008 4FF0FF33 		mov	r3, #-1
 749 000c 4360     		str	r3, [r0, #4]
 288:Core/Src/main.c ****   if (HAL_RTC_Init(&hrtc) != HAL_OK)
 750              		.loc 1 288 3 is_stmt 1 view .LVU219
 288:Core/Src/main.c ****   if (HAL_RTC_Init(&hrtc) != HAL_OK)
 751              		.loc 1 288 20 is_stmt 0 view .LVU220
 752 000e 4FF48073 		mov	r3, #256
 753 0012 8360     		str	r3, [r0, #8]
 289:Core/Src/main.c ****   {
 754              		.loc 1 289 3 is_stmt 1 view .LVU221
 289:Core/Src/main.c ****   {
 755              		.loc 1 289 7 is_stmt 0 view .LVU222
 756 0014 FFF7FEFF 		bl	HAL_RTC_Init
 757              	.LVL44:
 289:Core/Src/main.c ****   {
 758              		.loc 1 289 6 discriminator 1 view .LVU223
 759 0018 00B9     		cbnz	r0, .L51
 297:Core/Src/main.c **** 
 760              		.loc 1 297 1 view .LVU224
 761 001a 08BD     		pop	{r3, pc}
 762              	.L51:
 291:Core/Src/main.c ****   }
 763              		.loc 1 291 5 is_stmt 1 view .LVU225
 764 001c FFF7FEFF 		bl	Error_Handler
 765              	.LVL45:
 766              	.L53:
 767              		.align	2
 768              	.L52:
 769 0020 00000000 		.word	hrtc
 770 0024 00280040 		.word	1073752064
 771              		.cfi_endproc
 772              	.LFE71:
 774              		.section	.text.MX_TIM2_Init,"ax",%progbits
 775              		.align	1
 776              		.syntax unified
 777              		.thumb
 778              		.thumb_func
 780              	MX_TIM2_Init:
 781              	.LFB72:
 305:Core/Src/main.c **** 
 782              		.loc 1 305 1 view -0
 783              		.cfi_startproc
 784              		@ args = 0, pretend = 0, frame = 24
 785              		@ frame_needed = 0, uses_anonymous_args = 0
 786 0000 00B5     		push	{lr}
 787              	.LCFI14:
 788              		.cfi_def_cfa_offset 4
 789              		.cfi_offset 14, -4
 790 0002 87B0     		sub	sp, sp, #28
 791              	.LCFI15:
 792              		.cfi_def_cfa_offset 32
ARM GAS  /tmp/ccuLnLi8.s 			page 28


 311:Core/Src/main.c ****   TIM_MasterConfigTypeDef sMasterConfig = {0};
 793              		.loc 1 311 3 view .LVU227
 311:Core/Src/main.c ****   TIM_MasterConfigTypeDef sMasterConfig = {0};
 794              		.loc 1 311 26 is_stmt 0 view .LVU228
 795 0004 0023     		movs	r3, #0
 796 0006 0293     		str	r3, [sp, #8]
 797 0008 0393     		str	r3, [sp, #12]
 798 000a 0493     		str	r3, [sp, #16]
 799 000c 0593     		str	r3, [sp, #20]
 312:Core/Src/main.c **** 
 800              		.loc 1 312 3 is_stmt 1 view .LVU229
 312:Core/Src/main.c **** 
 801              		.loc 1 312 27 is_stmt 0 view .LVU230
 802 000e 0093     		str	r3, [sp]
 803 0010 0193     		str	r3, [sp, #4]
 317:Core/Src/main.c ****   htim2.Init.Prescaler = 0;
 804              		.loc 1 317 3 is_stmt 1 view .LVU231
 317:Core/Src/main.c ****   htim2.Init.Prescaler = 0;
 805              		.loc 1 317 18 is_stmt 0 view .LVU232
 806 0012 1348     		ldr	r0, .L62
 807 0014 4FF08042 		mov	r2, #1073741824
 808 0018 0260     		str	r2, [r0]
 318:Core/Src/main.c ****   htim2.Init.CounterMode = TIM_COUNTERMODE_UP;
 809              		.loc 1 318 3 is_stmt 1 view .LVU233
 318:Core/Src/main.c ****   htim2.Init.CounterMode = TIM_COUNTERMODE_UP;
 810              		.loc 1 318 24 is_stmt 0 view .LVU234
 811 001a 4360     		str	r3, [r0, #4]
 319:Core/Src/main.c ****   htim2.Init.Period = 65535;
 812              		.loc 1 319 3 is_stmt 1 view .LVU235
 319:Core/Src/main.c ****   htim2.Init.Period = 65535;
 813              		.loc 1 319 26 is_stmt 0 view .LVU236
 814 001c 8360     		str	r3, [r0, #8]
 320:Core/Src/main.c ****   htim2.Init.ClockDivision = TIM_CLOCKDIVISION_DIV1;
 815              		.loc 1 320 3 is_stmt 1 view .LVU237
 320:Core/Src/main.c ****   htim2.Init.ClockDivision = TIM_CLOCKDIVISION_DIV1;
 816              		.loc 1 320 21 is_stmt 0 view .LVU238
 817 001e 4FF6FF72 		movw	r2, #65535
 818 0022 C260     		str	r2, [r0, #12]
 321:Core/Src/main.c ****   htim2.Init.AutoReloadPreload = TIM_AUTORELOAD_PRELOAD_DISABLE;
 819              		.loc 1 321 3 is_stmt 1 view .LVU239
 321:Core/Src/main.c ****   htim2.Init.AutoReloadPreload = TIM_AUTORELOAD_PRELOAD_DISABLE;
 820              		.loc 1 321 28 is_stmt 0 view .LVU240
 821 0024 0361     		str	r3, [r0, #16]
 322:Core/Src/main.c ****   if (HAL_TIM_Base_Init(&htim2) != HAL_OK)
 822              		.loc 1 322 3 is_stmt 1 view .LVU241
 322:Core/Src/main.c ****   if (HAL_TIM_Base_Init(&htim2) != HAL_OK)
 823              		.loc 1 322 32 is_stmt 0 view .LVU242
 824 0026 8361     		str	r3, [r0, #24]
 323:Core/Src/main.c ****   {
 825              		.loc 1 323 3 is_stmt 1 view .LVU243
 323:Core/Src/main.c ****   {
 826              		.loc 1 323 7 is_stmt 0 view .LVU244
 827 0028 FFF7FEFF 		bl	HAL_TIM_Base_Init
 828              	.LVL46:
 323:Core/Src/main.c ****   {
 829              		.loc 1 323 6 discriminator 1 view .LVU245
 830 002c 90B9     		cbnz	r0, .L59
ARM GAS  /tmp/ccuLnLi8.s 			page 29


 327:Core/Src/main.c ****   if (HAL_TIM_ConfigClockSource(&htim2, &sClockSourceConfig) != HAL_OK)
 831              		.loc 1 327 3 is_stmt 1 view .LVU246
 327:Core/Src/main.c ****   if (HAL_TIM_ConfigClockSource(&htim2, &sClockSourceConfig) != HAL_OK)
 832              		.loc 1 327 34 is_stmt 0 view .LVU247
 833 002e 4FF48053 		mov	r3, #4096
 834 0032 0293     		str	r3, [sp, #8]
 328:Core/Src/main.c ****   {
 835              		.loc 1 328 3 is_stmt 1 view .LVU248
 328:Core/Src/main.c ****   {
 836              		.loc 1 328 7 is_stmt 0 view .LVU249
 837 0034 02A9     		add	r1, sp, #8
 838 0036 0A48     		ldr	r0, .L62
 839 0038 FFF7FEFF 		bl	HAL_TIM_ConfigClockSource
 840              	.LVL47:
 328:Core/Src/main.c ****   {
 841              		.loc 1 328 6 discriminator 1 view .LVU250
 842 003c 60B9     		cbnz	r0, .L60
 332:Core/Src/main.c ****   sMasterConfig.MasterSlaveMode = TIM_MASTERSLAVEMODE_DISABLE;
 843              		.loc 1 332 3 is_stmt 1 view .LVU251
 332:Core/Src/main.c ****   sMasterConfig.MasterSlaveMode = TIM_MASTERSLAVEMODE_DISABLE;
 844              		.loc 1 332 37 is_stmt 0 view .LVU252
 845 003e 0023     		movs	r3, #0
 846 0040 0093     		str	r3, [sp]
 333:Core/Src/main.c ****   if (HAL_TIMEx_MasterConfigSynchronization(&htim2, &sMasterConfig) != HAL_OK)
 847              		.loc 1 333 3 is_stmt 1 view .LVU253
 333:Core/Src/main.c ****   if (HAL_TIMEx_MasterConfigSynchronization(&htim2, &sMasterConfig) != HAL_OK)
 848              		.loc 1 333 33 is_stmt 0 view .LVU254
 849 0042 0193     		str	r3, [sp, #4]
 334:Core/Src/main.c ****   {
 850              		.loc 1 334 3 is_stmt 1 view .LVU255
 334:Core/Src/main.c ****   {
 851              		.loc 1 334 7 is_stmt 0 view .LVU256
 852 0044 6946     		mov	r1, sp
 853 0046 0648     		ldr	r0, .L62
 854 0048 FFF7FEFF 		bl	HAL_TIMEx_MasterConfigSynchronization
 855              	.LVL48:
 334:Core/Src/main.c ****   {
 856              		.loc 1 334 6 discriminator 1 view .LVU257
 857 004c 30B9     		cbnz	r0, .L61
 342:Core/Src/main.c **** 
 858              		.loc 1 342 1 view .LVU258
 859 004e 07B0     		add	sp, sp, #28
 860              	.LCFI16:
 861              		.cfi_remember_state
 862              		.cfi_def_cfa_offset 4
 863              		@ sp needed
 864 0050 5DF804FB 		ldr	pc, [sp], #4
 865              	.L59:
 866              	.LCFI17:
 867              		.cfi_restore_state
 325:Core/Src/main.c ****   }
 868              		.loc 1 325 5 is_stmt 1 view .LVU259
 869 0054 FFF7FEFF 		bl	Error_Handler
 870              	.LVL49:
 871              	.L60:
 330:Core/Src/main.c ****   }
 872              		.loc 1 330 5 view .LVU260
ARM GAS  /tmp/ccuLnLi8.s 			page 30


 873 0058 FFF7FEFF 		bl	Error_Handler
 874              	.LVL50:
 875              	.L61:
 336:Core/Src/main.c ****   }
 876              		.loc 1 336 5 view .LVU261
 877 005c FFF7FEFF 		bl	Error_Handler
 878              	.LVL51:
 879              	.L63:
 880              		.align	2
 881              	.L62:
 882 0060 00000000 		.word	htim2
 883              		.cfi_endproc
 884              	.LFE72:
 886              		.section	.text.SystemClock_Config,"ax",%progbits
 887              		.align	1
 888              		.global	SystemClock_Config
 889              		.syntax unified
 890              		.thumb
 891              		.thumb_func
 893              	SystemClock_Config:
 894              	.LFB69:
 145:Core/Src/main.c ****   RCC_OscInitTypeDef RCC_OscInitStruct = {0};
 895              		.loc 1 145 1 view -0
 896              		.cfi_startproc
 897              		@ args = 0, pretend = 0, frame = 80
 898              		@ frame_needed = 0, uses_anonymous_args = 0
 899 0000 10B5     		push	{r4, lr}
 900              	.LCFI18:
 901              		.cfi_def_cfa_offset 8
 902              		.cfi_offset 4, -8
 903              		.cfi_offset 14, -4
 904 0002 94B0     		sub	sp, sp, #80
 905              	.LCFI19:
 906              		.cfi_def_cfa_offset 88
 146:Core/Src/main.c ****   RCC_ClkInitTypeDef RCC_ClkInitStruct = {0};
 907              		.loc 1 146 3 view .LVU263
 146:Core/Src/main.c ****   RCC_ClkInitTypeDef RCC_ClkInitStruct = {0};
 908              		.loc 1 146 22 is_stmt 0 view .LVU264
 909 0004 0AAC     		add	r4, sp, #40
 910 0006 2822     		movs	r2, #40
 911 0008 0021     		movs	r1, #0
 912 000a 2046     		mov	r0, r4
 913 000c FFF7FEFF 		bl	memset
 914              	.LVL52:
 147:Core/Src/main.c ****   RCC_PeriphCLKInitTypeDef PeriphClkInit = {0};
 915              		.loc 1 147 3 is_stmt 1 view .LVU265
 147:Core/Src/main.c ****   RCC_PeriphCLKInitTypeDef PeriphClkInit = {0};
 916              		.loc 1 147 22 is_stmt 0 view .LVU266
 917 0010 0023     		movs	r3, #0
 918 0012 0593     		str	r3, [sp, #20]
 919 0014 0693     		str	r3, [sp, #24]
 920 0016 0793     		str	r3, [sp, #28]
 921 0018 0893     		str	r3, [sp, #32]
 922 001a 0993     		str	r3, [sp, #36]
 148:Core/Src/main.c **** 
 923              		.loc 1 148 3 is_stmt 1 view .LVU267
 148:Core/Src/main.c **** 
ARM GAS  /tmp/ccuLnLi8.s 			page 31


 924              		.loc 1 148 28 is_stmt 0 view .LVU268
 925 001c 0193     		str	r3, [sp, #4]
 926 001e 0293     		str	r3, [sp, #8]
 927 0020 0393     		str	r3, [sp, #12]
 928 0022 0493     		str	r3, [sp, #16]
 153:Core/Src/main.c ****   RCC_OscInitStruct.HSEState = RCC_HSE_ON;
 929              		.loc 1 153 3 is_stmt 1 view .LVU269
 153:Core/Src/main.c ****   RCC_OscInitStruct.HSEState = RCC_HSE_ON;
 930              		.loc 1 153 36 is_stmt 0 view .LVU270
 931 0024 0923     		movs	r3, #9
 932 0026 0A93     		str	r3, [sp, #40]
 154:Core/Src/main.c ****   RCC_OscInitStruct.HSEPredivValue = RCC_HSE_PREDIV_DIV1;
 933              		.loc 1 154 3 is_stmt 1 view .LVU271
 154:Core/Src/main.c ****   RCC_OscInitStruct.HSEPredivValue = RCC_HSE_PREDIV_DIV1;
 934              		.loc 1 154 30 is_stmt 0 view .LVU272
 935 0028 4FF48033 		mov	r3, #65536
 936 002c 0B93     		str	r3, [sp, #44]
 155:Core/Src/main.c ****   RCC_OscInitStruct.HSIState = RCC_HSI_ON;
 937              		.loc 1 155 3 is_stmt 1 view .LVU273
 156:Core/Src/main.c ****   RCC_OscInitStruct.LSIState = RCC_LSI_ON;
 938              		.loc 1 156 3 view .LVU274
 156:Core/Src/main.c ****   RCC_OscInitStruct.LSIState = RCC_LSI_ON;
 939              		.loc 1 156 30 is_stmt 0 view .LVU275
 940 002e 0122     		movs	r2, #1
 941 0030 0E92     		str	r2, [sp, #56]
 157:Core/Src/main.c ****   RCC_OscInitStruct.PLL.PLLState = RCC_PLL_ON;
 942              		.loc 1 157 3 is_stmt 1 view .LVU276
 157:Core/Src/main.c ****   RCC_OscInitStruct.PLL.PLLState = RCC_PLL_ON;
 943              		.loc 1 157 30 is_stmt 0 view .LVU277
 944 0032 1092     		str	r2, [sp, #64]
 158:Core/Src/main.c ****   RCC_OscInitStruct.PLL.PLLSource = RCC_PLLSOURCE_HSE;
 945              		.loc 1 158 3 is_stmt 1 view .LVU278
 158:Core/Src/main.c ****   RCC_OscInitStruct.PLL.PLLSource = RCC_PLLSOURCE_HSE;
 946              		.loc 1 158 34 is_stmt 0 view .LVU279
 947 0034 0222     		movs	r2, #2
 948 0036 1192     		str	r2, [sp, #68]
 159:Core/Src/main.c ****   RCC_OscInitStruct.PLL.PLLMUL = RCC_PLL_MUL9;
 949              		.loc 1 159 3 is_stmt 1 view .LVU280
 159:Core/Src/main.c ****   RCC_OscInitStruct.PLL.PLLMUL = RCC_PLL_MUL9;
 950              		.loc 1 159 35 is_stmt 0 view .LVU281
 951 0038 1293     		str	r3, [sp, #72]
 160:Core/Src/main.c ****   if (HAL_RCC_OscConfig(&RCC_OscInitStruct) != HAL_OK)
 952              		.loc 1 160 3 is_stmt 1 view .LVU282
 160:Core/Src/main.c ****   if (HAL_RCC_OscConfig(&RCC_OscInitStruct) != HAL_OK)
 953              		.loc 1 160 32 is_stmt 0 view .LVU283
 954 003a 4FF4E013 		mov	r3, #1835008
 955 003e 1393     		str	r3, [sp, #76]
 161:Core/Src/main.c ****   {
 956              		.loc 1 161 3 is_stmt 1 view .LVU284
 161:Core/Src/main.c ****   {
 957              		.loc 1 161 7 is_stmt 0 view .LVU285
 958 0040 2046     		mov	r0, r4
 959 0042 FFF7FEFF 		bl	HAL_RCC_OscConfig
 960              	.LVL53:
 161:Core/Src/main.c ****   {
 961              		.loc 1 161 6 discriminator 1 view .LVU286
 962 0046 F8B9     		cbnz	r0, .L69
ARM GAS  /tmp/ccuLnLi8.s 			page 32


 168:Core/Src/main.c ****                               |RCC_CLOCKTYPE_PCLK1|RCC_CLOCKTYPE_PCLK2;
 963              		.loc 1 168 3 is_stmt 1 view .LVU287
 168:Core/Src/main.c ****                               |RCC_CLOCKTYPE_PCLK1|RCC_CLOCKTYPE_PCLK2;
 964              		.loc 1 168 31 is_stmt 0 view .LVU288
 965 0048 0F23     		movs	r3, #15
 966 004a 0593     		str	r3, [sp, #20]
 170:Core/Src/main.c ****   RCC_ClkInitStruct.AHBCLKDivider = RCC_SYSCLK_DIV1;
 967              		.loc 1 170 3 is_stmt 1 view .LVU289
 170:Core/Src/main.c ****   RCC_ClkInitStruct.AHBCLKDivider = RCC_SYSCLK_DIV1;
 968              		.loc 1 170 34 is_stmt 0 view .LVU290
 969 004c 0221     		movs	r1, #2
 970 004e 0691     		str	r1, [sp, #24]
 171:Core/Src/main.c ****   RCC_ClkInitStruct.APB1CLKDivider = RCC_HCLK_DIV2;
 971              		.loc 1 171 3 is_stmt 1 view .LVU291
 171:Core/Src/main.c ****   RCC_ClkInitStruct.APB1CLKDivider = RCC_HCLK_DIV2;
 972              		.loc 1 171 35 is_stmt 0 view .LVU292
 973 0050 0023     		movs	r3, #0
 974 0052 0793     		str	r3, [sp, #28]
 172:Core/Src/main.c ****   RCC_ClkInitStruct.APB2CLKDivider = RCC_HCLK_DIV1;
 975              		.loc 1 172 3 is_stmt 1 view .LVU293
 172:Core/Src/main.c ****   RCC_ClkInitStruct.APB2CLKDivider = RCC_HCLK_DIV1;
 976              		.loc 1 172 36 is_stmt 0 view .LVU294
 977 0054 4FF48062 		mov	r2, #1024
 978 0058 0892     		str	r2, [sp, #32]
 173:Core/Src/main.c **** 
 979              		.loc 1 173 3 is_stmt 1 view .LVU295
 173:Core/Src/main.c **** 
 980              		.loc 1 173 36 is_stmt 0 view .LVU296
 981 005a 0993     		str	r3, [sp, #36]
 175:Core/Src/main.c ****   {
 982              		.loc 1 175 3 is_stmt 1 view .LVU297
 175:Core/Src/main.c ****   {
 983              		.loc 1 175 7 is_stmt 0 view .LVU298
 984 005c 05A8     		add	r0, sp, #20
 985 005e FFF7FEFF 		bl	HAL_RCC_ClockConfig
 986              	.LVL54:
 175:Core/Src/main.c ****   {
 987              		.loc 1 175 6 discriminator 1 view .LVU299
 988 0062 98B9     		cbnz	r0, .L70
 179:Core/Src/main.c ****                               |RCC_PERIPHCLK_USB;
 989              		.loc 1 179 3 is_stmt 1 view .LVU300
 179:Core/Src/main.c ****                               |RCC_PERIPHCLK_USB;
 990              		.loc 1 179 38 is_stmt 0 view .LVU301
 991 0064 1323     		movs	r3, #19
 992 0066 0193     		str	r3, [sp, #4]
 181:Core/Src/main.c ****   PeriphClkInit.AdcClockSelection = RCC_ADCPCLK2_DIV6;
 993              		.loc 1 181 3 is_stmt 1 view .LVU302
 181:Core/Src/main.c ****   PeriphClkInit.AdcClockSelection = RCC_ADCPCLK2_DIV6;
 994              		.loc 1 181 35 is_stmt 0 view .LVU303
 995 0068 4FF40073 		mov	r3, #512
 996 006c 0293     		str	r3, [sp, #8]
 182:Core/Src/main.c ****   PeriphClkInit.UsbClockSelection = RCC_USBCLKSOURCE_PLL_DIV1_5;
 997              		.loc 1 182 3 is_stmt 1 view .LVU304
 182:Core/Src/main.c ****   PeriphClkInit.UsbClockSelection = RCC_USBCLKSOURCE_PLL_DIV1_5;
 998              		.loc 1 182 35 is_stmt 0 view .LVU305
 999 006e 4FF40043 		mov	r3, #32768
 1000 0072 0393     		str	r3, [sp, #12]
ARM GAS  /tmp/ccuLnLi8.s 			page 33


 183:Core/Src/main.c ****   if (HAL_RCCEx_PeriphCLKConfig(&PeriphClkInit) != HAL_OK)
 1001              		.loc 1 183 3 is_stmt 1 view .LVU306
 183:Core/Src/main.c ****   if (HAL_RCCEx_PeriphCLKConfig(&PeriphClkInit) != HAL_OK)
 1002              		.loc 1 183 35 is_stmt 0 view .LVU307
 1003 0074 0023     		movs	r3, #0
 1004 0076 0493     		str	r3, [sp, #16]
 184:Core/Src/main.c ****   {
 1005              		.loc 1 184 3 is_stmt 1 view .LVU308
 184:Core/Src/main.c ****   {
 1006              		.loc 1 184 7 is_stmt 0 view .LVU309
 1007 0078 01A8     		add	r0, sp, #4
 1008 007a FFF7FEFF 		bl	HAL_RCCEx_PeriphCLKConfig
 1009              	.LVL55:
 184:Core/Src/main.c ****   {
 1010              		.loc 1 184 6 discriminator 1 view .LVU310
 1011 007e 38B9     		cbnz	r0, .L71
 191:Core/Src/main.c **** }
 1012              		.loc 1 191 3 is_stmt 1 view .LVU311
 1013 0080 FFF7FEFF 		bl	HAL_RCC_EnableCSS
 1014              	.LVL56:
 192:Core/Src/main.c **** 
 1015              		.loc 1 192 1 is_stmt 0 view .LVU312
 1016 0084 14B0     		add	sp, sp, #80
 1017              	.LCFI20:
 1018              		.cfi_remember_state
 1019              		.cfi_def_cfa_offset 8
 1020              		@ sp needed
 1021 0086 10BD     		pop	{r4, pc}
 1022              	.L69:
 1023              	.LCFI21:
 1024              		.cfi_restore_state
 163:Core/Src/main.c ****   }
 1025              		.loc 1 163 5 is_stmt 1 view .LVU313
 1026 0088 FFF7FEFF 		bl	Error_Handler
 1027              	.LVL57:
 1028              	.L70:
 177:Core/Src/main.c ****   }
 1029              		.loc 1 177 5 view .LVU314
 1030 008c FFF7FEFF 		bl	Error_Handler
 1031              	.LVL58:
 1032              	.L71:
 186:Core/Src/main.c ****   }
 1033              		.loc 1 186 5 view .LVU315
 1034 0090 FFF7FEFF 		bl	Error_Handler
 1035              	.LVL59:
 1036              		.cfi_endproc
 1037              	.LFE69:
 1039              		.section	.text.main,"ax",%progbits
 1040              		.align	1
 1041              		.global	main
 1042              		.syntax unified
 1043              		.thumb
 1044              		.thumb_func
 1046              	main:
 1047              	.LFB68:
  91:Core/Src/main.c **** 
 1048              		.loc 1 91 1 view -0
ARM GAS  /tmp/ccuLnLi8.s 			page 34


 1049              		.cfi_startproc
 1050              		@ Volatile: function does not return.
 1051              		@ args = 0, pretend = 0, frame = 0
 1052              		@ frame_needed = 0, uses_anonymous_args = 0
 1053 0000 08B5     		push	{r3, lr}
 1054              	.LCFI22:
 1055              		.cfi_def_cfa_offset 8
 1056              		.cfi_offset 3, -8
 1057              		.cfi_offset 14, -4
 100:Core/Src/main.c **** 
 1058              		.loc 1 100 3 view .LVU317
 1059 0002 FFF7FEFF 		bl	HAL_Init
 1060              	.LVL60:
 108:Core/Src/main.c **** 
 1061              		.loc 1 108 3 view .LVU318
 1062 0006 FFF7FEFF 		bl	SystemClock_Config
 1063              	.LVL61:
 115:Core/Src/main.c ****   MX_DMA_Init();
 1064              		.loc 1 115 3 view .LVU319
 1065 000a FFF7FEFF 		bl	MX_GPIO_Init
 1066              	.LVL62:
 116:Core/Src/main.c ****   MX_ADC1_Init();
 1067              		.loc 1 116 3 view .LVU320
 1068 000e FFF7FEFF 		bl	MX_DMA_Init
 1069              	.LVL63:
 117:Core/Src/main.c ****   MX_USB_DEVICE_Init();
 1070              		.loc 1 117 3 view .LVU321
 1071 0012 FFF7FEFF 		bl	MX_ADC1_Init
 1072              	.LVL64:
 118:Core/Src/main.c ****   MX_RTC_Init();
 1073              		.loc 1 118 3 view .LVU322
 1074 0016 FFF7FEFF 		bl	MX_USB_DEVICE_Init
 1075              	.LVL65:
 119:Core/Src/main.c ****   MX_TIM2_Init();
 1076              		.loc 1 119 3 view .LVU323
 1077 001a FFF7FEFF 		bl	MX_RTC_Init
 1078              	.LVL66:
 120:Core/Src/main.c ****   /* USER CODE BEGIN 2 */
 1079              		.loc 1 120 3 view .LVU324
 1080 001e FFF7FEFF 		bl	MX_TIM2_Init
 1081              	.LVL67:
 122:Core/Src/main.c ****   HAL_ADC_Start_DMA(&hadc1,(uint32_t*)joystick_buf,4*JOYSTICK_OVERSAMPLE);
 1082              		.loc 1 122 3 view .LVU325
 1083 0022 084C     		ldr	r4, .L75
 1084 0024 2046     		mov	r0, r4
 1085 0026 FFF7FEFF 		bl	HAL_ADCEx_Calibration_Start
 1086              	.LVL68:
 123:Core/Src/main.c **** 
 1087              		.loc 1 123 3 view .LVU326
 1088 002a 4022     		movs	r2, #64
 1089 002c 0649     		ldr	r1, .L75+4
 1090 002e 2046     		mov	r0, r4
 1091 0030 FFF7FEFF 		bl	HAL_ADC_Start_DMA
 1092              	.LVL69:
 1093              	.L73:
 129:Core/Src/main.c ****   {
 1094              		.loc 1 129 3 view .LVU327
ARM GAS  /tmp/ccuLnLi8.s 			page 35


 134:Core/Src/main.c ****     USBD_CUSTOM_HID_SendReport_FS((uint8_t*)&gamepad_report,sizeof(gamepad_report));
 1095              		.loc 1 134 5 view .LVU328
 1096 0034 FFF7FEFF 		bl	gamepad_update
 1097              	.LVL70:
 135:Core/Src/main.c ****   }
 1098              		.loc 1 135 5 discriminator 1 view .LVU329
 1099 0038 0921     		movs	r1, #9
 1100 003a 0448     		ldr	r0, .L75+8
 1101 003c FFF7FEFF 		bl	USBD_CUSTOM_HID_SendReport_FS
 1102              	.LVL71:
 129:Core/Src/main.c ****   {
 1103              		.loc 1 129 9 view .LVU330
 1104 0040 F8E7     		b	.L73
 1105              	.L76:
 1106 0042 00BF     		.align	2
 1107              	.L75:
 1108 0044 00000000 		.word	hadc1
 1109 0048 00000000 		.word	joystick_buf
 1110 004c 00000000 		.word	gamepad_report
 1111              		.cfi_endproc
 1112              	.LFE68:
 1114              		.section	.bss.joystick_buf,"aw",%nobits
 1115              		.align	2
 1118              	joystick_buf:
 1119 0000 00000000 		.space	128
 1119      00000000 
 1119      00000000 
 1119      00000000 
 1119      00000000 
 1120              		.section	.bss.gamepad_report,"aw",%nobits
 1121              		.align	2
 1124              	gamepad_report:
 1125 0000 00000000 		.space	9
 1125      00000000 
 1125      00
 1126              		.global	htim2
 1127              		.section	.bss.htim2,"aw",%nobits
 1128              		.align	2
 1131              	htim2:
 1132 0000 00000000 		.space	72
 1132      00000000 
 1132      00000000 
 1132      00000000 
 1132      00000000 
 1133              		.global	hrtc
 1134              		.section	.bss.hrtc,"aw",%nobits
 1135              		.align	2
 1138              	hrtc:
 1139 0000 00000000 		.space	20
 1139      00000000 
 1139      00000000 
 1139      00000000 
 1139      00000000 
 1140              		.global	hdma_adc1
 1141              		.section	.bss.hdma_adc1,"aw",%nobits
 1142              		.align	2
 1145              	hdma_adc1:
ARM GAS  /tmp/ccuLnLi8.s 			page 36


 1146 0000 00000000 		.space	68
 1146      00000000 
 1146      00000000 
 1146      00000000 
 1146      00000000 
 1147              		.global	hadc1
 1148              		.section	.bss.hadc1,"aw",%nobits
 1149              		.align	2
 1152              	hadc1:
 1153 0000 00000000 		.space	48
 1153      00000000 
 1153      00000000 
 1153      00000000 
 1153      00000000 
 1154              		.text
 1155              	.Letext0:
 1156              		.file 3 "Drivers/CMSIS/Device/ST/STM32F1xx/Include/stm32f103xb.h"
 1157              		.file 4 "/usr/lib/gcc/arm-none-eabi/14.2.1/include/stdint.h"
 1158              		.file 5 "Drivers/CMSIS/Device/ST/STM32F1xx/Include/stm32f1xx.h"
 1159              		.file 6 "Drivers/STM32F1xx_HAL_Driver/Inc/stm32f1xx_hal_def.h"
 1160              		.file 7 "Drivers/STM32F1xx_HAL_Driver/Inc/stm32f1xx_hal_rcc.h"
 1161              		.file 8 "Drivers/STM32F1xx_HAL_Driver/Inc/stm32f1xx_hal_rcc_ex.h"
 1162              		.file 9 "Drivers/STM32F1xx_HAL_Driver/Inc/stm32f1xx_hal_gpio.h"
 1163              		.file 10 "Drivers/STM32F1xx_HAL_Driver/Inc/stm32f1xx_hal_dma.h"
 1164              		.file 11 "Drivers/STM32F1xx_HAL_Driver/Inc/stm32f1xx_hal_adc.h"
 1165              		.file 12 "Drivers/STM32F1xx_HAL_Driver/Inc/stm32f1xx_hal_rtc.h"
 1166              		.file 13 "Drivers/STM32F1xx_HAL_Driver/Inc/stm32f1xx_hal_tim.h"
 1167              		.file 14 "Drivers/STM32F1xx_HAL_Driver/Inc/stm32f1xx_hal_tim_ex.h"
 1168              		.file 15 "Drivers/STM32F1xx_HAL_Driver/Inc/stm32f1xx_hal_cortex.h"
 1169              		.file 16 "USB_DEVICE/App/usbd_custom_hid_if.h"
 1170              		.file 17 "Drivers/STM32F1xx_HAL_Driver/Inc/stm32f1xx_hal_adc_ex.h"
 1171              		.file 18 "USB_DEVICE/App/usb_device.h"
 1172              		.file 19 "Drivers/STM32F1xx_HAL_Driver/Inc/stm32f1xx_hal.h"
 1173              		.file 20 "<built-in>"
ARM GAS  /tmp/ccuLnLi8.s 			page 37


DEFINED SYMBOLS
                            *ABS*:00000000 main.c
     /tmp/ccuLnLi8.s:19     .text.gamepad_update_joysticks:00000000 $t
     /tmp/ccuLnLi8.s:24     .text.gamepad_update_joysticks:00000000 gamepad_update_joysticks
     /tmp/ccuLnLi8.s:133    .text.gamepad_update_joysticks:0000005c $d
     /tmp/ccuLnLi8.s:1118   .bss.joystick_buf:00000000 joystick_buf
     /tmp/ccuLnLi8.s:1124   .bss.gamepad_report:00000000 gamepad_report
     /tmp/ccuLnLi8.s:139    .text.get_dpad:00000000 $t
     /tmp/ccuLnLi8.s:144    .text.get_dpad:00000000 get_dpad
     /tmp/ccuLnLi8.s:223    .text.gamepad_update_buttons:00000000 $t
     /tmp/ccuLnLi8.s:228    .text.gamepad_update_buttons:00000000 gamepad_update_buttons
     /tmp/ccuLnLi8.s:271    .text.gamepad_update_buttons:00000024 $d
     /tmp/ccuLnLi8.s:276    .text.gamepad_update:00000000 $t
     /tmp/ccuLnLi8.s:281    .text.gamepad_update:00000000 gamepad_update
     /tmp/ccuLnLi8.s:304    .text.MX_GPIO_Init:00000000 $t
     /tmp/ccuLnLi8.s:309    .text.MX_GPIO_Init:00000000 MX_GPIO_Init
     /tmp/ccuLnLi8.s:461    .text.MX_GPIO_Init:000000a4 $d
     /tmp/ccuLnLi8.s:468    .text.MX_DMA_Init:00000000 $t
     /tmp/ccuLnLi8.s:473    .text.MX_DMA_Init:00000000 MX_DMA_Init
     /tmp/ccuLnLi8.s:521    .text.MX_DMA_Init:00000030 $d
     /tmp/ccuLnLi8.s:526    .text.Error_Handler:00000000 $t
     /tmp/ccuLnLi8.s:532    .text.Error_Handler:00000000 Error_Handler
     /tmp/ccuLnLi8.s:564    .text.MX_ADC1_Init:00000000 $t
     /tmp/ccuLnLi8.s:569    .text.MX_ADC1_Init:00000000 MX_ADC1_Init
     /tmp/ccuLnLi8.s:719    .text.MX_ADC1_Init:00000094 $d
     /tmp/ccuLnLi8.s:1152   .bss.hadc1:00000000 hadc1
     /tmp/ccuLnLi8.s:725    .text.MX_RTC_Init:00000000 $t
     /tmp/ccuLnLi8.s:730    .text.MX_RTC_Init:00000000 MX_RTC_Init
     /tmp/ccuLnLi8.s:769    .text.MX_RTC_Init:00000020 $d
     /tmp/ccuLnLi8.s:1138   .bss.hrtc:00000000 hrtc
     /tmp/ccuLnLi8.s:775    .text.MX_TIM2_Init:00000000 $t
     /tmp/ccuLnLi8.s:780    .text.MX_TIM2_Init:00000000 MX_TIM2_Init
     /tmp/ccuLnLi8.s:882    .text.MX_TIM2_Init:00000060 $d
     /tmp/ccuLnLi8.s:1131   .bss.htim2:00000000 htim2
     /tmp/ccuLnLi8.s:887    .text.SystemClock_Config:00000000 $t
     /tmp/ccuLnLi8.s:893    .text.SystemClock_Config:00000000 SystemClock_Config
     /tmp/ccuLnLi8.s:1040   .text.main:00000000 $t
     /tmp/ccuLnLi8.s:1046   .text.main:00000000 main
     /tmp/ccuLnLi8.s:1108   .text.main:00000044 $d
     /tmp/ccuLnLi8.s:1115   .bss.joystick_buf:00000000 $d
     /tmp/ccuLnLi8.s:1121   .bss.gamepad_report:00000000 $d
     /tmp/ccuLnLi8.s:1128   .bss.htim2:00000000 $d
     /tmp/ccuLnLi8.s:1135   .bss.hrtc:00000000 $d
     /tmp/ccuLnLi8.s:1145   .bss.hdma_adc1:00000000 hdma_adc1
     /tmp/ccuLnLi8.s:1142   .bss.hdma_adc1:00000000 $d
     /tmp/ccuLnLi8.s:1149   .bss.hadc1:00000000 $d

UNDEFINED SYMBOLS
HAL_GPIO_WritePin
HAL_GPIO_Init
HAL_NVIC_SetPriority
HAL_NVIC_EnableIRQ
HAL_ADC_Init
HAL_ADC_ConfigChannel
HAL_RTC_Init
HAL_TIM_Base_Init
HAL_TIM_ConfigClockSource
ARM GAS  /tmp/ccuLnLi8.s 			page 38


HAL_TIMEx_MasterConfigSynchronization
memset
HAL_RCC_OscConfig
HAL_RCC_ClockConfig
HAL_RCCEx_PeriphCLKConfig
HAL_RCC_EnableCSS
HAL_Init
MX_USB_DEVICE_Init
HAL_ADCEx_Calibration_Start
HAL_ADC_Start_DMA
USBD_CUSTOM_HID_SendReport_FS
