ARM GAS  /tmp/ccLN6BmF.s 			page 1


   1              		.cpu cortex-m3
   2              		.arch armv7-m
   3              		.fpu softvfp
   4              		.eabi_attribute 20, 1
   5              		.eabi_attribute 21, 1
   6              		.eabi_attribute 23, 3
   7              		.eabi_attribute 24, 1
   8              		.eabi_attribute 25, 1
   9              		.eabi_attribute 26, 1
  10              		.eabi_attribute 30, 1
  11              		.eabi_attribute 34, 1
  12              		.eabi_attribute 18, 4
  13              		.file	"stm32f1xx_hal_rtc.c"
  14              		.text
  15              	.Ltext0:
  16              		.cfi_sections	.debug_frame
  17              		.file 1 "Drivers/STM32F1xx_HAL_Driver/Src/stm32f1xx_hal_rtc.c"
  18              		.section	.text.RTC_ReadTimeCounter,"ax",%progbits
  19              		.align	1
  20              		.syntax unified
  21              		.thumb
  22              		.thumb_func
  24              	RTC_ReadTimeCounter:
  25              	.LVL0:
  26              	.LFB82:
   1:Drivers/STM32F1xx_HAL_Driver/Src/stm32f1xx_hal_rtc.c **** /**
   2:Drivers/STM32F1xx_HAL_Driver/Src/stm32f1xx_hal_rtc.c ****   ******************************************************************************
   3:Drivers/STM32F1xx_HAL_Driver/Src/stm32f1xx_hal_rtc.c ****   * @file    stm32f1xx_hal_rtc.c
   4:Drivers/STM32F1xx_HAL_Driver/Src/stm32f1xx_hal_rtc.c ****   * @author  MCD Application Team
   5:Drivers/STM32F1xx_HAL_Driver/Src/stm32f1xx_hal_rtc.c ****   * @brief   RTC HAL module driver.
   6:Drivers/STM32F1xx_HAL_Driver/Src/stm32f1xx_hal_rtc.c ****   *          This file provides firmware functions to manage the following
   7:Drivers/STM32F1xx_HAL_Driver/Src/stm32f1xx_hal_rtc.c ****   *          functionalities of the Real Time Clock (RTC) peripheral:
   8:Drivers/STM32F1xx_HAL_Driver/Src/stm32f1xx_hal_rtc.c ****   *           + Initialization and de-initialization functions
   9:Drivers/STM32F1xx_HAL_Driver/Src/stm32f1xx_hal_rtc.c ****   *           + RTC Time and Date functions
  10:Drivers/STM32F1xx_HAL_Driver/Src/stm32f1xx_hal_rtc.c ****   *           + RTC Alarm functions
  11:Drivers/STM32F1xx_HAL_Driver/Src/stm32f1xx_hal_rtc.c ****   *           + Peripheral Control functions
  12:Drivers/STM32F1xx_HAL_Driver/Src/stm32f1xx_hal_rtc.c ****   *           + Peripheral State functions
  13:Drivers/STM32F1xx_HAL_Driver/Src/stm32f1xx_hal_rtc.c ****   *
  14:Drivers/STM32F1xx_HAL_Driver/Src/stm32f1xx_hal_rtc.c ****   ******************************************************************************
  15:Drivers/STM32F1xx_HAL_Driver/Src/stm32f1xx_hal_rtc.c ****   * @attention
  16:Drivers/STM32F1xx_HAL_Driver/Src/stm32f1xx_hal_rtc.c ****   *
  17:Drivers/STM32F1xx_HAL_Driver/Src/stm32f1xx_hal_rtc.c ****   * Copyright (c) 2016 STMicroelectronics.
  18:Drivers/STM32F1xx_HAL_Driver/Src/stm32f1xx_hal_rtc.c ****   * All rights reserved.
  19:Drivers/STM32F1xx_HAL_Driver/Src/stm32f1xx_hal_rtc.c ****   *
  20:Drivers/STM32F1xx_HAL_Driver/Src/stm32f1xx_hal_rtc.c ****   * This software is licensed under terms that can be found in the LICENSE file
  21:Drivers/STM32F1xx_HAL_Driver/Src/stm32f1xx_hal_rtc.c ****   * in the root directory of this software component.
  22:Drivers/STM32F1xx_HAL_Driver/Src/stm32f1xx_hal_rtc.c ****   * If no LICENSE file comes with this software, it is provided AS-IS.
  23:Drivers/STM32F1xx_HAL_Driver/Src/stm32f1xx_hal_rtc.c ****   *
  24:Drivers/STM32F1xx_HAL_Driver/Src/stm32f1xx_hal_rtc.c ****   ******************************************************************************
  25:Drivers/STM32F1xx_HAL_Driver/Src/stm32f1xx_hal_rtc.c ****   @verbatim
  26:Drivers/STM32F1xx_HAL_Driver/Src/stm32f1xx_hal_rtc.c ****   ==============================================================================
  27:Drivers/STM32F1xx_HAL_Driver/Src/stm32f1xx_hal_rtc.c ****                   ##### How to use this driver #####
  28:Drivers/STM32F1xx_HAL_Driver/Src/stm32f1xx_hal_rtc.c ****   ==============================================================================
  29:Drivers/STM32F1xx_HAL_Driver/Src/stm32f1xx_hal_rtc.c ****   [..]
  30:Drivers/STM32F1xx_HAL_Driver/Src/stm32f1xx_hal_rtc.c ****     (+) Enable the RTC domain access (see description in the section above).
  31:Drivers/STM32F1xx_HAL_Driver/Src/stm32f1xx_hal_rtc.c ****     (+) Configure the RTC Prescaler (Asynchronous prescaler to generate RTC 1Hz time base)
  32:Drivers/STM32F1xx_HAL_Driver/Src/stm32f1xx_hal_rtc.c ****         using the HAL_RTC_Init() function.
ARM GAS  /tmp/ccLN6BmF.s 			page 2


  33:Drivers/STM32F1xx_HAL_Driver/Src/stm32f1xx_hal_rtc.c **** 
  34:Drivers/STM32F1xx_HAL_Driver/Src/stm32f1xx_hal_rtc.c ****   *** Time and Date configuration ***
  35:Drivers/STM32F1xx_HAL_Driver/Src/stm32f1xx_hal_rtc.c ****   ===================================
  36:Drivers/STM32F1xx_HAL_Driver/Src/stm32f1xx_hal_rtc.c ****   [..]
  37:Drivers/STM32F1xx_HAL_Driver/Src/stm32f1xx_hal_rtc.c ****     (+) To configure the RTC Calendar (Time and Date) use the HAL_RTC_SetTime()
  38:Drivers/STM32F1xx_HAL_Driver/Src/stm32f1xx_hal_rtc.c ****         and HAL_RTC_SetDate() functions.
  39:Drivers/STM32F1xx_HAL_Driver/Src/stm32f1xx_hal_rtc.c ****     (+) To read the RTC Calendar, use the HAL_RTC_GetTime() and HAL_RTC_GetDate() functions.
  40:Drivers/STM32F1xx_HAL_Driver/Src/stm32f1xx_hal_rtc.c **** 
  41:Drivers/STM32F1xx_HAL_Driver/Src/stm32f1xx_hal_rtc.c ****   *** Alarm configuration ***
  42:Drivers/STM32F1xx_HAL_Driver/Src/stm32f1xx_hal_rtc.c ****   ===========================
  43:Drivers/STM32F1xx_HAL_Driver/Src/stm32f1xx_hal_rtc.c ****   [..]
  44:Drivers/STM32F1xx_HAL_Driver/Src/stm32f1xx_hal_rtc.c ****     (+) To configure the RTC Alarm use the HAL_RTC_SetAlarm() function.
  45:Drivers/STM32F1xx_HAL_Driver/Src/stm32f1xx_hal_rtc.c ****         You can also configure the RTC Alarm with interrupt mode using the HAL_RTC_SetAlarm_IT() fu
  46:Drivers/STM32F1xx_HAL_Driver/Src/stm32f1xx_hal_rtc.c ****     (+) To read the RTC Alarm, use the HAL_RTC_GetAlarm() function.
  47:Drivers/STM32F1xx_HAL_Driver/Src/stm32f1xx_hal_rtc.c **** 
  48:Drivers/STM32F1xx_HAL_Driver/Src/stm32f1xx_hal_rtc.c ****   *** Tamper configuration ***
  49:Drivers/STM32F1xx_HAL_Driver/Src/stm32f1xx_hal_rtc.c ****   ============================
  50:Drivers/STM32F1xx_HAL_Driver/Src/stm32f1xx_hal_rtc.c ****   [..]
  51:Drivers/STM32F1xx_HAL_Driver/Src/stm32f1xx_hal_rtc.c ****     (+) Enable the RTC Tamper and configure the Tamper Level using the
  52:Drivers/STM32F1xx_HAL_Driver/Src/stm32f1xx_hal_rtc.c ****         HAL_RTCEx_SetTamper() function. You can configure RTC Tamper with interrupt
  53:Drivers/STM32F1xx_HAL_Driver/Src/stm32f1xx_hal_rtc.c ****         mode using HAL_RTCEx_SetTamper_IT() function.
  54:Drivers/STM32F1xx_HAL_Driver/Src/stm32f1xx_hal_rtc.c ****     (+) The TAMPER1 alternate function can be mapped to PC13
  55:Drivers/STM32F1xx_HAL_Driver/Src/stm32f1xx_hal_rtc.c **** 
  56:Drivers/STM32F1xx_HAL_Driver/Src/stm32f1xx_hal_rtc.c ****   *** Backup Data Registers configuration ***
  57:Drivers/STM32F1xx_HAL_Driver/Src/stm32f1xx_hal_rtc.c ****   ===========================================
  58:Drivers/STM32F1xx_HAL_Driver/Src/stm32f1xx_hal_rtc.c ****   [..]
  59:Drivers/STM32F1xx_HAL_Driver/Src/stm32f1xx_hal_rtc.c ****     (+) To write to the RTC Backup Data registers, use the HAL_RTCEx_BKUPWrite()
  60:Drivers/STM32F1xx_HAL_Driver/Src/stm32f1xx_hal_rtc.c ****         function.
  61:Drivers/STM32F1xx_HAL_Driver/Src/stm32f1xx_hal_rtc.c ****     (+) To read the RTC Backup Data registers, use the HAL_RTCEx_BKUPRead()
  62:Drivers/STM32F1xx_HAL_Driver/Src/stm32f1xx_hal_rtc.c ****         function.
  63:Drivers/STM32F1xx_HAL_Driver/Src/stm32f1xx_hal_rtc.c **** 
  64:Drivers/STM32F1xx_HAL_Driver/Src/stm32f1xx_hal_rtc.c ****                   ##### WARNING: Drivers Restrictions  #####
  65:Drivers/STM32F1xx_HAL_Driver/Src/stm32f1xx_hal_rtc.c ****   ==================================================================
  66:Drivers/STM32F1xx_HAL_Driver/Src/stm32f1xx_hal_rtc.c ****   [..] RTC version used on STM32F1 families is version V1. All the features supported by V2
  67:Drivers/STM32F1xx_HAL_Driver/Src/stm32f1xx_hal_rtc.c ****        (other families) will be not supported on F1.
  68:Drivers/STM32F1xx_HAL_Driver/Src/stm32f1xx_hal_rtc.c ****   [..] As on V2, main RTC features are managed by HW. But on F1, date feature is completely
  69:Drivers/STM32F1xx_HAL_Driver/Src/stm32f1xx_hal_rtc.c ****        managed by SW.
  70:Drivers/STM32F1xx_HAL_Driver/Src/stm32f1xx_hal_rtc.c ****   [..] Then, there are some restrictions compared to other families:
  71:Drivers/STM32F1xx_HAL_Driver/Src/stm32f1xx_hal_rtc.c ****     (+) Only format 24 hours supported in HAL (format 12 hours not supported)
  72:Drivers/STM32F1xx_HAL_Driver/Src/stm32f1xx_hal_rtc.c ****     (+) Date is saved in SRAM. Then, when MCU is in STOP or STANDBY mode, date will be lost.
  73:Drivers/STM32F1xx_HAL_Driver/Src/stm32f1xx_hal_rtc.c ****         User should implement a way to save date before entering in low power mode (an
  74:Drivers/STM32F1xx_HAL_Driver/Src/stm32f1xx_hal_rtc.c ****         example is provided with firmware package based on backup registers)
  75:Drivers/STM32F1xx_HAL_Driver/Src/stm32f1xx_hal_rtc.c ****     (+) Date is automatically updated each time a HAL_RTC_GetTime or HAL_RTC_GetDate is called.
  76:Drivers/STM32F1xx_HAL_Driver/Src/stm32f1xx_hal_rtc.c ****     (+) Alarm detection is limited to 1 day. It will expire only 1 time (no alarm repetition, need
  77:Drivers/STM32F1xx_HAL_Driver/Src/stm32f1xx_hal_rtc.c ****         to program a new alarm)
  78:Drivers/STM32F1xx_HAL_Driver/Src/stm32f1xx_hal_rtc.c **** 
  79:Drivers/STM32F1xx_HAL_Driver/Src/stm32f1xx_hal_rtc.c ****               ##### Backup Domain Operating Condition #####
  80:Drivers/STM32F1xx_HAL_Driver/Src/stm32f1xx_hal_rtc.c ****   ==============================================================================
  81:Drivers/STM32F1xx_HAL_Driver/Src/stm32f1xx_hal_rtc.c ****   [..] The real-time clock (RTC) and the RTC backup registers can be powered
  82:Drivers/STM32F1xx_HAL_Driver/Src/stm32f1xx_hal_rtc.c ****        from the VBAT voltage when the main VDD supply is powered off.
  83:Drivers/STM32F1xx_HAL_Driver/Src/stm32f1xx_hal_rtc.c ****        To retain the content of the RTC backup registers and supply the RTC
  84:Drivers/STM32F1xx_HAL_Driver/Src/stm32f1xx_hal_rtc.c ****        when VDD is turned off, VBAT pin can be connected to an optional
  85:Drivers/STM32F1xx_HAL_Driver/Src/stm32f1xx_hal_rtc.c ****        standby voltage supplied by a battery or by another source.
  86:Drivers/STM32F1xx_HAL_Driver/Src/stm32f1xx_hal_rtc.c **** 
  87:Drivers/STM32F1xx_HAL_Driver/Src/stm32f1xx_hal_rtc.c ****   [..] To allow the RTC operating even when the main digital supply (VDD) is turned
  88:Drivers/STM32F1xx_HAL_Driver/Src/stm32f1xx_hal_rtc.c ****        off, the VBAT pin powers the following blocks:
  89:Drivers/STM32F1xx_HAL_Driver/Src/stm32f1xx_hal_rtc.c ****     (#) The RTC
ARM GAS  /tmp/ccLN6BmF.s 			page 3


  90:Drivers/STM32F1xx_HAL_Driver/Src/stm32f1xx_hal_rtc.c ****     (#) The LSE oscillator
  91:Drivers/STM32F1xx_HAL_Driver/Src/stm32f1xx_hal_rtc.c ****     (#) The backup SRAM when the low power backup regulator is enabled
  92:Drivers/STM32F1xx_HAL_Driver/Src/stm32f1xx_hal_rtc.c ****     (#) PC13 to PC15 I/Os, plus PI8 I/O (when available)
  93:Drivers/STM32F1xx_HAL_Driver/Src/stm32f1xx_hal_rtc.c **** 
  94:Drivers/STM32F1xx_HAL_Driver/Src/stm32f1xx_hal_rtc.c ****   [..] When the backup domain is supplied by VDD (analog switch connected to VDD),
  95:Drivers/STM32F1xx_HAL_Driver/Src/stm32f1xx_hal_rtc.c ****        the following pins are available:
  96:Drivers/STM32F1xx_HAL_Driver/Src/stm32f1xx_hal_rtc.c ****     (+) PC13 can be used as a Tamper pin
  97:Drivers/STM32F1xx_HAL_Driver/Src/stm32f1xx_hal_rtc.c **** 
  98:Drivers/STM32F1xx_HAL_Driver/Src/stm32f1xx_hal_rtc.c ****   [..] When the backup domain is supplied by VBAT (analog switch connected to VBAT
  99:Drivers/STM32F1xx_HAL_Driver/Src/stm32f1xx_hal_rtc.c ****        because VDD is not present), the following pins are available:
 100:Drivers/STM32F1xx_HAL_Driver/Src/stm32f1xx_hal_rtc.c ****     (+) PC13 can be used as the Tamper pin
 101:Drivers/STM32F1xx_HAL_Driver/Src/stm32f1xx_hal_rtc.c **** 
 102:Drivers/STM32F1xx_HAL_Driver/Src/stm32f1xx_hal_rtc.c ****                    ##### Backup Domain Reset #####
 103:Drivers/STM32F1xx_HAL_Driver/Src/stm32f1xx_hal_rtc.c ****   ==================================================================
 104:Drivers/STM32F1xx_HAL_Driver/Src/stm32f1xx_hal_rtc.c ****   [..] The backup domain reset sets all RTC registers and the RCC_BDCR register
 105:Drivers/STM32F1xx_HAL_Driver/Src/stm32f1xx_hal_rtc.c ****        to their reset values.
 106:Drivers/STM32F1xx_HAL_Driver/Src/stm32f1xx_hal_rtc.c ****   [..] A backup domain reset is generated when one of the following events occurs:
 107:Drivers/STM32F1xx_HAL_Driver/Src/stm32f1xx_hal_rtc.c ****     (#) Software reset, triggered by setting the BDRST bit in the
 108:Drivers/STM32F1xx_HAL_Driver/Src/stm32f1xx_hal_rtc.c ****         RCC Backup domain control register (RCC_BDCR).
 109:Drivers/STM32F1xx_HAL_Driver/Src/stm32f1xx_hal_rtc.c ****     (#) VDD or VBAT power on, if both supplies have previously been powered off.
 110:Drivers/STM32F1xx_HAL_Driver/Src/stm32f1xx_hal_rtc.c ****     (#) Tamper detection event resets all data backup registers.
 111:Drivers/STM32F1xx_HAL_Driver/Src/stm32f1xx_hal_rtc.c **** 
 112:Drivers/STM32F1xx_HAL_Driver/Src/stm32f1xx_hal_rtc.c ****                    ##### Backup Domain Access #####
 113:Drivers/STM32F1xx_HAL_Driver/Src/stm32f1xx_hal_rtc.c ****   ==================================================================
 114:Drivers/STM32F1xx_HAL_Driver/Src/stm32f1xx_hal_rtc.c ****   [..] After reset, the backup domain (RTC registers, RTC backup data
 115:Drivers/STM32F1xx_HAL_Driver/Src/stm32f1xx_hal_rtc.c ****        registers and backup SRAM) is protected against possible unwanted write
 116:Drivers/STM32F1xx_HAL_Driver/Src/stm32f1xx_hal_rtc.c ****        accesses.
 117:Drivers/STM32F1xx_HAL_Driver/Src/stm32f1xx_hal_rtc.c ****   [..] To enable access to the RTC Domain and RTC registers, proceed as follows:
 118:Drivers/STM32F1xx_HAL_Driver/Src/stm32f1xx_hal_rtc.c ****     (+) Call the function HAL_RCCEx_PeriphCLKConfig in using RCC_PERIPHCLK_RTC for
 119:Drivers/STM32F1xx_HAL_Driver/Src/stm32f1xx_hal_rtc.c ****         PeriphClockSelection and select RTCClockSelection (LSE, LSI or HSE)
 120:Drivers/STM32F1xx_HAL_Driver/Src/stm32f1xx_hal_rtc.c ****     (+) Enable the BKP clock in using __HAL_RCC_BKP_CLK_ENABLE()
 121:Drivers/STM32F1xx_HAL_Driver/Src/stm32f1xx_hal_rtc.c **** 
 122:Drivers/STM32F1xx_HAL_Driver/Src/stm32f1xx_hal_rtc.c ****                   ##### RTC and low power modes #####
 123:Drivers/STM32F1xx_HAL_Driver/Src/stm32f1xx_hal_rtc.c ****   ==================================================================
 124:Drivers/STM32F1xx_HAL_Driver/Src/stm32f1xx_hal_rtc.c ****   [..] The MCU can be woken up from a low power mode by an RTC alternate
 125:Drivers/STM32F1xx_HAL_Driver/Src/stm32f1xx_hal_rtc.c ****        function.
 126:Drivers/STM32F1xx_HAL_Driver/Src/stm32f1xx_hal_rtc.c ****   [..] The RTC alternate functions are the RTC alarms (Alarm A),
 127:Drivers/STM32F1xx_HAL_Driver/Src/stm32f1xx_hal_rtc.c ****        and RTC tamper event detection.
 128:Drivers/STM32F1xx_HAL_Driver/Src/stm32f1xx_hal_rtc.c ****        These RTC alternate functions can wake up the system from the Stop and
 129:Drivers/STM32F1xx_HAL_Driver/Src/stm32f1xx_hal_rtc.c ****        Standby low power modes.
 130:Drivers/STM32F1xx_HAL_Driver/Src/stm32f1xx_hal_rtc.c ****   [..] The system can also wake up from low power modes without depending
 131:Drivers/STM32F1xx_HAL_Driver/Src/stm32f1xx_hal_rtc.c ****        on an external interrupt (Auto-wakeup mode), by using the RTC alarm.
 132:Drivers/STM32F1xx_HAL_Driver/Src/stm32f1xx_hal_rtc.c **** 
 133:Drivers/STM32F1xx_HAL_Driver/Src/stm32f1xx_hal_rtc.c ****   *** Callback registration ***
 134:Drivers/STM32F1xx_HAL_Driver/Src/stm32f1xx_hal_rtc.c ****   =============================================
 135:Drivers/STM32F1xx_HAL_Driver/Src/stm32f1xx_hal_rtc.c ****   [..]
 136:Drivers/STM32F1xx_HAL_Driver/Src/stm32f1xx_hal_rtc.c ****   The compilation define  USE_HAL_RTC_REGISTER_CALLBACKS when set to 1
 137:Drivers/STM32F1xx_HAL_Driver/Src/stm32f1xx_hal_rtc.c ****   allows the user to configure dynamically the driver callbacks.
 138:Drivers/STM32F1xx_HAL_Driver/Src/stm32f1xx_hal_rtc.c ****   Use Function HAL_RTC_RegisterCallback() to register an interrupt callback.
 139:Drivers/STM32F1xx_HAL_Driver/Src/stm32f1xx_hal_rtc.c ****   
 140:Drivers/STM32F1xx_HAL_Driver/Src/stm32f1xx_hal_rtc.c ****   [..]
 141:Drivers/STM32F1xx_HAL_Driver/Src/stm32f1xx_hal_rtc.c ****   Function HAL_RTC_RegisterCallback() allows to register following callbacks:
 142:Drivers/STM32F1xx_HAL_Driver/Src/stm32f1xx_hal_rtc.c ****     (+) AlarmAEventCallback          : RTC Alarm A Event callback.
 143:Drivers/STM32F1xx_HAL_Driver/Src/stm32f1xx_hal_rtc.c ****     (+) Tamper1EventCallback         : RTC Tamper 1 Event callback.
 144:Drivers/STM32F1xx_HAL_Driver/Src/stm32f1xx_hal_rtc.c ****     (+) MspInitCallback              : RTC MspInit callback.
 145:Drivers/STM32F1xx_HAL_Driver/Src/stm32f1xx_hal_rtc.c ****     (+) MspDeInitCallback            : RTC MspDeInit callback.
 146:Drivers/STM32F1xx_HAL_Driver/Src/stm32f1xx_hal_rtc.c ****   [..]	  
ARM GAS  /tmp/ccLN6BmF.s 			page 4


 147:Drivers/STM32F1xx_HAL_Driver/Src/stm32f1xx_hal_rtc.c ****   This function takes as parameters the HAL peripheral handle, the Callback ID
 148:Drivers/STM32F1xx_HAL_Driver/Src/stm32f1xx_hal_rtc.c ****   and a pointer to the user callback function.
 149:Drivers/STM32F1xx_HAL_Driver/Src/stm32f1xx_hal_rtc.c ****   
 150:Drivers/STM32F1xx_HAL_Driver/Src/stm32f1xx_hal_rtc.c ****   [..]
 151:Drivers/STM32F1xx_HAL_Driver/Src/stm32f1xx_hal_rtc.c ****   Use function HAL_RTC_UnRegisterCallback() to reset a callback to the default
 152:Drivers/STM32F1xx_HAL_Driver/Src/stm32f1xx_hal_rtc.c ****   weak function.
 153:Drivers/STM32F1xx_HAL_Driver/Src/stm32f1xx_hal_rtc.c ****   HAL_RTC_UnRegisterCallback() takes as parameters the HAL peripheral handle,
 154:Drivers/STM32F1xx_HAL_Driver/Src/stm32f1xx_hal_rtc.c ****   and the Callback ID.
 155:Drivers/STM32F1xx_HAL_Driver/Src/stm32f1xx_hal_rtc.c ****   This function allows to reset following callbacks:
 156:Drivers/STM32F1xx_HAL_Driver/Src/stm32f1xx_hal_rtc.c ****     (+) AlarmAEventCallback          : RTC Alarm A Event callback.
 157:Drivers/STM32F1xx_HAL_Driver/Src/stm32f1xx_hal_rtc.c ****     (+) Tamper1EventCallback         : RTC Tamper 1 Event callback.
 158:Drivers/STM32F1xx_HAL_Driver/Src/stm32f1xx_hal_rtc.c ****     (+) MspInitCallback              : RTC MspInit callback.
 159:Drivers/STM32F1xx_HAL_Driver/Src/stm32f1xx_hal_rtc.c ****     (+) MspDeInitCallback            : RTC MspDeInit callback.
 160:Drivers/STM32F1xx_HAL_Driver/Src/stm32f1xx_hal_rtc.c ****   [..]
 161:Drivers/STM32F1xx_HAL_Driver/Src/stm32f1xx_hal_rtc.c ****   By default, after the HAL_RTC_Init() and when the state is HAL_RTC_STATE_RESET,
 162:Drivers/STM32F1xx_HAL_Driver/Src/stm32f1xx_hal_rtc.c ****   all callbacks are set to the corresponding weak functions :
 163:Drivers/STM32F1xx_HAL_Driver/Src/stm32f1xx_hal_rtc.c ****   example AlarmAEventCallback().
 164:Drivers/STM32F1xx_HAL_Driver/Src/stm32f1xx_hal_rtc.c ****   Exception done for MspInit and MspDeInit callbacks that are reset to the legacy weak function
 165:Drivers/STM32F1xx_HAL_Driver/Src/stm32f1xx_hal_rtc.c ****   in the HAL_RTC_Init()/HAL_RTC_DeInit() only when these callbacks are null
 166:Drivers/STM32F1xx_HAL_Driver/Src/stm32f1xx_hal_rtc.c ****   (not registered beforehand).
 167:Drivers/STM32F1xx_HAL_Driver/Src/stm32f1xx_hal_rtc.c ****   If not, MspInit or MspDeInit are not null, HAL_RTC_Init()/HAL_RTC_DeInit()
 168:Drivers/STM32F1xx_HAL_Driver/Src/stm32f1xx_hal_rtc.c ****   keep and use the user MspInit/MspDeInit callbacks (registered beforehand)
 169:Drivers/STM32F1xx_HAL_Driver/Src/stm32f1xx_hal_rtc.c ****   [..]
 170:Drivers/STM32F1xx_HAL_Driver/Src/stm32f1xx_hal_rtc.c ****   Callbacks can be registered/unregistered in HAL_RTC_STATE_READY state only.
 171:Drivers/STM32F1xx_HAL_Driver/Src/stm32f1xx_hal_rtc.c ****   Exception done MspInit/MspDeInit that can be registered/unregistered
 172:Drivers/STM32F1xx_HAL_Driver/Src/stm32f1xx_hal_rtc.c ****   in HAL_RTC_STATE_READY or HAL_RTC_STATE_RESET state,
 173:Drivers/STM32F1xx_HAL_Driver/Src/stm32f1xx_hal_rtc.c ****   thus registered (user) MspInit/DeInit callbacks can be used during the Init/DeInit.
 174:Drivers/STM32F1xx_HAL_Driver/Src/stm32f1xx_hal_rtc.c ****   In that case first register the MspInit/MspDeInit user callbacks
 175:Drivers/STM32F1xx_HAL_Driver/Src/stm32f1xx_hal_rtc.c ****   using HAL_RTC_RegisterCallback() before calling HAL_RTC_DeInit()
 176:Drivers/STM32F1xx_HAL_Driver/Src/stm32f1xx_hal_rtc.c ****   or HAL_RTC_Init() function.
 177:Drivers/STM32F1xx_HAL_Driver/Src/stm32f1xx_hal_rtc.c ****   [..]
 178:Drivers/STM32F1xx_HAL_Driver/Src/stm32f1xx_hal_rtc.c ****   When The compilation define USE_HAL_RTC_REGISTER_CALLBACKS is set to 0 or
 179:Drivers/STM32F1xx_HAL_Driver/Src/stm32f1xx_hal_rtc.c ****   not defined, the callback registration feature is not available and all callbacks
 180:Drivers/STM32F1xx_HAL_Driver/Src/stm32f1xx_hal_rtc.c ****   are set to the corresponding weak functions.
 181:Drivers/STM32F1xx_HAL_Driver/Src/stm32f1xx_hal_rtc.c **** 
 182:Drivers/STM32F1xx_HAL_Driver/Src/stm32f1xx_hal_rtc.c ****   @endverbatim
 183:Drivers/STM32F1xx_HAL_Driver/Src/stm32f1xx_hal_rtc.c ****   ******************************************************************************
 184:Drivers/STM32F1xx_HAL_Driver/Src/stm32f1xx_hal_rtc.c ****   */
 185:Drivers/STM32F1xx_HAL_Driver/Src/stm32f1xx_hal_rtc.c **** 
 186:Drivers/STM32F1xx_HAL_Driver/Src/stm32f1xx_hal_rtc.c **** /* Includes ------------------------------------------------------------------*/
 187:Drivers/STM32F1xx_HAL_Driver/Src/stm32f1xx_hal_rtc.c **** #include "stm32f1xx_hal.h"
 188:Drivers/STM32F1xx_HAL_Driver/Src/stm32f1xx_hal_rtc.c **** 
 189:Drivers/STM32F1xx_HAL_Driver/Src/stm32f1xx_hal_rtc.c **** /** @addtogroup STM32F1xx_HAL_Driver
 190:Drivers/STM32F1xx_HAL_Driver/Src/stm32f1xx_hal_rtc.c ****   * @{
 191:Drivers/STM32F1xx_HAL_Driver/Src/stm32f1xx_hal_rtc.c ****   */
 192:Drivers/STM32F1xx_HAL_Driver/Src/stm32f1xx_hal_rtc.c **** 
 193:Drivers/STM32F1xx_HAL_Driver/Src/stm32f1xx_hal_rtc.c **** /** @defgroup RTC RTC
 194:Drivers/STM32F1xx_HAL_Driver/Src/stm32f1xx_hal_rtc.c ****   * @brief RTC HAL module driver
 195:Drivers/STM32F1xx_HAL_Driver/Src/stm32f1xx_hal_rtc.c ****   * @{
 196:Drivers/STM32F1xx_HAL_Driver/Src/stm32f1xx_hal_rtc.c ****   */
 197:Drivers/STM32F1xx_HAL_Driver/Src/stm32f1xx_hal_rtc.c **** 
 198:Drivers/STM32F1xx_HAL_Driver/Src/stm32f1xx_hal_rtc.c **** #ifdef HAL_RTC_MODULE_ENABLED
 199:Drivers/STM32F1xx_HAL_Driver/Src/stm32f1xx_hal_rtc.c **** 
 200:Drivers/STM32F1xx_HAL_Driver/Src/stm32f1xx_hal_rtc.c **** /* Private typedef -----------------------------------------------------------*/
 201:Drivers/STM32F1xx_HAL_Driver/Src/stm32f1xx_hal_rtc.c **** /* Private define ------------------------------------------------------------*/
 202:Drivers/STM32F1xx_HAL_Driver/Src/stm32f1xx_hal_rtc.c **** /** @defgroup RTC_Private_Constants RTC Private Constants
 203:Drivers/STM32F1xx_HAL_Driver/Src/stm32f1xx_hal_rtc.c ****   * @{
ARM GAS  /tmp/ccLN6BmF.s 			page 5


 204:Drivers/STM32F1xx_HAL_Driver/Src/stm32f1xx_hal_rtc.c ****   */
 205:Drivers/STM32F1xx_HAL_Driver/Src/stm32f1xx_hal_rtc.c **** #define RTC_ALARM_RESETVALUE_REGISTER    (uint16_t)0xFFFF
 206:Drivers/STM32F1xx_HAL_Driver/Src/stm32f1xx_hal_rtc.c **** #define RTC_ALARM_RESETVALUE             0xFFFFFFFFU
 207:Drivers/STM32F1xx_HAL_Driver/Src/stm32f1xx_hal_rtc.c **** 
 208:Drivers/STM32F1xx_HAL_Driver/Src/stm32f1xx_hal_rtc.c **** /**
 209:Drivers/STM32F1xx_HAL_Driver/Src/stm32f1xx_hal_rtc.c ****   * @}
 210:Drivers/STM32F1xx_HAL_Driver/Src/stm32f1xx_hal_rtc.c ****   */
 211:Drivers/STM32F1xx_HAL_Driver/Src/stm32f1xx_hal_rtc.c **** 
 212:Drivers/STM32F1xx_HAL_Driver/Src/stm32f1xx_hal_rtc.c **** /* Private macro -------------------------------------------------------------*/
 213:Drivers/STM32F1xx_HAL_Driver/Src/stm32f1xx_hal_rtc.c **** /** @defgroup RTC_Private_Macros RTC Private Macros
 214:Drivers/STM32F1xx_HAL_Driver/Src/stm32f1xx_hal_rtc.c ****   * @{
 215:Drivers/STM32F1xx_HAL_Driver/Src/stm32f1xx_hal_rtc.c ****   */
 216:Drivers/STM32F1xx_HAL_Driver/Src/stm32f1xx_hal_rtc.c **** /**
 217:Drivers/STM32F1xx_HAL_Driver/Src/stm32f1xx_hal_rtc.c ****   * @}
 218:Drivers/STM32F1xx_HAL_Driver/Src/stm32f1xx_hal_rtc.c ****   */
 219:Drivers/STM32F1xx_HAL_Driver/Src/stm32f1xx_hal_rtc.c **** 
 220:Drivers/STM32F1xx_HAL_Driver/Src/stm32f1xx_hal_rtc.c **** /* Private variables ---------------------------------------------------------*/
 221:Drivers/STM32F1xx_HAL_Driver/Src/stm32f1xx_hal_rtc.c **** /* Private function prototypes -----------------------------------------------*/
 222:Drivers/STM32F1xx_HAL_Driver/Src/stm32f1xx_hal_rtc.c **** /** @defgroup RTC_Private_Functions RTC Private Functions
 223:Drivers/STM32F1xx_HAL_Driver/Src/stm32f1xx_hal_rtc.c ****   * @{
 224:Drivers/STM32F1xx_HAL_Driver/Src/stm32f1xx_hal_rtc.c ****   */
 225:Drivers/STM32F1xx_HAL_Driver/Src/stm32f1xx_hal_rtc.c **** static uint32_t           RTC_ReadTimeCounter(RTC_HandleTypeDef *hrtc);
 226:Drivers/STM32F1xx_HAL_Driver/Src/stm32f1xx_hal_rtc.c **** static HAL_StatusTypeDef  RTC_WriteTimeCounter(RTC_HandleTypeDef *hrtc, uint32_t TimeCounter);
 227:Drivers/STM32F1xx_HAL_Driver/Src/stm32f1xx_hal_rtc.c **** static uint32_t           RTC_ReadAlarmCounter(RTC_HandleTypeDef *hrtc);
 228:Drivers/STM32F1xx_HAL_Driver/Src/stm32f1xx_hal_rtc.c **** static HAL_StatusTypeDef  RTC_WriteAlarmCounter(RTC_HandleTypeDef *hrtc, uint32_t AlarmCounter);
 229:Drivers/STM32F1xx_HAL_Driver/Src/stm32f1xx_hal_rtc.c **** static HAL_StatusTypeDef  RTC_EnterInitMode(RTC_HandleTypeDef *hrtc);
 230:Drivers/STM32F1xx_HAL_Driver/Src/stm32f1xx_hal_rtc.c **** static HAL_StatusTypeDef  RTC_ExitInitMode(RTC_HandleTypeDef *hrtc);
 231:Drivers/STM32F1xx_HAL_Driver/Src/stm32f1xx_hal_rtc.c **** static uint8_t            RTC_ByteToBcd2(uint8_t Value);
 232:Drivers/STM32F1xx_HAL_Driver/Src/stm32f1xx_hal_rtc.c **** static uint8_t            RTC_Bcd2ToByte(uint8_t Value);
 233:Drivers/STM32F1xx_HAL_Driver/Src/stm32f1xx_hal_rtc.c **** static uint8_t            RTC_IsLeapYear(uint16_t nYear);
 234:Drivers/STM32F1xx_HAL_Driver/Src/stm32f1xx_hal_rtc.c **** static void               RTC_DateUpdate(RTC_HandleTypeDef *hrtc, uint32_t DayElapsed);
 235:Drivers/STM32F1xx_HAL_Driver/Src/stm32f1xx_hal_rtc.c **** static uint8_t            RTC_WeekDayNum(uint32_t nYear, uint8_t nMonth, uint8_t nDay);
 236:Drivers/STM32F1xx_HAL_Driver/Src/stm32f1xx_hal_rtc.c **** 
 237:Drivers/STM32F1xx_HAL_Driver/Src/stm32f1xx_hal_rtc.c **** /**
 238:Drivers/STM32F1xx_HAL_Driver/Src/stm32f1xx_hal_rtc.c ****   * @}
 239:Drivers/STM32F1xx_HAL_Driver/Src/stm32f1xx_hal_rtc.c ****   */
 240:Drivers/STM32F1xx_HAL_Driver/Src/stm32f1xx_hal_rtc.c **** 
 241:Drivers/STM32F1xx_HAL_Driver/Src/stm32f1xx_hal_rtc.c **** /* Private functions ---------------------------------------------------------*/
 242:Drivers/STM32F1xx_HAL_Driver/Src/stm32f1xx_hal_rtc.c **** /** @defgroup RTC_Exported_Functions RTC Exported Functions
 243:Drivers/STM32F1xx_HAL_Driver/Src/stm32f1xx_hal_rtc.c ****   * @{
 244:Drivers/STM32F1xx_HAL_Driver/Src/stm32f1xx_hal_rtc.c ****   */
 245:Drivers/STM32F1xx_HAL_Driver/Src/stm32f1xx_hal_rtc.c **** 
 246:Drivers/STM32F1xx_HAL_Driver/Src/stm32f1xx_hal_rtc.c **** /** @defgroup RTC_Exported_Functions_Group1 Initialization and de-initialization functions
 247:Drivers/STM32F1xx_HAL_Driver/Src/stm32f1xx_hal_rtc.c ****  *  @brief    Initialization and Configuration functions
 248:Drivers/STM32F1xx_HAL_Driver/Src/stm32f1xx_hal_rtc.c ****  *
 249:Drivers/STM32F1xx_HAL_Driver/Src/stm32f1xx_hal_rtc.c **** @verbatim
 250:Drivers/STM32F1xx_HAL_Driver/Src/stm32f1xx_hal_rtc.c ****  ===============================================================================
 251:Drivers/STM32F1xx_HAL_Driver/Src/stm32f1xx_hal_rtc.c ****               ##### Initialization and de-initialization functions #####
 252:Drivers/STM32F1xx_HAL_Driver/Src/stm32f1xx_hal_rtc.c ****  ===============================================================================
 253:Drivers/STM32F1xx_HAL_Driver/Src/stm32f1xx_hal_rtc.c ****    [..] This section provides functions allowing to initialize and configure the
 254:Drivers/STM32F1xx_HAL_Driver/Src/stm32f1xx_hal_rtc.c ****          RTC Prescaler (Asynchronous), disable RTC registers Write protection,
 255:Drivers/STM32F1xx_HAL_Driver/Src/stm32f1xx_hal_rtc.c ****          enter and exit the RTC initialization mode,
 256:Drivers/STM32F1xx_HAL_Driver/Src/stm32f1xx_hal_rtc.c ****          RTC registers synchronization check and reference clock detection enable.
 257:Drivers/STM32F1xx_HAL_Driver/Src/stm32f1xx_hal_rtc.c ****          (#) The RTC Prescaler should be programmed to generate the RTC 1Hz time base.
 258:Drivers/STM32F1xx_HAL_Driver/Src/stm32f1xx_hal_rtc.c ****          (#) All RTC registers are Write protected. Writing to the RTC registers
 259:Drivers/STM32F1xx_HAL_Driver/Src/stm32f1xx_hal_rtc.c ****              is enabled by setting the CNF bit in the RTC_CRL register.
 260:Drivers/STM32F1xx_HAL_Driver/Src/stm32f1xx_hal_rtc.c ****          (#) To read the calendar after wakeup from low power modes (Standby or Stop)
ARM GAS  /tmp/ccLN6BmF.s 			page 6


 261:Drivers/STM32F1xx_HAL_Driver/Src/stm32f1xx_hal_rtc.c ****              the software must first wait for the RSF bit (Register Synchronized Flag)
 262:Drivers/STM32F1xx_HAL_Driver/Src/stm32f1xx_hal_rtc.c ****              in the RTC_CRL register to be set by hardware.
 263:Drivers/STM32F1xx_HAL_Driver/Src/stm32f1xx_hal_rtc.c ****              The HAL_RTC_WaitForSynchro() function implements the above software
 264:Drivers/STM32F1xx_HAL_Driver/Src/stm32f1xx_hal_rtc.c ****              sequence (RSF clear and RSF check).
 265:Drivers/STM32F1xx_HAL_Driver/Src/stm32f1xx_hal_rtc.c **** 
 266:Drivers/STM32F1xx_HAL_Driver/Src/stm32f1xx_hal_rtc.c **** @endverbatim
 267:Drivers/STM32F1xx_HAL_Driver/Src/stm32f1xx_hal_rtc.c ****   * @{
 268:Drivers/STM32F1xx_HAL_Driver/Src/stm32f1xx_hal_rtc.c ****   */
 269:Drivers/STM32F1xx_HAL_Driver/Src/stm32f1xx_hal_rtc.c **** 
 270:Drivers/STM32F1xx_HAL_Driver/Src/stm32f1xx_hal_rtc.c **** /**
 271:Drivers/STM32F1xx_HAL_Driver/Src/stm32f1xx_hal_rtc.c ****   * @brief  Initializes the RTC peripheral
 272:Drivers/STM32F1xx_HAL_Driver/Src/stm32f1xx_hal_rtc.c ****   * @param  hrtc   pointer to a RTC_HandleTypeDef structure that contains
 273:Drivers/STM32F1xx_HAL_Driver/Src/stm32f1xx_hal_rtc.c ****   *                the configuration information for RTC.
 274:Drivers/STM32F1xx_HAL_Driver/Src/stm32f1xx_hal_rtc.c ****   * @retval HAL status
 275:Drivers/STM32F1xx_HAL_Driver/Src/stm32f1xx_hal_rtc.c ****   */
 276:Drivers/STM32F1xx_HAL_Driver/Src/stm32f1xx_hal_rtc.c **** HAL_StatusTypeDef HAL_RTC_Init(RTC_HandleTypeDef *hrtc)
 277:Drivers/STM32F1xx_HAL_Driver/Src/stm32f1xx_hal_rtc.c **** {
 278:Drivers/STM32F1xx_HAL_Driver/Src/stm32f1xx_hal_rtc.c ****   uint32_t prescaler = 0U;
 279:Drivers/STM32F1xx_HAL_Driver/Src/stm32f1xx_hal_rtc.c ****   /* Check input parameters */
 280:Drivers/STM32F1xx_HAL_Driver/Src/stm32f1xx_hal_rtc.c ****   if (hrtc == NULL)
 281:Drivers/STM32F1xx_HAL_Driver/Src/stm32f1xx_hal_rtc.c ****   {
 282:Drivers/STM32F1xx_HAL_Driver/Src/stm32f1xx_hal_rtc.c ****     return HAL_ERROR;
 283:Drivers/STM32F1xx_HAL_Driver/Src/stm32f1xx_hal_rtc.c ****   }
 284:Drivers/STM32F1xx_HAL_Driver/Src/stm32f1xx_hal_rtc.c **** 
 285:Drivers/STM32F1xx_HAL_Driver/Src/stm32f1xx_hal_rtc.c ****   /* Check the parameters */
 286:Drivers/STM32F1xx_HAL_Driver/Src/stm32f1xx_hal_rtc.c ****   assert_param(IS_RTC_ALL_INSTANCE(hrtc->Instance));
 287:Drivers/STM32F1xx_HAL_Driver/Src/stm32f1xx_hal_rtc.c ****   assert_param(IS_RTC_CALIB_OUTPUT(hrtc->Init.OutPut));
 288:Drivers/STM32F1xx_HAL_Driver/Src/stm32f1xx_hal_rtc.c ****   assert_param(IS_RTC_ASYNCH_PREDIV(hrtc->Init.AsynchPrediv));
 289:Drivers/STM32F1xx_HAL_Driver/Src/stm32f1xx_hal_rtc.c **** 
 290:Drivers/STM32F1xx_HAL_Driver/Src/stm32f1xx_hal_rtc.c **** #if (USE_HAL_RTC_REGISTER_CALLBACKS == 1)
 291:Drivers/STM32F1xx_HAL_Driver/Src/stm32f1xx_hal_rtc.c ****   if (hrtc->State == HAL_RTC_STATE_RESET)
 292:Drivers/STM32F1xx_HAL_Driver/Src/stm32f1xx_hal_rtc.c ****   {
 293:Drivers/STM32F1xx_HAL_Driver/Src/stm32f1xx_hal_rtc.c ****     /* Allocate lock resource and initialize it */
 294:Drivers/STM32F1xx_HAL_Driver/Src/stm32f1xx_hal_rtc.c ****     hrtc->Lock = HAL_UNLOCKED;
 295:Drivers/STM32F1xx_HAL_Driver/Src/stm32f1xx_hal_rtc.c **** 
 296:Drivers/STM32F1xx_HAL_Driver/Src/stm32f1xx_hal_rtc.c ****     hrtc->AlarmAEventCallback          =  HAL_RTC_AlarmAEventCallback;        /* Legacy weak AlarmA
 297:Drivers/STM32F1xx_HAL_Driver/Src/stm32f1xx_hal_rtc.c ****     hrtc->Tamper1EventCallback         =  HAL_RTCEx_Tamper1EventCallback;     /* Legacy weak Tamper
 298:Drivers/STM32F1xx_HAL_Driver/Src/stm32f1xx_hal_rtc.c **** 
 299:Drivers/STM32F1xx_HAL_Driver/Src/stm32f1xx_hal_rtc.c ****     if (hrtc->MspInitCallback == NULL)
 300:Drivers/STM32F1xx_HAL_Driver/Src/stm32f1xx_hal_rtc.c ****     {
 301:Drivers/STM32F1xx_HAL_Driver/Src/stm32f1xx_hal_rtc.c ****       hrtc->MspInitCallback = HAL_RTC_MspInit;
 302:Drivers/STM32F1xx_HAL_Driver/Src/stm32f1xx_hal_rtc.c ****     }
 303:Drivers/STM32F1xx_HAL_Driver/Src/stm32f1xx_hal_rtc.c ****     /* Init the low level hardware */
 304:Drivers/STM32F1xx_HAL_Driver/Src/stm32f1xx_hal_rtc.c ****     hrtc->MspInitCallback(hrtc);
 305:Drivers/STM32F1xx_HAL_Driver/Src/stm32f1xx_hal_rtc.c **** 
 306:Drivers/STM32F1xx_HAL_Driver/Src/stm32f1xx_hal_rtc.c ****     if (hrtc->MspDeInitCallback == NULL)
 307:Drivers/STM32F1xx_HAL_Driver/Src/stm32f1xx_hal_rtc.c ****     {
 308:Drivers/STM32F1xx_HAL_Driver/Src/stm32f1xx_hal_rtc.c ****       hrtc->MspDeInitCallback = HAL_RTC_MspDeInit;
 309:Drivers/STM32F1xx_HAL_Driver/Src/stm32f1xx_hal_rtc.c ****     }
 310:Drivers/STM32F1xx_HAL_Driver/Src/stm32f1xx_hal_rtc.c ****   }
 311:Drivers/STM32F1xx_HAL_Driver/Src/stm32f1xx_hal_rtc.c **** #else
 312:Drivers/STM32F1xx_HAL_Driver/Src/stm32f1xx_hal_rtc.c ****   if (hrtc->State == HAL_RTC_STATE_RESET)
 313:Drivers/STM32F1xx_HAL_Driver/Src/stm32f1xx_hal_rtc.c ****   {
 314:Drivers/STM32F1xx_HAL_Driver/Src/stm32f1xx_hal_rtc.c ****     /* Allocate lock resource and initialize it */
 315:Drivers/STM32F1xx_HAL_Driver/Src/stm32f1xx_hal_rtc.c ****     hrtc->Lock = HAL_UNLOCKED;
 316:Drivers/STM32F1xx_HAL_Driver/Src/stm32f1xx_hal_rtc.c **** 
 317:Drivers/STM32F1xx_HAL_Driver/Src/stm32f1xx_hal_rtc.c ****     /* Initialize RTC MSP */
ARM GAS  /tmp/ccLN6BmF.s 			page 7


 318:Drivers/STM32F1xx_HAL_Driver/Src/stm32f1xx_hal_rtc.c ****     HAL_RTC_MspInit(hrtc);
 319:Drivers/STM32F1xx_HAL_Driver/Src/stm32f1xx_hal_rtc.c ****   }
 320:Drivers/STM32F1xx_HAL_Driver/Src/stm32f1xx_hal_rtc.c **** #endif /* (USE_HAL_RTC_REGISTER_CALLBACKS) */
 321:Drivers/STM32F1xx_HAL_Driver/Src/stm32f1xx_hal_rtc.c **** 
 322:Drivers/STM32F1xx_HAL_Driver/Src/stm32f1xx_hal_rtc.c ****   /* Set RTC state */
 323:Drivers/STM32F1xx_HAL_Driver/Src/stm32f1xx_hal_rtc.c ****   hrtc->State = HAL_RTC_STATE_BUSY;
 324:Drivers/STM32F1xx_HAL_Driver/Src/stm32f1xx_hal_rtc.c **** 
 325:Drivers/STM32F1xx_HAL_Driver/Src/stm32f1xx_hal_rtc.c ****   /* Waiting for synchro */
 326:Drivers/STM32F1xx_HAL_Driver/Src/stm32f1xx_hal_rtc.c ****   if (HAL_RTC_WaitForSynchro(hrtc) != HAL_OK)
 327:Drivers/STM32F1xx_HAL_Driver/Src/stm32f1xx_hal_rtc.c ****   {
 328:Drivers/STM32F1xx_HAL_Driver/Src/stm32f1xx_hal_rtc.c ****     /* Set RTC state */
 329:Drivers/STM32F1xx_HAL_Driver/Src/stm32f1xx_hal_rtc.c ****     hrtc->State = HAL_RTC_STATE_ERROR;
 330:Drivers/STM32F1xx_HAL_Driver/Src/stm32f1xx_hal_rtc.c **** 
 331:Drivers/STM32F1xx_HAL_Driver/Src/stm32f1xx_hal_rtc.c ****     return HAL_ERROR;
 332:Drivers/STM32F1xx_HAL_Driver/Src/stm32f1xx_hal_rtc.c ****   }
 333:Drivers/STM32F1xx_HAL_Driver/Src/stm32f1xx_hal_rtc.c **** 
 334:Drivers/STM32F1xx_HAL_Driver/Src/stm32f1xx_hal_rtc.c ****   /* Set Initialization mode */
 335:Drivers/STM32F1xx_HAL_Driver/Src/stm32f1xx_hal_rtc.c ****   if (RTC_EnterInitMode(hrtc) != HAL_OK)
 336:Drivers/STM32F1xx_HAL_Driver/Src/stm32f1xx_hal_rtc.c ****   {
 337:Drivers/STM32F1xx_HAL_Driver/Src/stm32f1xx_hal_rtc.c ****     /* Set RTC state */
 338:Drivers/STM32F1xx_HAL_Driver/Src/stm32f1xx_hal_rtc.c ****     hrtc->State = HAL_RTC_STATE_ERROR;
 339:Drivers/STM32F1xx_HAL_Driver/Src/stm32f1xx_hal_rtc.c **** 
 340:Drivers/STM32F1xx_HAL_Driver/Src/stm32f1xx_hal_rtc.c ****     return HAL_ERROR;
 341:Drivers/STM32F1xx_HAL_Driver/Src/stm32f1xx_hal_rtc.c ****   }
 342:Drivers/STM32F1xx_HAL_Driver/Src/stm32f1xx_hal_rtc.c ****   else
 343:Drivers/STM32F1xx_HAL_Driver/Src/stm32f1xx_hal_rtc.c ****   {
 344:Drivers/STM32F1xx_HAL_Driver/Src/stm32f1xx_hal_rtc.c ****     /* Clear Flags Bits */
 345:Drivers/STM32F1xx_HAL_Driver/Src/stm32f1xx_hal_rtc.c ****     CLEAR_BIT(hrtc->Instance->CRL, (RTC_FLAG_OW | RTC_FLAG_ALRAF | RTC_FLAG_SEC));
 346:Drivers/STM32F1xx_HAL_Driver/Src/stm32f1xx_hal_rtc.c **** 
 347:Drivers/STM32F1xx_HAL_Driver/Src/stm32f1xx_hal_rtc.c ****     if (hrtc->Init.OutPut != RTC_OUTPUTSOURCE_NONE)
 348:Drivers/STM32F1xx_HAL_Driver/Src/stm32f1xx_hal_rtc.c ****     {
 349:Drivers/STM32F1xx_HAL_Driver/Src/stm32f1xx_hal_rtc.c ****       /* Disable the selected Tamper pin */
 350:Drivers/STM32F1xx_HAL_Driver/Src/stm32f1xx_hal_rtc.c ****       CLEAR_BIT(BKP->CR, BKP_CR_TPE);
 351:Drivers/STM32F1xx_HAL_Driver/Src/stm32f1xx_hal_rtc.c ****     }
 352:Drivers/STM32F1xx_HAL_Driver/Src/stm32f1xx_hal_rtc.c **** 
 353:Drivers/STM32F1xx_HAL_Driver/Src/stm32f1xx_hal_rtc.c ****     /* Set the signal which will be routed to RTC Tamper pin*/
 354:Drivers/STM32F1xx_HAL_Driver/Src/stm32f1xx_hal_rtc.c ****     MODIFY_REG(BKP->RTCCR, (BKP_RTCCR_CCO | BKP_RTCCR_ASOE | BKP_RTCCR_ASOS), hrtc->Init.OutPut);
 355:Drivers/STM32F1xx_HAL_Driver/Src/stm32f1xx_hal_rtc.c **** 
 356:Drivers/STM32F1xx_HAL_Driver/Src/stm32f1xx_hal_rtc.c ****     if (hrtc->Init.AsynchPrediv != RTC_AUTO_1_SECOND)
 357:Drivers/STM32F1xx_HAL_Driver/Src/stm32f1xx_hal_rtc.c ****     {
 358:Drivers/STM32F1xx_HAL_Driver/Src/stm32f1xx_hal_rtc.c ****       /* RTC Prescaler provided directly by end-user*/
 359:Drivers/STM32F1xx_HAL_Driver/Src/stm32f1xx_hal_rtc.c ****       prescaler = hrtc->Init.AsynchPrediv;
 360:Drivers/STM32F1xx_HAL_Driver/Src/stm32f1xx_hal_rtc.c ****     }
 361:Drivers/STM32F1xx_HAL_Driver/Src/stm32f1xx_hal_rtc.c ****     else
 362:Drivers/STM32F1xx_HAL_Driver/Src/stm32f1xx_hal_rtc.c ****     {
 363:Drivers/STM32F1xx_HAL_Driver/Src/stm32f1xx_hal_rtc.c ****       /* RTC Prescaler will be automatically calculated to get 1 second timebase */
 364:Drivers/STM32F1xx_HAL_Driver/Src/stm32f1xx_hal_rtc.c ****       /* Get the RTCCLK frequency */
 365:Drivers/STM32F1xx_HAL_Driver/Src/stm32f1xx_hal_rtc.c ****       prescaler = HAL_RCCEx_GetPeriphCLKFreq(RCC_PERIPHCLK_RTC);
 366:Drivers/STM32F1xx_HAL_Driver/Src/stm32f1xx_hal_rtc.c **** 
 367:Drivers/STM32F1xx_HAL_Driver/Src/stm32f1xx_hal_rtc.c ****       /* Check that RTC clock is enabled*/
 368:Drivers/STM32F1xx_HAL_Driver/Src/stm32f1xx_hal_rtc.c ****       if (prescaler == 0U)
 369:Drivers/STM32F1xx_HAL_Driver/Src/stm32f1xx_hal_rtc.c ****       {
 370:Drivers/STM32F1xx_HAL_Driver/Src/stm32f1xx_hal_rtc.c ****         /* Should not happen. Frequency is not available*/
 371:Drivers/STM32F1xx_HAL_Driver/Src/stm32f1xx_hal_rtc.c ****         hrtc->State = HAL_RTC_STATE_ERROR;
 372:Drivers/STM32F1xx_HAL_Driver/Src/stm32f1xx_hal_rtc.c ****         return HAL_ERROR;
 373:Drivers/STM32F1xx_HAL_Driver/Src/stm32f1xx_hal_rtc.c ****       }
 374:Drivers/STM32F1xx_HAL_Driver/Src/stm32f1xx_hal_rtc.c ****       else
ARM GAS  /tmp/ccLN6BmF.s 			page 8


 375:Drivers/STM32F1xx_HAL_Driver/Src/stm32f1xx_hal_rtc.c ****       {
 376:Drivers/STM32F1xx_HAL_Driver/Src/stm32f1xx_hal_rtc.c ****         /* RTC period = RTCCLK/(RTC_PR + 1) */
 377:Drivers/STM32F1xx_HAL_Driver/Src/stm32f1xx_hal_rtc.c ****         prescaler = prescaler - 1U;
 378:Drivers/STM32F1xx_HAL_Driver/Src/stm32f1xx_hal_rtc.c ****       }
 379:Drivers/STM32F1xx_HAL_Driver/Src/stm32f1xx_hal_rtc.c ****     }
 380:Drivers/STM32F1xx_HAL_Driver/Src/stm32f1xx_hal_rtc.c **** 
 381:Drivers/STM32F1xx_HAL_Driver/Src/stm32f1xx_hal_rtc.c ****     /* Configure the RTC_PRLH / RTC_PRLL */
 382:Drivers/STM32F1xx_HAL_Driver/Src/stm32f1xx_hal_rtc.c ****     WRITE_REG(hrtc->Instance->PRLH, ((prescaler >> 16U) & RTC_PRLH_PRL));
 383:Drivers/STM32F1xx_HAL_Driver/Src/stm32f1xx_hal_rtc.c ****     WRITE_REG(hrtc->Instance->PRLL, (prescaler & RTC_PRLL_PRL));
 384:Drivers/STM32F1xx_HAL_Driver/Src/stm32f1xx_hal_rtc.c **** 
 385:Drivers/STM32F1xx_HAL_Driver/Src/stm32f1xx_hal_rtc.c ****     /* Wait for synchro */
 386:Drivers/STM32F1xx_HAL_Driver/Src/stm32f1xx_hal_rtc.c ****     if (RTC_ExitInitMode(hrtc) != HAL_OK)
 387:Drivers/STM32F1xx_HAL_Driver/Src/stm32f1xx_hal_rtc.c ****     {
 388:Drivers/STM32F1xx_HAL_Driver/Src/stm32f1xx_hal_rtc.c ****       hrtc->State = HAL_RTC_STATE_ERROR;
 389:Drivers/STM32F1xx_HAL_Driver/Src/stm32f1xx_hal_rtc.c **** 
 390:Drivers/STM32F1xx_HAL_Driver/Src/stm32f1xx_hal_rtc.c ****       return HAL_ERROR;
 391:Drivers/STM32F1xx_HAL_Driver/Src/stm32f1xx_hal_rtc.c ****     }
 392:Drivers/STM32F1xx_HAL_Driver/Src/stm32f1xx_hal_rtc.c **** 
 393:Drivers/STM32F1xx_HAL_Driver/Src/stm32f1xx_hal_rtc.c ****     /* Initialize date to 1st of January 2000 */
 394:Drivers/STM32F1xx_HAL_Driver/Src/stm32f1xx_hal_rtc.c ****     hrtc->DateToUpdate.Year = 0x00U;
 395:Drivers/STM32F1xx_HAL_Driver/Src/stm32f1xx_hal_rtc.c ****     hrtc->DateToUpdate.Month = RTC_MONTH_JANUARY;
 396:Drivers/STM32F1xx_HAL_Driver/Src/stm32f1xx_hal_rtc.c ****     hrtc->DateToUpdate.Date = 0x01U;
 397:Drivers/STM32F1xx_HAL_Driver/Src/stm32f1xx_hal_rtc.c **** 
 398:Drivers/STM32F1xx_HAL_Driver/Src/stm32f1xx_hal_rtc.c ****     /* Set RTC state */
 399:Drivers/STM32F1xx_HAL_Driver/Src/stm32f1xx_hal_rtc.c ****     hrtc->State = HAL_RTC_STATE_READY;
 400:Drivers/STM32F1xx_HAL_Driver/Src/stm32f1xx_hal_rtc.c **** 
 401:Drivers/STM32F1xx_HAL_Driver/Src/stm32f1xx_hal_rtc.c ****     return HAL_OK;
 402:Drivers/STM32F1xx_HAL_Driver/Src/stm32f1xx_hal_rtc.c ****   }
 403:Drivers/STM32F1xx_HAL_Driver/Src/stm32f1xx_hal_rtc.c **** }
 404:Drivers/STM32F1xx_HAL_Driver/Src/stm32f1xx_hal_rtc.c **** 
 405:Drivers/STM32F1xx_HAL_Driver/Src/stm32f1xx_hal_rtc.c **** /**
 406:Drivers/STM32F1xx_HAL_Driver/Src/stm32f1xx_hal_rtc.c ****   * @brief  DeInitializes the RTC peripheral
 407:Drivers/STM32F1xx_HAL_Driver/Src/stm32f1xx_hal_rtc.c ****   * @param  hrtc   pointer to a RTC_HandleTypeDef structure that contains
 408:Drivers/STM32F1xx_HAL_Driver/Src/stm32f1xx_hal_rtc.c ****   *                the configuration information for RTC.
 409:Drivers/STM32F1xx_HAL_Driver/Src/stm32f1xx_hal_rtc.c ****   * @note   This function does not reset the RTC Backup Data registers.
 410:Drivers/STM32F1xx_HAL_Driver/Src/stm32f1xx_hal_rtc.c ****   * @retval HAL status
 411:Drivers/STM32F1xx_HAL_Driver/Src/stm32f1xx_hal_rtc.c ****   */
 412:Drivers/STM32F1xx_HAL_Driver/Src/stm32f1xx_hal_rtc.c **** HAL_StatusTypeDef HAL_RTC_DeInit(RTC_HandleTypeDef *hrtc)
 413:Drivers/STM32F1xx_HAL_Driver/Src/stm32f1xx_hal_rtc.c **** {
 414:Drivers/STM32F1xx_HAL_Driver/Src/stm32f1xx_hal_rtc.c ****   /* Check input parameters */
 415:Drivers/STM32F1xx_HAL_Driver/Src/stm32f1xx_hal_rtc.c ****   if (hrtc == NULL)
 416:Drivers/STM32F1xx_HAL_Driver/Src/stm32f1xx_hal_rtc.c ****   {
 417:Drivers/STM32F1xx_HAL_Driver/Src/stm32f1xx_hal_rtc.c ****     return HAL_ERROR;
 418:Drivers/STM32F1xx_HAL_Driver/Src/stm32f1xx_hal_rtc.c ****   }
 419:Drivers/STM32F1xx_HAL_Driver/Src/stm32f1xx_hal_rtc.c **** 
 420:Drivers/STM32F1xx_HAL_Driver/Src/stm32f1xx_hal_rtc.c ****   /* Check the parameters */
 421:Drivers/STM32F1xx_HAL_Driver/Src/stm32f1xx_hal_rtc.c ****   assert_param(IS_RTC_ALL_INSTANCE(hrtc->Instance));
 422:Drivers/STM32F1xx_HAL_Driver/Src/stm32f1xx_hal_rtc.c **** 
 423:Drivers/STM32F1xx_HAL_Driver/Src/stm32f1xx_hal_rtc.c ****   /* Set RTC state */
 424:Drivers/STM32F1xx_HAL_Driver/Src/stm32f1xx_hal_rtc.c ****   hrtc->State = HAL_RTC_STATE_BUSY;
 425:Drivers/STM32F1xx_HAL_Driver/Src/stm32f1xx_hal_rtc.c **** 
 426:Drivers/STM32F1xx_HAL_Driver/Src/stm32f1xx_hal_rtc.c ****   /* Set Initialization mode */
 427:Drivers/STM32F1xx_HAL_Driver/Src/stm32f1xx_hal_rtc.c ****   if (RTC_EnterInitMode(hrtc) != HAL_OK)
 428:Drivers/STM32F1xx_HAL_Driver/Src/stm32f1xx_hal_rtc.c ****   {
 429:Drivers/STM32F1xx_HAL_Driver/Src/stm32f1xx_hal_rtc.c ****     /* Set RTC state */
 430:Drivers/STM32F1xx_HAL_Driver/Src/stm32f1xx_hal_rtc.c ****     hrtc->State = HAL_RTC_STATE_ERROR;
 431:Drivers/STM32F1xx_HAL_Driver/Src/stm32f1xx_hal_rtc.c **** 
ARM GAS  /tmp/ccLN6BmF.s 			page 9


 432:Drivers/STM32F1xx_HAL_Driver/Src/stm32f1xx_hal_rtc.c ****     /* Release Lock */
 433:Drivers/STM32F1xx_HAL_Driver/Src/stm32f1xx_hal_rtc.c ****     __HAL_UNLOCK(hrtc);
 434:Drivers/STM32F1xx_HAL_Driver/Src/stm32f1xx_hal_rtc.c **** 
 435:Drivers/STM32F1xx_HAL_Driver/Src/stm32f1xx_hal_rtc.c ****     return HAL_ERROR;
 436:Drivers/STM32F1xx_HAL_Driver/Src/stm32f1xx_hal_rtc.c ****   }
 437:Drivers/STM32F1xx_HAL_Driver/Src/stm32f1xx_hal_rtc.c ****   else
 438:Drivers/STM32F1xx_HAL_Driver/Src/stm32f1xx_hal_rtc.c ****   {
 439:Drivers/STM32F1xx_HAL_Driver/Src/stm32f1xx_hal_rtc.c ****     CLEAR_REG(hrtc->Instance->CNTL);
 440:Drivers/STM32F1xx_HAL_Driver/Src/stm32f1xx_hal_rtc.c ****     CLEAR_REG(hrtc->Instance->CNTH);
 441:Drivers/STM32F1xx_HAL_Driver/Src/stm32f1xx_hal_rtc.c ****     WRITE_REG(hrtc->Instance->PRLL, 0x00008000U);
 442:Drivers/STM32F1xx_HAL_Driver/Src/stm32f1xx_hal_rtc.c ****     CLEAR_REG(hrtc->Instance->PRLH);
 443:Drivers/STM32F1xx_HAL_Driver/Src/stm32f1xx_hal_rtc.c **** 
 444:Drivers/STM32F1xx_HAL_Driver/Src/stm32f1xx_hal_rtc.c ****     /* Reset All CRH/CRL bits */
 445:Drivers/STM32F1xx_HAL_Driver/Src/stm32f1xx_hal_rtc.c ****     CLEAR_REG(hrtc->Instance->CRH);
 446:Drivers/STM32F1xx_HAL_Driver/Src/stm32f1xx_hal_rtc.c ****     CLEAR_REG(hrtc->Instance->CRL);
 447:Drivers/STM32F1xx_HAL_Driver/Src/stm32f1xx_hal_rtc.c **** 
 448:Drivers/STM32F1xx_HAL_Driver/Src/stm32f1xx_hal_rtc.c ****     if (RTC_ExitInitMode(hrtc) != HAL_OK)
 449:Drivers/STM32F1xx_HAL_Driver/Src/stm32f1xx_hal_rtc.c ****     {
 450:Drivers/STM32F1xx_HAL_Driver/Src/stm32f1xx_hal_rtc.c ****       hrtc->State = HAL_RTC_STATE_ERROR;
 451:Drivers/STM32F1xx_HAL_Driver/Src/stm32f1xx_hal_rtc.c **** 
 452:Drivers/STM32F1xx_HAL_Driver/Src/stm32f1xx_hal_rtc.c ****       /* Process Unlocked */
 453:Drivers/STM32F1xx_HAL_Driver/Src/stm32f1xx_hal_rtc.c ****       __HAL_UNLOCK(hrtc);
 454:Drivers/STM32F1xx_HAL_Driver/Src/stm32f1xx_hal_rtc.c **** 
 455:Drivers/STM32F1xx_HAL_Driver/Src/stm32f1xx_hal_rtc.c ****       return HAL_ERROR;
 456:Drivers/STM32F1xx_HAL_Driver/Src/stm32f1xx_hal_rtc.c ****     }
 457:Drivers/STM32F1xx_HAL_Driver/Src/stm32f1xx_hal_rtc.c ****   }
 458:Drivers/STM32F1xx_HAL_Driver/Src/stm32f1xx_hal_rtc.c **** 
 459:Drivers/STM32F1xx_HAL_Driver/Src/stm32f1xx_hal_rtc.c ****   /* Wait for synchro*/
 460:Drivers/STM32F1xx_HAL_Driver/Src/stm32f1xx_hal_rtc.c ****   HAL_RTC_WaitForSynchro(hrtc);
 461:Drivers/STM32F1xx_HAL_Driver/Src/stm32f1xx_hal_rtc.c **** 
 462:Drivers/STM32F1xx_HAL_Driver/Src/stm32f1xx_hal_rtc.c ****   /* Clear RSF flag */
 463:Drivers/STM32F1xx_HAL_Driver/Src/stm32f1xx_hal_rtc.c ****   CLEAR_BIT(hrtc->Instance->CRL, RTC_FLAG_RSF);
 464:Drivers/STM32F1xx_HAL_Driver/Src/stm32f1xx_hal_rtc.c **** 
 465:Drivers/STM32F1xx_HAL_Driver/Src/stm32f1xx_hal_rtc.c **** #if (USE_HAL_RTC_REGISTER_CALLBACKS == 1)
 466:Drivers/STM32F1xx_HAL_Driver/Src/stm32f1xx_hal_rtc.c ****   if (hrtc->MspDeInitCallback == NULL)
 467:Drivers/STM32F1xx_HAL_Driver/Src/stm32f1xx_hal_rtc.c ****   {
 468:Drivers/STM32F1xx_HAL_Driver/Src/stm32f1xx_hal_rtc.c ****     hrtc->MspDeInitCallback = HAL_RTC_MspDeInit;
 469:Drivers/STM32F1xx_HAL_Driver/Src/stm32f1xx_hal_rtc.c ****   }
 470:Drivers/STM32F1xx_HAL_Driver/Src/stm32f1xx_hal_rtc.c **** 
 471:Drivers/STM32F1xx_HAL_Driver/Src/stm32f1xx_hal_rtc.c ****   /* DeInit the low level hardware: CLOCK, NVIC.*/
 472:Drivers/STM32F1xx_HAL_Driver/Src/stm32f1xx_hal_rtc.c ****   hrtc->MspDeInitCallback(hrtc);
 473:Drivers/STM32F1xx_HAL_Driver/Src/stm32f1xx_hal_rtc.c **** 
 474:Drivers/STM32F1xx_HAL_Driver/Src/stm32f1xx_hal_rtc.c **** #else
 475:Drivers/STM32F1xx_HAL_Driver/Src/stm32f1xx_hal_rtc.c ****   /* De-Initialize RTC MSP */
 476:Drivers/STM32F1xx_HAL_Driver/Src/stm32f1xx_hal_rtc.c ****   HAL_RTC_MspDeInit(hrtc);
 477:Drivers/STM32F1xx_HAL_Driver/Src/stm32f1xx_hal_rtc.c **** #endif /* (USE_HAL_RTC_REGISTER_CALLBACKS) */
 478:Drivers/STM32F1xx_HAL_Driver/Src/stm32f1xx_hal_rtc.c **** 
 479:Drivers/STM32F1xx_HAL_Driver/Src/stm32f1xx_hal_rtc.c ****   hrtc->State = HAL_RTC_STATE_RESET;
 480:Drivers/STM32F1xx_HAL_Driver/Src/stm32f1xx_hal_rtc.c **** 
 481:Drivers/STM32F1xx_HAL_Driver/Src/stm32f1xx_hal_rtc.c ****   /* Release Lock */
 482:Drivers/STM32F1xx_HAL_Driver/Src/stm32f1xx_hal_rtc.c ****   __HAL_UNLOCK(hrtc);
 483:Drivers/STM32F1xx_HAL_Driver/Src/stm32f1xx_hal_rtc.c **** 
 484:Drivers/STM32F1xx_HAL_Driver/Src/stm32f1xx_hal_rtc.c ****   return HAL_OK;
 485:Drivers/STM32F1xx_HAL_Driver/Src/stm32f1xx_hal_rtc.c **** }
 486:Drivers/STM32F1xx_HAL_Driver/Src/stm32f1xx_hal_rtc.c **** 
 487:Drivers/STM32F1xx_HAL_Driver/Src/stm32f1xx_hal_rtc.c **** #if (USE_HAL_RTC_REGISTER_CALLBACKS == 1)
 488:Drivers/STM32F1xx_HAL_Driver/Src/stm32f1xx_hal_rtc.c **** /**
ARM GAS  /tmp/ccLN6BmF.s 			page 10


 489:Drivers/STM32F1xx_HAL_Driver/Src/stm32f1xx_hal_rtc.c ****   * @brief  Register a User RTC Callback
 490:Drivers/STM32F1xx_HAL_Driver/Src/stm32f1xx_hal_rtc.c ****   *         To be used instead of the weak predefined callback
 491:Drivers/STM32F1xx_HAL_Driver/Src/stm32f1xx_hal_rtc.c ****   * @param  hrtc RTC handle
 492:Drivers/STM32F1xx_HAL_Driver/Src/stm32f1xx_hal_rtc.c ****   * @param  CallbackID ID of the callback to be registered
 493:Drivers/STM32F1xx_HAL_Driver/Src/stm32f1xx_hal_rtc.c ****   *         This parameter can be one of the following values:
 494:Drivers/STM32F1xx_HAL_Driver/Src/stm32f1xx_hal_rtc.c ****   *          @arg @ref HAL_RTC_ALARM_A_EVENT_CB_ID          Alarm A Event Callback ID
 495:Drivers/STM32F1xx_HAL_Driver/Src/stm32f1xx_hal_rtc.c ****   *          @arg @ref HAL_RTC_TAMPER1_EVENT_CB_ID          Tamper 1 Callback ID
 496:Drivers/STM32F1xx_HAL_Driver/Src/stm32f1xx_hal_rtc.c ****   *          @arg @ref HAL_RTC_MSPINIT_CB_ID                Msp Init callback ID
 497:Drivers/STM32F1xx_HAL_Driver/Src/stm32f1xx_hal_rtc.c ****   *          @arg @ref HAL_RTC_MSPDEINIT_CB_ID              Msp DeInit callback ID
 498:Drivers/STM32F1xx_HAL_Driver/Src/stm32f1xx_hal_rtc.c ****   * @param  pCallback pointer to the Callback function
 499:Drivers/STM32F1xx_HAL_Driver/Src/stm32f1xx_hal_rtc.c ****   * @retval HAL status
 500:Drivers/STM32F1xx_HAL_Driver/Src/stm32f1xx_hal_rtc.c ****   */
 501:Drivers/STM32F1xx_HAL_Driver/Src/stm32f1xx_hal_rtc.c **** HAL_StatusTypeDef HAL_RTC_RegisterCallback(RTC_HandleTypeDef *hrtc, HAL_RTC_CallbackIDTypeDef Callb
 502:Drivers/STM32F1xx_HAL_Driver/Src/stm32f1xx_hal_rtc.c **** {
 503:Drivers/STM32F1xx_HAL_Driver/Src/stm32f1xx_hal_rtc.c ****   HAL_StatusTypeDef status = HAL_OK;
 504:Drivers/STM32F1xx_HAL_Driver/Src/stm32f1xx_hal_rtc.c **** 
 505:Drivers/STM32F1xx_HAL_Driver/Src/stm32f1xx_hal_rtc.c ****   if (pCallback == NULL)
 506:Drivers/STM32F1xx_HAL_Driver/Src/stm32f1xx_hal_rtc.c ****   {
 507:Drivers/STM32F1xx_HAL_Driver/Src/stm32f1xx_hal_rtc.c ****     return HAL_ERROR;
 508:Drivers/STM32F1xx_HAL_Driver/Src/stm32f1xx_hal_rtc.c ****   }
 509:Drivers/STM32F1xx_HAL_Driver/Src/stm32f1xx_hal_rtc.c **** 
 510:Drivers/STM32F1xx_HAL_Driver/Src/stm32f1xx_hal_rtc.c ****   /* Process locked */
 511:Drivers/STM32F1xx_HAL_Driver/Src/stm32f1xx_hal_rtc.c ****   __HAL_LOCK(hrtc);
 512:Drivers/STM32F1xx_HAL_Driver/Src/stm32f1xx_hal_rtc.c **** 
 513:Drivers/STM32F1xx_HAL_Driver/Src/stm32f1xx_hal_rtc.c ****   if (HAL_RTC_STATE_READY == hrtc->State)
 514:Drivers/STM32F1xx_HAL_Driver/Src/stm32f1xx_hal_rtc.c ****   {
 515:Drivers/STM32F1xx_HAL_Driver/Src/stm32f1xx_hal_rtc.c ****     switch (CallbackID)
 516:Drivers/STM32F1xx_HAL_Driver/Src/stm32f1xx_hal_rtc.c ****     {
 517:Drivers/STM32F1xx_HAL_Driver/Src/stm32f1xx_hal_rtc.c ****       case HAL_RTC_ALARM_A_EVENT_CB_ID :
 518:Drivers/STM32F1xx_HAL_Driver/Src/stm32f1xx_hal_rtc.c ****         hrtc->AlarmAEventCallback = pCallback;
 519:Drivers/STM32F1xx_HAL_Driver/Src/stm32f1xx_hal_rtc.c ****         break;
 520:Drivers/STM32F1xx_HAL_Driver/Src/stm32f1xx_hal_rtc.c **** 
 521:Drivers/STM32F1xx_HAL_Driver/Src/stm32f1xx_hal_rtc.c ****       case HAL_RTC_TAMPER1_EVENT_CB_ID :
 522:Drivers/STM32F1xx_HAL_Driver/Src/stm32f1xx_hal_rtc.c ****         hrtc->Tamper1EventCallback = pCallback;
 523:Drivers/STM32F1xx_HAL_Driver/Src/stm32f1xx_hal_rtc.c ****         break;
 524:Drivers/STM32F1xx_HAL_Driver/Src/stm32f1xx_hal_rtc.c **** 
 525:Drivers/STM32F1xx_HAL_Driver/Src/stm32f1xx_hal_rtc.c ****       case HAL_RTC_MSPINIT_CB_ID :
 526:Drivers/STM32F1xx_HAL_Driver/Src/stm32f1xx_hal_rtc.c ****         hrtc->MspInitCallback = pCallback;
 527:Drivers/STM32F1xx_HAL_Driver/Src/stm32f1xx_hal_rtc.c ****         break;
 528:Drivers/STM32F1xx_HAL_Driver/Src/stm32f1xx_hal_rtc.c **** 
 529:Drivers/STM32F1xx_HAL_Driver/Src/stm32f1xx_hal_rtc.c ****       case HAL_RTC_MSPDEINIT_CB_ID :
 530:Drivers/STM32F1xx_HAL_Driver/Src/stm32f1xx_hal_rtc.c ****         hrtc->MspDeInitCallback = pCallback;
 531:Drivers/STM32F1xx_HAL_Driver/Src/stm32f1xx_hal_rtc.c ****         break;
 532:Drivers/STM32F1xx_HAL_Driver/Src/stm32f1xx_hal_rtc.c **** 
 533:Drivers/STM32F1xx_HAL_Driver/Src/stm32f1xx_hal_rtc.c ****       default :
 534:Drivers/STM32F1xx_HAL_Driver/Src/stm32f1xx_hal_rtc.c ****         /* Return error status */
 535:Drivers/STM32F1xx_HAL_Driver/Src/stm32f1xx_hal_rtc.c ****         status =  HAL_ERROR;
 536:Drivers/STM32F1xx_HAL_Driver/Src/stm32f1xx_hal_rtc.c ****         break;
 537:Drivers/STM32F1xx_HAL_Driver/Src/stm32f1xx_hal_rtc.c ****     }
 538:Drivers/STM32F1xx_HAL_Driver/Src/stm32f1xx_hal_rtc.c ****   }
 539:Drivers/STM32F1xx_HAL_Driver/Src/stm32f1xx_hal_rtc.c ****   else if (HAL_RTC_STATE_RESET == hrtc->State)
 540:Drivers/STM32F1xx_HAL_Driver/Src/stm32f1xx_hal_rtc.c ****   {
 541:Drivers/STM32F1xx_HAL_Driver/Src/stm32f1xx_hal_rtc.c ****     switch (CallbackID)
 542:Drivers/STM32F1xx_HAL_Driver/Src/stm32f1xx_hal_rtc.c ****     {
 543:Drivers/STM32F1xx_HAL_Driver/Src/stm32f1xx_hal_rtc.c ****       case HAL_RTC_MSPINIT_CB_ID :
 544:Drivers/STM32F1xx_HAL_Driver/Src/stm32f1xx_hal_rtc.c ****         hrtc->MspInitCallback = pCallback;
 545:Drivers/STM32F1xx_HAL_Driver/Src/stm32f1xx_hal_rtc.c ****         break;
ARM GAS  /tmp/ccLN6BmF.s 			page 11


 546:Drivers/STM32F1xx_HAL_Driver/Src/stm32f1xx_hal_rtc.c **** 
 547:Drivers/STM32F1xx_HAL_Driver/Src/stm32f1xx_hal_rtc.c ****       case HAL_RTC_MSPDEINIT_CB_ID :
 548:Drivers/STM32F1xx_HAL_Driver/Src/stm32f1xx_hal_rtc.c ****         hrtc->MspDeInitCallback = pCallback;
 549:Drivers/STM32F1xx_HAL_Driver/Src/stm32f1xx_hal_rtc.c ****         break;
 550:Drivers/STM32F1xx_HAL_Driver/Src/stm32f1xx_hal_rtc.c **** 
 551:Drivers/STM32F1xx_HAL_Driver/Src/stm32f1xx_hal_rtc.c ****       default :
 552:Drivers/STM32F1xx_HAL_Driver/Src/stm32f1xx_hal_rtc.c ****         /* Return error status */
 553:Drivers/STM32F1xx_HAL_Driver/Src/stm32f1xx_hal_rtc.c ****         status =  HAL_ERROR;
 554:Drivers/STM32F1xx_HAL_Driver/Src/stm32f1xx_hal_rtc.c ****         break;
 555:Drivers/STM32F1xx_HAL_Driver/Src/stm32f1xx_hal_rtc.c ****     }
 556:Drivers/STM32F1xx_HAL_Driver/Src/stm32f1xx_hal_rtc.c ****   }
 557:Drivers/STM32F1xx_HAL_Driver/Src/stm32f1xx_hal_rtc.c ****   else
 558:Drivers/STM32F1xx_HAL_Driver/Src/stm32f1xx_hal_rtc.c ****   {
 559:Drivers/STM32F1xx_HAL_Driver/Src/stm32f1xx_hal_rtc.c ****     /* Return error status */
 560:Drivers/STM32F1xx_HAL_Driver/Src/stm32f1xx_hal_rtc.c ****     status =  HAL_ERROR;
 561:Drivers/STM32F1xx_HAL_Driver/Src/stm32f1xx_hal_rtc.c ****   }
 562:Drivers/STM32F1xx_HAL_Driver/Src/stm32f1xx_hal_rtc.c **** 
 563:Drivers/STM32F1xx_HAL_Driver/Src/stm32f1xx_hal_rtc.c ****   /* Release Lock */
 564:Drivers/STM32F1xx_HAL_Driver/Src/stm32f1xx_hal_rtc.c ****   __HAL_UNLOCK(hrtc);
 565:Drivers/STM32F1xx_HAL_Driver/Src/stm32f1xx_hal_rtc.c **** 
 566:Drivers/STM32F1xx_HAL_Driver/Src/stm32f1xx_hal_rtc.c ****   return status;
 567:Drivers/STM32F1xx_HAL_Driver/Src/stm32f1xx_hal_rtc.c **** }
 568:Drivers/STM32F1xx_HAL_Driver/Src/stm32f1xx_hal_rtc.c **** 
 569:Drivers/STM32F1xx_HAL_Driver/Src/stm32f1xx_hal_rtc.c **** /**
 570:Drivers/STM32F1xx_HAL_Driver/Src/stm32f1xx_hal_rtc.c ****   * @brief  Unregister an RTC Callback
 571:Drivers/STM32F1xx_HAL_Driver/Src/stm32f1xx_hal_rtc.c ****   *         RTC callback is redirected to the weak predefined callback
 572:Drivers/STM32F1xx_HAL_Driver/Src/stm32f1xx_hal_rtc.c ****   * @param  hrtc RTC handle
 573:Drivers/STM32F1xx_HAL_Driver/Src/stm32f1xx_hal_rtc.c ****   * @param  CallbackID ID of the callback to be unregistered
 574:Drivers/STM32F1xx_HAL_Driver/Src/stm32f1xx_hal_rtc.c ****   *         This parameter can be one of the following values:
 575:Drivers/STM32F1xx_HAL_Driver/Src/stm32f1xx_hal_rtc.c ****   *          @arg @ref HAL_RTC_ALARM_A_EVENT_CB_ID          Alarm A Event Callback ID
 576:Drivers/STM32F1xx_HAL_Driver/Src/stm32f1xx_hal_rtc.c ****   *          @arg @ref HAL_RTC_TAMPER1_EVENT_CB_ID          Tamper 1 Callback ID
 577:Drivers/STM32F1xx_HAL_Driver/Src/stm32f1xx_hal_rtc.c ****   *          @arg @ref HAL_RTC_MSPINIT_CB_ID Msp Init callback ID
 578:Drivers/STM32F1xx_HAL_Driver/Src/stm32f1xx_hal_rtc.c ****   *          @arg @ref HAL_RTC_MSPDEINIT_CB_ID Msp DeInit callback ID
 579:Drivers/STM32F1xx_HAL_Driver/Src/stm32f1xx_hal_rtc.c ****   * @retval HAL status
 580:Drivers/STM32F1xx_HAL_Driver/Src/stm32f1xx_hal_rtc.c ****   */
 581:Drivers/STM32F1xx_HAL_Driver/Src/stm32f1xx_hal_rtc.c **** HAL_StatusTypeDef HAL_RTC_UnRegisterCallback(RTC_HandleTypeDef *hrtc, HAL_RTC_CallbackIDTypeDef Cal
 582:Drivers/STM32F1xx_HAL_Driver/Src/stm32f1xx_hal_rtc.c **** {
 583:Drivers/STM32F1xx_HAL_Driver/Src/stm32f1xx_hal_rtc.c ****   HAL_StatusTypeDef status = HAL_OK;
 584:Drivers/STM32F1xx_HAL_Driver/Src/stm32f1xx_hal_rtc.c **** 
 585:Drivers/STM32F1xx_HAL_Driver/Src/stm32f1xx_hal_rtc.c ****   /* Process locked */
 586:Drivers/STM32F1xx_HAL_Driver/Src/stm32f1xx_hal_rtc.c ****   __HAL_LOCK(hrtc);
 587:Drivers/STM32F1xx_HAL_Driver/Src/stm32f1xx_hal_rtc.c **** 
 588:Drivers/STM32F1xx_HAL_Driver/Src/stm32f1xx_hal_rtc.c ****   if (HAL_RTC_STATE_READY == hrtc->State)
 589:Drivers/STM32F1xx_HAL_Driver/Src/stm32f1xx_hal_rtc.c ****   {
 590:Drivers/STM32F1xx_HAL_Driver/Src/stm32f1xx_hal_rtc.c ****     switch (CallbackID)
 591:Drivers/STM32F1xx_HAL_Driver/Src/stm32f1xx_hal_rtc.c ****     {
 592:Drivers/STM32F1xx_HAL_Driver/Src/stm32f1xx_hal_rtc.c ****       case HAL_RTC_ALARM_A_EVENT_CB_ID :
 593:Drivers/STM32F1xx_HAL_Driver/Src/stm32f1xx_hal_rtc.c ****         hrtc->AlarmAEventCallback = HAL_RTC_AlarmAEventCallback;         /* Legacy weak AlarmAEvent
 594:Drivers/STM32F1xx_HAL_Driver/Src/stm32f1xx_hal_rtc.c ****         break;
 595:Drivers/STM32F1xx_HAL_Driver/Src/stm32f1xx_hal_rtc.c **** 
 596:Drivers/STM32F1xx_HAL_Driver/Src/stm32f1xx_hal_rtc.c ****       case HAL_RTC_TAMPER1_EVENT_CB_ID :
 597:Drivers/STM32F1xx_HAL_Driver/Src/stm32f1xx_hal_rtc.c ****         hrtc->Tamper1EventCallback = HAL_RTCEx_Tamper1EventCallback;         /* Legacy weak Tamper1
 598:Drivers/STM32F1xx_HAL_Driver/Src/stm32f1xx_hal_rtc.c ****         break;
 599:Drivers/STM32F1xx_HAL_Driver/Src/stm32f1xx_hal_rtc.c **** 
 600:Drivers/STM32F1xx_HAL_Driver/Src/stm32f1xx_hal_rtc.c ****       case HAL_RTC_MSPINIT_CB_ID :
 601:Drivers/STM32F1xx_HAL_Driver/Src/stm32f1xx_hal_rtc.c ****         hrtc->MspInitCallback = HAL_RTC_MspInit;
 602:Drivers/STM32F1xx_HAL_Driver/Src/stm32f1xx_hal_rtc.c ****         break;
ARM GAS  /tmp/ccLN6BmF.s 			page 12


 603:Drivers/STM32F1xx_HAL_Driver/Src/stm32f1xx_hal_rtc.c **** 
 604:Drivers/STM32F1xx_HAL_Driver/Src/stm32f1xx_hal_rtc.c ****       case HAL_RTC_MSPDEINIT_CB_ID :
 605:Drivers/STM32F1xx_HAL_Driver/Src/stm32f1xx_hal_rtc.c ****         hrtc->MspDeInitCallback = HAL_RTC_MspDeInit;
 606:Drivers/STM32F1xx_HAL_Driver/Src/stm32f1xx_hal_rtc.c ****         break;
 607:Drivers/STM32F1xx_HAL_Driver/Src/stm32f1xx_hal_rtc.c **** 
 608:Drivers/STM32F1xx_HAL_Driver/Src/stm32f1xx_hal_rtc.c ****       default :
 609:Drivers/STM32F1xx_HAL_Driver/Src/stm32f1xx_hal_rtc.c ****         /* Return error status */
 610:Drivers/STM32F1xx_HAL_Driver/Src/stm32f1xx_hal_rtc.c ****         status =  HAL_ERROR;
 611:Drivers/STM32F1xx_HAL_Driver/Src/stm32f1xx_hal_rtc.c ****         break;
 612:Drivers/STM32F1xx_HAL_Driver/Src/stm32f1xx_hal_rtc.c ****     }
 613:Drivers/STM32F1xx_HAL_Driver/Src/stm32f1xx_hal_rtc.c ****   }
 614:Drivers/STM32F1xx_HAL_Driver/Src/stm32f1xx_hal_rtc.c ****   else if (HAL_RTC_STATE_RESET == hrtc->State)
 615:Drivers/STM32F1xx_HAL_Driver/Src/stm32f1xx_hal_rtc.c ****   {
 616:Drivers/STM32F1xx_HAL_Driver/Src/stm32f1xx_hal_rtc.c ****     switch (CallbackID)
 617:Drivers/STM32F1xx_HAL_Driver/Src/stm32f1xx_hal_rtc.c ****     {
 618:Drivers/STM32F1xx_HAL_Driver/Src/stm32f1xx_hal_rtc.c ****       case HAL_RTC_MSPINIT_CB_ID :
 619:Drivers/STM32F1xx_HAL_Driver/Src/stm32f1xx_hal_rtc.c ****         hrtc->MspInitCallback = HAL_RTC_MspInit;
 620:Drivers/STM32F1xx_HAL_Driver/Src/stm32f1xx_hal_rtc.c ****         break;
 621:Drivers/STM32F1xx_HAL_Driver/Src/stm32f1xx_hal_rtc.c **** 
 622:Drivers/STM32F1xx_HAL_Driver/Src/stm32f1xx_hal_rtc.c ****       case HAL_RTC_MSPDEINIT_CB_ID :
 623:Drivers/STM32F1xx_HAL_Driver/Src/stm32f1xx_hal_rtc.c ****         hrtc->MspDeInitCallback = HAL_RTC_MspDeInit;
 624:Drivers/STM32F1xx_HAL_Driver/Src/stm32f1xx_hal_rtc.c ****         break;
 625:Drivers/STM32F1xx_HAL_Driver/Src/stm32f1xx_hal_rtc.c **** 
 626:Drivers/STM32F1xx_HAL_Driver/Src/stm32f1xx_hal_rtc.c ****       default :
 627:Drivers/STM32F1xx_HAL_Driver/Src/stm32f1xx_hal_rtc.c ****         /* Return error status */
 628:Drivers/STM32F1xx_HAL_Driver/Src/stm32f1xx_hal_rtc.c ****         status =  HAL_ERROR;
 629:Drivers/STM32F1xx_HAL_Driver/Src/stm32f1xx_hal_rtc.c ****         break;
 630:Drivers/STM32F1xx_HAL_Driver/Src/stm32f1xx_hal_rtc.c ****     }
 631:Drivers/STM32F1xx_HAL_Driver/Src/stm32f1xx_hal_rtc.c ****   }
 632:Drivers/STM32F1xx_HAL_Driver/Src/stm32f1xx_hal_rtc.c ****   else
 633:Drivers/STM32F1xx_HAL_Driver/Src/stm32f1xx_hal_rtc.c ****   {
 634:Drivers/STM32F1xx_HAL_Driver/Src/stm32f1xx_hal_rtc.c ****     /* Return error status */
 635:Drivers/STM32F1xx_HAL_Driver/Src/stm32f1xx_hal_rtc.c ****     status =  HAL_ERROR;
 636:Drivers/STM32F1xx_HAL_Driver/Src/stm32f1xx_hal_rtc.c ****   }
 637:Drivers/STM32F1xx_HAL_Driver/Src/stm32f1xx_hal_rtc.c **** 
 638:Drivers/STM32F1xx_HAL_Driver/Src/stm32f1xx_hal_rtc.c ****   /* Release Lock */
 639:Drivers/STM32F1xx_HAL_Driver/Src/stm32f1xx_hal_rtc.c ****   __HAL_UNLOCK(hrtc);
 640:Drivers/STM32F1xx_HAL_Driver/Src/stm32f1xx_hal_rtc.c **** 
 641:Drivers/STM32F1xx_HAL_Driver/Src/stm32f1xx_hal_rtc.c ****   return status;
 642:Drivers/STM32F1xx_HAL_Driver/Src/stm32f1xx_hal_rtc.c **** }
 643:Drivers/STM32F1xx_HAL_Driver/Src/stm32f1xx_hal_rtc.c **** #endif /* USE_HAL_RTC_REGISTER_CALLBACKS */
 644:Drivers/STM32F1xx_HAL_Driver/Src/stm32f1xx_hal_rtc.c **** 
 645:Drivers/STM32F1xx_HAL_Driver/Src/stm32f1xx_hal_rtc.c **** /**
 646:Drivers/STM32F1xx_HAL_Driver/Src/stm32f1xx_hal_rtc.c ****   * @brief  Initializes the RTC MSP.
 647:Drivers/STM32F1xx_HAL_Driver/Src/stm32f1xx_hal_rtc.c ****   * @param  hrtc   pointer to a RTC_HandleTypeDef structure that contains
 648:Drivers/STM32F1xx_HAL_Driver/Src/stm32f1xx_hal_rtc.c ****   *                the configuration information for RTC.
 649:Drivers/STM32F1xx_HAL_Driver/Src/stm32f1xx_hal_rtc.c ****   * @retval None
 650:Drivers/STM32F1xx_HAL_Driver/Src/stm32f1xx_hal_rtc.c ****   */
 651:Drivers/STM32F1xx_HAL_Driver/Src/stm32f1xx_hal_rtc.c **** __weak void HAL_RTC_MspInit(RTC_HandleTypeDef *hrtc)
 652:Drivers/STM32F1xx_HAL_Driver/Src/stm32f1xx_hal_rtc.c **** {
 653:Drivers/STM32F1xx_HAL_Driver/Src/stm32f1xx_hal_rtc.c ****   /* Prevent unused argument(s) compilation warning */
 654:Drivers/STM32F1xx_HAL_Driver/Src/stm32f1xx_hal_rtc.c ****   UNUSED(hrtc);
 655:Drivers/STM32F1xx_HAL_Driver/Src/stm32f1xx_hal_rtc.c ****   /* NOTE : This function Should not be modified, when the callback is needed,
 656:Drivers/STM32F1xx_HAL_Driver/Src/stm32f1xx_hal_rtc.c ****             the HAL_RTC_MspInit could be implemented in the user file
 657:Drivers/STM32F1xx_HAL_Driver/Src/stm32f1xx_hal_rtc.c ****    */
 658:Drivers/STM32F1xx_HAL_Driver/Src/stm32f1xx_hal_rtc.c **** }
 659:Drivers/STM32F1xx_HAL_Driver/Src/stm32f1xx_hal_rtc.c **** 
ARM GAS  /tmp/ccLN6BmF.s 			page 13


 660:Drivers/STM32F1xx_HAL_Driver/Src/stm32f1xx_hal_rtc.c **** /**
 661:Drivers/STM32F1xx_HAL_Driver/Src/stm32f1xx_hal_rtc.c ****   * @brief  DeInitializes the RTC MSP.
 662:Drivers/STM32F1xx_HAL_Driver/Src/stm32f1xx_hal_rtc.c ****   * @param  hrtc   pointer to a RTC_HandleTypeDef structure that contains
 663:Drivers/STM32F1xx_HAL_Driver/Src/stm32f1xx_hal_rtc.c ****   *                the configuration information for RTC.
 664:Drivers/STM32F1xx_HAL_Driver/Src/stm32f1xx_hal_rtc.c ****   * @retval None
 665:Drivers/STM32F1xx_HAL_Driver/Src/stm32f1xx_hal_rtc.c ****   */
 666:Drivers/STM32F1xx_HAL_Driver/Src/stm32f1xx_hal_rtc.c **** __weak void HAL_RTC_MspDeInit(RTC_HandleTypeDef *hrtc)
 667:Drivers/STM32F1xx_HAL_Driver/Src/stm32f1xx_hal_rtc.c **** {
 668:Drivers/STM32F1xx_HAL_Driver/Src/stm32f1xx_hal_rtc.c ****   /* Prevent unused argument(s) compilation warning */
 669:Drivers/STM32F1xx_HAL_Driver/Src/stm32f1xx_hal_rtc.c ****   UNUSED(hrtc);
 670:Drivers/STM32F1xx_HAL_Driver/Src/stm32f1xx_hal_rtc.c ****   /* NOTE : This function Should not be modified, when the callback is needed,
 671:Drivers/STM32F1xx_HAL_Driver/Src/stm32f1xx_hal_rtc.c ****             the HAL_RTC_MspDeInit could be implemented in the user file
 672:Drivers/STM32F1xx_HAL_Driver/Src/stm32f1xx_hal_rtc.c ****    */
 673:Drivers/STM32F1xx_HAL_Driver/Src/stm32f1xx_hal_rtc.c **** }
 674:Drivers/STM32F1xx_HAL_Driver/Src/stm32f1xx_hal_rtc.c **** 
 675:Drivers/STM32F1xx_HAL_Driver/Src/stm32f1xx_hal_rtc.c **** /**
 676:Drivers/STM32F1xx_HAL_Driver/Src/stm32f1xx_hal_rtc.c ****   * @}
 677:Drivers/STM32F1xx_HAL_Driver/Src/stm32f1xx_hal_rtc.c ****   */
 678:Drivers/STM32F1xx_HAL_Driver/Src/stm32f1xx_hal_rtc.c **** 
 679:Drivers/STM32F1xx_HAL_Driver/Src/stm32f1xx_hal_rtc.c **** /** @defgroup RTC_Exported_Functions_Group2 Time and Date functions
 680:Drivers/STM32F1xx_HAL_Driver/Src/stm32f1xx_hal_rtc.c ****  *  @brief   RTC Time and Date functions
 681:Drivers/STM32F1xx_HAL_Driver/Src/stm32f1xx_hal_rtc.c ****  *
 682:Drivers/STM32F1xx_HAL_Driver/Src/stm32f1xx_hal_rtc.c **** @verbatim
 683:Drivers/STM32F1xx_HAL_Driver/Src/stm32f1xx_hal_rtc.c ****  ===============================================================================
 684:Drivers/STM32F1xx_HAL_Driver/Src/stm32f1xx_hal_rtc.c ****                  ##### RTC Time and Date functions #####
 685:Drivers/STM32F1xx_HAL_Driver/Src/stm32f1xx_hal_rtc.c ****  ===============================================================================
 686:Drivers/STM32F1xx_HAL_Driver/Src/stm32f1xx_hal_rtc.c **** 
 687:Drivers/STM32F1xx_HAL_Driver/Src/stm32f1xx_hal_rtc.c ****  [..] This section provides functions allowing to configure Time and Date features
 688:Drivers/STM32F1xx_HAL_Driver/Src/stm32f1xx_hal_rtc.c **** 
 689:Drivers/STM32F1xx_HAL_Driver/Src/stm32f1xx_hal_rtc.c **** @endverbatim
 690:Drivers/STM32F1xx_HAL_Driver/Src/stm32f1xx_hal_rtc.c ****   * @{
 691:Drivers/STM32F1xx_HAL_Driver/Src/stm32f1xx_hal_rtc.c ****   */
 692:Drivers/STM32F1xx_HAL_Driver/Src/stm32f1xx_hal_rtc.c **** 
 693:Drivers/STM32F1xx_HAL_Driver/Src/stm32f1xx_hal_rtc.c **** /**
 694:Drivers/STM32F1xx_HAL_Driver/Src/stm32f1xx_hal_rtc.c ****   * @brief  Sets RTC current time.
 695:Drivers/STM32F1xx_HAL_Driver/Src/stm32f1xx_hal_rtc.c ****   * @param  hrtc   pointer to a RTC_HandleTypeDef structure that contains
 696:Drivers/STM32F1xx_HAL_Driver/Src/stm32f1xx_hal_rtc.c ****   *                the configuration information for RTC.
 697:Drivers/STM32F1xx_HAL_Driver/Src/stm32f1xx_hal_rtc.c ****   * @param  sTime: Pointer to Time structure
 698:Drivers/STM32F1xx_HAL_Driver/Src/stm32f1xx_hal_rtc.c ****   * @param  Format: Specifies the format of the entered parameters.
 699:Drivers/STM32F1xx_HAL_Driver/Src/stm32f1xx_hal_rtc.c ****   *          This parameter can be one of the following values:
 700:Drivers/STM32F1xx_HAL_Driver/Src/stm32f1xx_hal_rtc.c ****   *            @arg RTC_FORMAT_BIN: Binary data format
 701:Drivers/STM32F1xx_HAL_Driver/Src/stm32f1xx_hal_rtc.c ****   *            @arg RTC_FORMAT_BCD: BCD data format
 702:Drivers/STM32F1xx_HAL_Driver/Src/stm32f1xx_hal_rtc.c ****   * @retval HAL status
 703:Drivers/STM32F1xx_HAL_Driver/Src/stm32f1xx_hal_rtc.c ****   */
 704:Drivers/STM32F1xx_HAL_Driver/Src/stm32f1xx_hal_rtc.c **** HAL_StatusTypeDef HAL_RTC_SetTime(RTC_HandleTypeDef *hrtc, RTC_TimeTypeDef *sTime, uint32_t Format)
 705:Drivers/STM32F1xx_HAL_Driver/Src/stm32f1xx_hal_rtc.c **** {
 706:Drivers/STM32F1xx_HAL_Driver/Src/stm32f1xx_hal_rtc.c ****   uint32_t counter_time = 0U, counter_alarm = 0U;
 707:Drivers/STM32F1xx_HAL_Driver/Src/stm32f1xx_hal_rtc.c **** 
 708:Drivers/STM32F1xx_HAL_Driver/Src/stm32f1xx_hal_rtc.c ****   /* Check input parameters */
 709:Drivers/STM32F1xx_HAL_Driver/Src/stm32f1xx_hal_rtc.c ****   if ((hrtc == NULL) || (sTime == NULL))
 710:Drivers/STM32F1xx_HAL_Driver/Src/stm32f1xx_hal_rtc.c ****   {
 711:Drivers/STM32F1xx_HAL_Driver/Src/stm32f1xx_hal_rtc.c ****     return HAL_ERROR;
 712:Drivers/STM32F1xx_HAL_Driver/Src/stm32f1xx_hal_rtc.c ****   }
 713:Drivers/STM32F1xx_HAL_Driver/Src/stm32f1xx_hal_rtc.c **** 
 714:Drivers/STM32F1xx_HAL_Driver/Src/stm32f1xx_hal_rtc.c ****   /* Check the parameters */
 715:Drivers/STM32F1xx_HAL_Driver/Src/stm32f1xx_hal_rtc.c ****   assert_param(IS_RTC_FORMAT(Format));
 716:Drivers/STM32F1xx_HAL_Driver/Src/stm32f1xx_hal_rtc.c **** 
ARM GAS  /tmp/ccLN6BmF.s 			page 14


 717:Drivers/STM32F1xx_HAL_Driver/Src/stm32f1xx_hal_rtc.c ****   /* Process Locked */
 718:Drivers/STM32F1xx_HAL_Driver/Src/stm32f1xx_hal_rtc.c ****   __HAL_LOCK(hrtc);
 719:Drivers/STM32F1xx_HAL_Driver/Src/stm32f1xx_hal_rtc.c **** 
 720:Drivers/STM32F1xx_HAL_Driver/Src/stm32f1xx_hal_rtc.c ****   hrtc->State = HAL_RTC_STATE_BUSY;
 721:Drivers/STM32F1xx_HAL_Driver/Src/stm32f1xx_hal_rtc.c **** 
 722:Drivers/STM32F1xx_HAL_Driver/Src/stm32f1xx_hal_rtc.c ****   if (Format == RTC_FORMAT_BIN)
 723:Drivers/STM32F1xx_HAL_Driver/Src/stm32f1xx_hal_rtc.c ****   {
 724:Drivers/STM32F1xx_HAL_Driver/Src/stm32f1xx_hal_rtc.c ****     assert_param(IS_RTC_HOUR24(sTime->Hours));
 725:Drivers/STM32F1xx_HAL_Driver/Src/stm32f1xx_hal_rtc.c ****     assert_param(IS_RTC_MINUTES(sTime->Minutes));
 726:Drivers/STM32F1xx_HAL_Driver/Src/stm32f1xx_hal_rtc.c ****     assert_param(IS_RTC_SECONDS(sTime->Seconds));
 727:Drivers/STM32F1xx_HAL_Driver/Src/stm32f1xx_hal_rtc.c **** 
 728:Drivers/STM32F1xx_HAL_Driver/Src/stm32f1xx_hal_rtc.c ****     counter_time = (uint32_t)(((uint32_t)sTime->Hours * 3600U) + \
 729:Drivers/STM32F1xx_HAL_Driver/Src/stm32f1xx_hal_rtc.c ****                               ((uint32_t)sTime->Minutes * 60U) + \
 730:Drivers/STM32F1xx_HAL_Driver/Src/stm32f1xx_hal_rtc.c ****                               ((uint32_t)sTime->Seconds));
 731:Drivers/STM32F1xx_HAL_Driver/Src/stm32f1xx_hal_rtc.c ****   }
 732:Drivers/STM32F1xx_HAL_Driver/Src/stm32f1xx_hal_rtc.c ****   else
 733:Drivers/STM32F1xx_HAL_Driver/Src/stm32f1xx_hal_rtc.c ****   {
 734:Drivers/STM32F1xx_HAL_Driver/Src/stm32f1xx_hal_rtc.c ****     assert_param(IS_RTC_HOUR24(RTC_Bcd2ToByte(sTime->Hours)));
 735:Drivers/STM32F1xx_HAL_Driver/Src/stm32f1xx_hal_rtc.c ****     assert_param(IS_RTC_MINUTES(RTC_Bcd2ToByte(sTime->Minutes)));
 736:Drivers/STM32F1xx_HAL_Driver/Src/stm32f1xx_hal_rtc.c ****     assert_param(IS_RTC_SECONDS(RTC_Bcd2ToByte(sTime->Seconds)));
 737:Drivers/STM32F1xx_HAL_Driver/Src/stm32f1xx_hal_rtc.c **** 
 738:Drivers/STM32F1xx_HAL_Driver/Src/stm32f1xx_hal_rtc.c ****     counter_time = (((uint32_t)(RTC_Bcd2ToByte(sTime->Hours)) * 3600U) + \
 739:Drivers/STM32F1xx_HAL_Driver/Src/stm32f1xx_hal_rtc.c ****                     ((uint32_t)(RTC_Bcd2ToByte(sTime->Minutes)) * 60U) + \
 740:Drivers/STM32F1xx_HAL_Driver/Src/stm32f1xx_hal_rtc.c ****                     ((uint32_t)(RTC_Bcd2ToByte(sTime->Seconds))));
 741:Drivers/STM32F1xx_HAL_Driver/Src/stm32f1xx_hal_rtc.c ****   }
 742:Drivers/STM32F1xx_HAL_Driver/Src/stm32f1xx_hal_rtc.c **** 
 743:Drivers/STM32F1xx_HAL_Driver/Src/stm32f1xx_hal_rtc.c ****   /* Write time counter in RTC registers */
 744:Drivers/STM32F1xx_HAL_Driver/Src/stm32f1xx_hal_rtc.c ****   if (RTC_WriteTimeCounter(hrtc, counter_time) != HAL_OK)
 745:Drivers/STM32F1xx_HAL_Driver/Src/stm32f1xx_hal_rtc.c ****   {
 746:Drivers/STM32F1xx_HAL_Driver/Src/stm32f1xx_hal_rtc.c ****     /* Set RTC state */
 747:Drivers/STM32F1xx_HAL_Driver/Src/stm32f1xx_hal_rtc.c ****     hrtc->State = HAL_RTC_STATE_ERROR;
 748:Drivers/STM32F1xx_HAL_Driver/Src/stm32f1xx_hal_rtc.c **** 
 749:Drivers/STM32F1xx_HAL_Driver/Src/stm32f1xx_hal_rtc.c ****     /* Process Unlocked */
 750:Drivers/STM32F1xx_HAL_Driver/Src/stm32f1xx_hal_rtc.c ****     __HAL_UNLOCK(hrtc);
 751:Drivers/STM32F1xx_HAL_Driver/Src/stm32f1xx_hal_rtc.c **** 
 752:Drivers/STM32F1xx_HAL_Driver/Src/stm32f1xx_hal_rtc.c ****     return HAL_ERROR;
 753:Drivers/STM32F1xx_HAL_Driver/Src/stm32f1xx_hal_rtc.c ****   }
 754:Drivers/STM32F1xx_HAL_Driver/Src/stm32f1xx_hal_rtc.c ****   else
 755:Drivers/STM32F1xx_HAL_Driver/Src/stm32f1xx_hal_rtc.c ****   {
 756:Drivers/STM32F1xx_HAL_Driver/Src/stm32f1xx_hal_rtc.c ****     /* Clear Second and overflow flags */
 757:Drivers/STM32F1xx_HAL_Driver/Src/stm32f1xx_hal_rtc.c ****     CLEAR_BIT(hrtc->Instance->CRL, (RTC_FLAG_SEC | RTC_FLAG_OW));
 758:Drivers/STM32F1xx_HAL_Driver/Src/stm32f1xx_hal_rtc.c **** 
 759:Drivers/STM32F1xx_HAL_Driver/Src/stm32f1xx_hal_rtc.c ****     /* Read current Alarm counter in RTC registers */
 760:Drivers/STM32F1xx_HAL_Driver/Src/stm32f1xx_hal_rtc.c ****     counter_alarm = RTC_ReadAlarmCounter(hrtc);
 761:Drivers/STM32F1xx_HAL_Driver/Src/stm32f1xx_hal_rtc.c **** 
 762:Drivers/STM32F1xx_HAL_Driver/Src/stm32f1xx_hal_rtc.c ****     /* Set again alarm to match with new time if enabled */
 763:Drivers/STM32F1xx_HAL_Driver/Src/stm32f1xx_hal_rtc.c ****     if (counter_alarm != RTC_ALARM_RESETVALUE)
 764:Drivers/STM32F1xx_HAL_Driver/Src/stm32f1xx_hal_rtc.c ****     {
 765:Drivers/STM32F1xx_HAL_Driver/Src/stm32f1xx_hal_rtc.c ****       if (counter_alarm < counter_time)
 766:Drivers/STM32F1xx_HAL_Driver/Src/stm32f1xx_hal_rtc.c ****       {
 767:Drivers/STM32F1xx_HAL_Driver/Src/stm32f1xx_hal_rtc.c ****         /* Add 1 day to alarm counter*/
 768:Drivers/STM32F1xx_HAL_Driver/Src/stm32f1xx_hal_rtc.c ****         counter_alarm += (uint32_t)(24U * 3600U);
 769:Drivers/STM32F1xx_HAL_Driver/Src/stm32f1xx_hal_rtc.c **** 
 770:Drivers/STM32F1xx_HAL_Driver/Src/stm32f1xx_hal_rtc.c ****         /* Write new Alarm counter in RTC registers */
 771:Drivers/STM32F1xx_HAL_Driver/Src/stm32f1xx_hal_rtc.c ****         if (RTC_WriteAlarmCounter(hrtc, counter_alarm) != HAL_OK)
 772:Drivers/STM32F1xx_HAL_Driver/Src/stm32f1xx_hal_rtc.c ****         {
 773:Drivers/STM32F1xx_HAL_Driver/Src/stm32f1xx_hal_rtc.c ****           /* Set RTC state */
ARM GAS  /tmp/ccLN6BmF.s 			page 15


 774:Drivers/STM32F1xx_HAL_Driver/Src/stm32f1xx_hal_rtc.c ****           hrtc->State = HAL_RTC_STATE_ERROR;
 775:Drivers/STM32F1xx_HAL_Driver/Src/stm32f1xx_hal_rtc.c **** 
 776:Drivers/STM32F1xx_HAL_Driver/Src/stm32f1xx_hal_rtc.c ****           /* Process Unlocked */
 777:Drivers/STM32F1xx_HAL_Driver/Src/stm32f1xx_hal_rtc.c ****           __HAL_UNLOCK(hrtc);
 778:Drivers/STM32F1xx_HAL_Driver/Src/stm32f1xx_hal_rtc.c **** 
 779:Drivers/STM32F1xx_HAL_Driver/Src/stm32f1xx_hal_rtc.c ****           return HAL_ERROR;
 780:Drivers/STM32F1xx_HAL_Driver/Src/stm32f1xx_hal_rtc.c ****         }
 781:Drivers/STM32F1xx_HAL_Driver/Src/stm32f1xx_hal_rtc.c ****       }
 782:Drivers/STM32F1xx_HAL_Driver/Src/stm32f1xx_hal_rtc.c ****     }
 783:Drivers/STM32F1xx_HAL_Driver/Src/stm32f1xx_hal_rtc.c **** 
 784:Drivers/STM32F1xx_HAL_Driver/Src/stm32f1xx_hal_rtc.c ****     hrtc->State = HAL_RTC_STATE_READY;
 785:Drivers/STM32F1xx_HAL_Driver/Src/stm32f1xx_hal_rtc.c **** 
 786:Drivers/STM32F1xx_HAL_Driver/Src/stm32f1xx_hal_rtc.c ****     __HAL_UNLOCK(hrtc);
 787:Drivers/STM32F1xx_HAL_Driver/Src/stm32f1xx_hal_rtc.c **** 
 788:Drivers/STM32F1xx_HAL_Driver/Src/stm32f1xx_hal_rtc.c ****     return HAL_OK;
 789:Drivers/STM32F1xx_HAL_Driver/Src/stm32f1xx_hal_rtc.c ****   }
 790:Drivers/STM32F1xx_HAL_Driver/Src/stm32f1xx_hal_rtc.c **** }
 791:Drivers/STM32F1xx_HAL_Driver/Src/stm32f1xx_hal_rtc.c **** 
 792:Drivers/STM32F1xx_HAL_Driver/Src/stm32f1xx_hal_rtc.c **** /**
 793:Drivers/STM32F1xx_HAL_Driver/Src/stm32f1xx_hal_rtc.c ****   * @brief  Gets RTC current time.
 794:Drivers/STM32F1xx_HAL_Driver/Src/stm32f1xx_hal_rtc.c ****   * @param  hrtc   pointer to a RTC_HandleTypeDef structure that contains
 795:Drivers/STM32F1xx_HAL_Driver/Src/stm32f1xx_hal_rtc.c ****   *                the configuration information for RTC.
 796:Drivers/STM32F1xx_HAL_Driver/Src/stm32f1xx_hal_rtc.c ****   * @param  sTime: Pointer to Time structure
 797:Drivers/STM32F1xx_HAL_Driver/Src/stm32f1xx_hal_rtc.c ****   * @param  Format: Specifies the format of the entered parameters.
 798:Drivers/STM32F1xx_HAL_Driver/Src/stm32f1xx_hal_rtc.c ****   *          This parameter can be one of the following values:
 799:Drivers/STM32F1xx_HAL_Driver/Src/stm32f1xx_hal_rtc.c ****   *            @arg RTC_FORMAT_BIN: Binary data format
 800:Drivers/STM32F1xx_HAL_Driver/Src/stm32f1xx_hal_rtc.c ****   *            @arg RTC_FORMAT_BCD: BCD data format
 801:Drivers/STM32F1xx_HAL_Driver/Src/stm32f1xx_hal_rtc.c ****   * @retval HAL status
 802:Drivers/STM32F1xx_HAL_Driver/Src/stm32f1xx_hal_rtc.c ****   */
 803:Drivers/STM32F1xx_HAL_Driver/Src/stm32f1xx_hal_rtc.c **** HAL_StatusTypeDef HAL_RTC_GetTime(RTC_HandleTypeDef *hrtc, RTC_TimeTypeDef *sTime, uint32_t Format)
 804:Drivers/STM32F1xx_HAL_Driver/Src/stm32f1xx_hal_rtc.c **** {
 805:Drivers/STM32F1xx_HAL_Driver/Src/stm32f1xx_hal_rtc.c ****   uint32_t counter_time = 0U, counter_alarm = 0U, days_elapsed = 0U, hours = 0U;
 806:Drivers/STM32F1xx_HAL_Driver/Src/stm32f1xx_hal_rtc.c **** 
 807:Drivers/STM32F1xx_HAL_Driver/Src/stm32f1xx_hal_rtc.c ****   /* Check input parameters */
 808:Drivers/STM32F1xx_HAL_Driver/Src/stm32f1xx_hal_rtc.c ****   if ((hrtc == NULL) || (sTime == NULL))
 809:Drivers/STM32F1xx_HAL_Driver/Src/stm32f1xx_hal_rtc.c ****   {
 810:Drivers/STM32F1xx_HAL_Driver/Src/stm32f1xx_hal_rtc.c ****     return HAL_ERROR;
 811:Drivers/STM32F1xx_HAL_Driver/Src/stm32f1xx_hal_rtc.c ****   }
 812:Drivers/STM32F1xx_HAL_Driver/Src/stm32f1xx_hal_rtc.c **** 
 813:Drivers/STM32F1xx_HAL_Driver/Src/stm32f1xx_hal_rtc.c ****   /* Check the parameters */
 814:Drivers/STM32F1xx_HAL_Driver/Src/stm32f1xx_hal_rtc.c ****   assert_param(IS_RTC_FORMAT(Format));
 815:Drivers/STM32F1xx_HAL_Driver/Src/stm32f1xx_hal_rtc.c **** 
 816:Drivers/STM32F1xx_HAL_Driver/Src/stm32f1xx_hal_rtc.c ****   /* Check if counter overflow occurred */
 817:Drivers/STM32F1xx_HAL_Driver/Src/stm32f1xx_hal_rtc.c ****   if (__HAL_RTC_OVERFLOW_GET_FLAG(hrtc, RTC_FLAG_OW))
 818:Drivers/STM32F1xx_HAL_Driver/Src/stm32f1xx_hal_rtc.c ****   {
 819:Drivers/STM32F1xx_HAL_Driver/Src/stm32f1xx_hal_rtc.c ****     return HAL_ERROR;
 820:Drivers/STM32F1xx_HAL_Driver/Src/stm32f1xx_hal_rtc.c ****   }
 821:Drivers/STM32F1xx_HAL_Driver/Src/stm32f1xx_hal_rtc.c **** 
 822:Drivers/STM32F1xx_HAL_Driver/Src/stm32f1xx_hal_rtc.c ****   /* Read the time counter*/
 823:Drivers/STM32F1xx_HAL_Driver/Src/stm32f1xx_hal_rtc.c ****   counter_time = RTC_ReadTimeCounter(hrtc);
 824:Drivers/STM32F1xx_HAL_Driver/Src/stm32f1xx_hal_rtc.c **** 
 825:Drivers/STM32F1xx_HAL_Driver/Src/stm32f1xx_hal_rtc.c ****   /* Fill the structure fields with the read parameters */
 826:Drivers/STM32F1xx_HAL_Driver/Src/stm32f1xx_hal_rtc.c ****   hours = counter_time / 3600U;
 827:Drivers/STM32F1xx_HAL_Driver/Src/stm32f1xx_hal_rtc.c ****   sTime->Minutes  = (uint8_t)((counter_time % 3600U) / 60U);
 828:Drivers/STM32F1xx_HAL_Driver/Src/stm32f1xx_hal_rtc.c ****   sTime->Seconds  = (uint8_t)((counter_time % 3600U) % 60U);
 829:Drivers/STM32F1xx_HAL_Driver/Src/stm32f1xx_hal_rtc.c **** 
 830:Drivers/STM32F1xx_HAL_Driver/Src/stm32f1xx_hal_rtc.c ****   if (hours >= 24U)
ARM GAS  /tmp/ccLN6BmF.s 			page 16


 831:Drivers/STM32F1xx_HAL_Driver/Src/stm32f1xx_hal_rtc.c ****   {
 832:Drivers/STM32F1xx_HAL_Driver/Src/stm32f1xx_hal_rtc.c ****     /* Get number of days elapsed from last calculation */
 833:Drivers/STM32F1xx_HAL_Driver/Src/stm32f1xx_hal_rtc.c ****     days_elapsed = (hours / 24U);
 834:Drivers/STM32F1xx_HAL_Driver/Src/stm32f1xx_hal_rtc.c **** 
 835:Drivers/STM32F1xx_HAL_Driver/Src/stm32f1xx_hal_rtc.c ****     /* Set Hours in RTC_TimeTypeDef structure*/
 836:Drivers/STM32F1xx_HAL_Driver/Src/stm32f1xx_hal_rtc.c ****     sTime->Hours = (hours % 24U);
 837:Drivers/STM32F1xx_HAL_Driver/Src/stm32f1xx_hal_rtc.c **** 
 838:Drivers/STM32F1xx_HAL_Driver/Src/stm32f1xx_hal_rtc.c ****     /* Read Alarm counter in RTC registers */
 839:Drivers/STM32F1xx_HAL_Driver/Src/stm32f1xx_hal_rtc.c ****     counter_alarm = RTC_ReadAlarmCounter(hrtc);
 840:Drivers/STM32F1xx_HAL_Driver/Src/stm32f1xx_hal_rtc.c **** 
 841:Drivers/STM32F1xx_HAL_Driver/Src/stm32f1xx_hal_rtc.c ****     /* Calculate remaining time to reach alarm (only if set and not yet expired)*/
 842:Drivers/STM32F1xx_HAL_Driver/Src/stm32f1xx_hal_rtc.c ****     if ((counter_alarm != RTC_ALARM_RESETVALUE) && (counter_alarm > counter_time))
 843:Drivers/STM32F1xx_HAL_Driver/Src/stm32f1xx_hal_rtc.c ****     {
 844:Drivers/STM32F1xx_HAL_Driver/Src/stm32f1xx_hal_rtc.c ****       counter_alarm -= counter_time;
 845:Drivers/STM32F1xx_HAL_Driver/Src/stm32f1xx_hal_rtc.c ****     }
 846:Drivers/STM32F1xx_HAL_Driver/Src/stm32f1xx_hal_rtc.c ****     else
 847:Drivers/STM32F1xx_HAL_Driver/Src/stm32f1xx_hal_rtc.c ****     {
 848:Drivers/STM32F1xx_HAL_Driver/Src/stm32f1xx_hal_rtc.c ****       /* In case of counter_alarm < counter_time */
 849:Drivers/STM32F1xx_HAL_Driver/Src/stm32f1xx_hal_rtc.c ****       /* Alarm expiration already occurred but alarm not deactivated */
 850:Drivers/STM32F1xx_HAL_Driver/Src/stm32f1xx_hal_rtc.c ****       counter_alarm = RTC_ALARM_RESETVALUE;
 851:Drivers/STM32F1xx_HAL_Driver/Src/stm32f1xx_hal_rtc.c ****     }
 852:Drivers/STM32F1xx_HAL_Driver/Src/stm32f1xx_hal_rtc.c **** 
 853:Drivers/STM32F1xx_HAL_Driver/Src/stm32f1xx_hal_rtc.c ****     /* Set updated time in decreasing counter by number of days elapsed */
 854:Drivers/STM32F1xx_HAL_Driver/Src/stm32f1xx_hal_rtc.c ****     counter_time -= (days_elapsed * 24U * 3600U);
 855:Drivers/STM32F1xx_HAL_Driver/Src/stm32f1xx_hal_rtc.c **** 
 856:Drivers/STM32F1xx_HAL_Driver/Src/stm32f1xx_hal_rtc.c ****     /* Write time counter in RTC registers */
 857:Drivers/STM32F1xx_HAL_Driver/Src/stm32f1xx_hal_rtc.c ****     if (RTC_WriteTimeCounter(hrtc, counter_time) != HAL_OK)
 858:Drivers/STM32F1xx_HAL_Driver/Src/stm32f1xx_hal_rtc.c ****     {
 859:Drivers/STM32F1xx_HAL_Driver/Src/stm32f1xx_hal_rtc.c ****       return HAL_ERROR;
 860:Drivers/STM32F1xx_HAL_Driver/Src/stm32f1xx_hal_rtc.c ****     }
 861:Drivers/STM32F1xx_HAL_Driver/Src/stm32f1xx_hal_rtc.c **** 
 862:Drivers/STM32F1xx_HAL_Driver/Src/stm32f1xx_hal_rtc.c ****     /* Set updated alarm to be set */
 863:Drivers/STM32F1xx_HAL_Driver/Src/stm32f1xx_hal_rtc.c ****     if (counter_alarm != RTC_ALARM_RESETVALUE)
 864:Drivers/STM32F1xx_HAL_Driver/Src/stm32f1xx_hal_rtc.c ****     {
 865:Drivers/STM32F1xx_HAL_Driver/Src/stm32f1xx_hal_rtc.c ****       counter_alarm += counter_time;
 866:Drivers/STM32F1xx_HAL_Driver/Src/stm32f1xx_hal_rtc.c **** 
 867:Drivers/STM32F1xx_HAL_Driver/Src/stm32f1xx_hal_rtc.c ****       /* Write time counter in RTC registers */
 868:Drivers/STM32F1xx_HAL_Driver/Src/stm32f1xx_hal_rtc.c ****       if (RTC_WriteAlarmCounter(hrtc, counter_alarm) != HAL_OK)
 869:Drivers/STM32F1xx_HAL_Driver/Src/stm32f1xx_hal_rtc.c ****       {
 870:Drivers/STM32F1xx_HAL_Driver/Src/stm32f1xx_hal_rtc.c ****         return HAL_ERROR;
 871:Drivers/STM32F1xx_HAL_Driver/Src/stm32f1xx_hal_rtc.c ****       }
 872:Drivers/STM32F1xx_HAL_Driver/Src/stm32f1xx_hal_rtc.c ****     }
 873:Drivers/STM32F1xx_HAL_Driver/Src/stm32f1xx_hal_rtc.c ****     else
 874:Drivers/STM32F1xx_HAL_Driver/Src/stm32f1xx_hal_rtc.c ****     {
 875:Drivers/STM32F1xx_HAL_Driver/Src/stm32f1xx_hal_rtc.c ****       /* Alarm already occurred. Set it to reset values to avoid unexpected expiration */
 876:Drivers/STM32F1xx_HAL_Driver/Src/stm32f1xx_hal_rtc.c ****       if (RTC_WriteAlarmCounter(hrtc, counter_alarm) != HAL_OK)
 877:Drivers/STM32F1xx_HAL_Driver/Src/stm32f1xx_hal_rtc.c ****       {
 878:Drivers/STM32F1xx_HAL_Driver/Src/stm32f1xx_hal_rtc.c ****         return HAL_ERROR;
 879:Drivers/STM32F1xx_HAL_Driver/Src/stm32f1xx_hal_rtc.c ****       }
 880:Drivers/STM32F1xx_HAL_Driver/Src/stm32f1xx_hal_rtc.c ****     }
 881:Drivers/STM32F1xx_HAL_Driver/Src/stm32f1xx_hal_rtc.c **** 
 882:Drivers/STM32F1xx_HAL_Driver/Src/stm32f1xx_hal_rtc.c ****     /* Update date */
 883:Drivers/STM32F1xx_HAL_Driver/Src/stm32f1xx_hal_rtc.c ****     RTC_DateUpdate(hrtc, days_elapsed);
 884:Drivers/STM32F1xx_HAL_Driver/Src/stm32f1xx_hal_rtc.c ****   }
 885:Drivers/STM32F1xx_HAL_Driver/Src/stm32f1xx_hal_rtc.c ****   else
 886:Drivers/STM32F1xx_HAL_Driver/Src/stm32f1xx_hal_rtc.c ****   {
 887:Drivers/STM32F1xx_HAL_Driver/Src/stm32f1xx_hal_rtc.c ****     sTime->Hours = hours;
ARM GAS  /tmp/ccLN6BmF.s 			page 17


 888:Drivers/STM32F1xx_HAL_Driver/Src/stm32f1xx_hal_rtc.c ****   }
 889:Drivers/STM32F1xx_HAL_Driver/Src/stm32f1xx_hal_rtc.c **** 
 890:Drivers/STM32F1xx_HAL_Driver/Src/stm32f1xx_hal_rtc.c ****   /* Check the input parameters format */
 891:Drivers/STM32F1xx_HAL_Driver/Src/stm32f1xx_hal_rtc.c ****   if (Format != RTC_FORMAT_BIN)
 892:Drivers/STM32F1xx_HAL_Driver/Src/stm32f1xx_hal_rtc.c ****   {
 893:Drivers/STM32F1xx_HAL_Driver/Src/stm32f1xx_hal_rtc.c ****     /* Convert the time structure parameters to BCD format */
 894:Drivers/STM32F1xx_HAL_Driver/Src/stm32f1xx_hal_rtc.c ****     sTime->Hours    = (uint8_t)RTC_ByteToBcd2(sTime->Hours);
 895:Drivers/STM32F1xx_HAL_Driver/Src/stm32f1xx_hal_rtc.c ****     sTime->Minutes  = (uint8_t)RTC_ByteToBcd2(sTime->Minutes);
 896:Drivers/STM32F1xx_HAL_Driver/Src/stm32f1xx_hal_rtc.c ****     sTime->Seconds  = (uint8_t)RTC_ByteToBcd2(sTime->Seconds);
 897:Drivers/STM32F1xx_HAL_Driver/Src/stm32f1xx_hal_rtc.c ****   }
 898:Drivers/STM32F1xx_HAL_Driver/Src/stm32f1xx_hal_rtc.c **** 
 899:Drivers/STM32F1xx_HAL_Driver/Src/stm32f1xx_hal_rtc.c ****   return HAL_OK;
 900:Drivers/STM32F1xx_HAL_Driver/Src/stm32f1xx_hal_rtc.c **** }
 901:Drivers/STM32F1xx_HAL_Driver/Src/stm32f1xx_hal_rtc.c **** 
 902:Drivers/STM32F1xx_HAL_Driver/Src/stm32f1xx_hal_rtc.c **** 
 903:Drivers/STM32F1xx_HAL_Driver/Src/stm32f1xx_hal_rtc.c **** /**
 904:Drivers/STM32F1xx_HAL_Driver/Src/stm32f1xx_hal_rtc.c ****   * @brief  Sets RTC current date.
 905:Drivers/STM32F1xx_HAL_Driver/Src/stm32f1xx_hal_rtc.c ****   * @param  hrtc   pointer to a RTC_HandleTypeDef structure that contains
 906:Drivers/STM32F1xx_HAL_Driver/Src/stm32f1xx_hal_rtc.c ****   *                the configuration information for RTC.
 907:Drivers/STM32F1xx_HAL_Driver/Src/stm32f1xx_hal_rtc.c ****   * @param  sDate: Pointer to date structure
 908:Drivers/STM32F1xx_HAL_Driver/Src/stm32f1xx_hal_rtc.c ****   * @param  Format: specifies the format of the entered parameters.
 909:Drivers/STM32F1xx_HAL_Driver/Src/stm32f1xx_hal_rtc.c ****   *          This parameter can be one of the following values:
 910:Drivers/STM32F1xx_HAL_Driver/Src/stm32f1xx_hal_rtc.c ****   *            @arg RTC_FORMAT_BIN: Binary data format
 911:Drivers/STM32F1xx_HAL_Driver/Src/stm32f1xx_hal_rtc.c ****   *            @arg RTC_FORMAT_BCD: BCD data format
 912:Drivers/STM32F1xx_HAL_Driver/Src/stm32f1xx_hal_rtc.c ****   * @retval HAL status
 913:Drivers/STM32F1xx_HAL_Driver/Src/stm32f1xx_hal_rtc.c ****   */
 914:Drivers/STM32F1xx_HAL_Driver/Src/stm32f1xx_hal_rtc.c **** HAL_StatusTypeDef HAL_RTC_SetDate(RTC_HandleTypeDef *hrtc, RTC_DateTypeDef *sDate, uint32_t Format)
 915:Drivers/STM32F1xx_HAL_Driver/Src/stm32f1xx_hal_rtc.c **** {
 916:Drivers/STM32F1xx_HAL_Driver/Src/stm32f1xx_hal_rtc.c ****   uint32_t counter_time = 0U, counter_alarm = 0U, hours = 0U;
 917:Drivers/STM32F1xx_HAL_Driver/Src/stm32f1xx_hal_rtc.c **** 
 918:Drivers/STM32F1xx_HAL_Driver/Src/stm32f1xx_hal_rtc.c ****   /* Check input parameters */
 919:Drivers/STM32F1xx_HAL_Driver/Src/stm32f1xx_hal_rtc.c ****   if ((hrtc == NULL) || (sDate == NULL))
 920:Drivers/STM32F1xx_HAL_Driver/Src/stm32f1xx_hal_rtc.c ****   {
 921:Drivers/STM32F1xx_HAL_Driver/Src/stm32f1xx_hal_rtc.c ****     return HAL_ERROR;
 922:Drivers/STM32F1xx_HAL_Driver/Src/stm32f1xx_hal_rtc.c ****   }
 923:Drivers/STM32F1xx_HAL_Driver/Src/stm32f1xx_hal_rtc.c **** 
 924:Drivers/STM32F1xx_HAL_Driver/Src/stm32f1xx_hal_rtc.c ****   /* Check the parameters */
 925:Drivers/STM32F1xx_HAL_Driver/Src/stm32f1xx_hal_rtc.c ****   assert_param(IS_RTC_FORMAT(Format));
 926:Drivers/STM32F1xx_HAL_Driver/Src/stm32f1xx_hal_rtc.c **** 
 927:Drivers/STM32F1xx_HAL_Driver/Src/stm32f1xx_hal_rtc.c ****   /* Process Locked */
 928:Drivers/STM32F1xx_HAL_Driver/Src/stm32f1xx_hal_rtc.c ****   __HAL_LOCK(hrtc);
 929:Drivers/STM32F1xx_HAL_Driver/Src/stm32f1xx_hal_rtc.c **** 
 930:Drivers/STM32F1xx_HAL_Driver/Src/stm32f1xx_hal_rtc.c ****   hrtc->State = HAL_RTC_STATE_BUSY;
 931:Drivers/STM32F1xx_HAL_Driver/Src/stm32f1xx_hal_rtc.c **** 
 932:Drivers/STM32F1xx_HAL_Driver/Src/stm32f1xx_hal_rtc.c ****   if (Format == RTC_FORMAT_BIN)
 933:Drivers/STM32F1xx_HAL_Driver/Src/stm32f1xx_hal_rtc.c ****   {
 934:Drivers/STM32F1xx_HAL_Driver/Src/stm32f1xx_hal_rtc.c ****     assert_param(IS_RTC_YEAR(sDate->Year));
 935:Drivers/STM32F1xx_HAL_Driver/Src/stm32f1xx_hal_rtc.c ****     assert_param(IS_RTC_MONTH(sDate->Month));
 936:Drivers/STM32F1xx_HAL_Driver/Src/stm32f1xx_hal_rtc.c ****     assert_param(IS_RTC_DATE(sDate->Date));
 937:Drivers/STM32F1xx_HAL_Driver/Src/stm32f1xx_hal_rtc.c **** 
 938:Drivers/STM32F1xx_HAL_Driver/Src/stm32f1xx_hal_rtc.c ****     /* Change the current date */
 939:Drivers/STM32F1xx_HAL_Driver/Src/stm32f1xx_hal_rtc.c ****     hrtc->DateToUpdate.Year  = sDate->Year;
 940:Drivers/STM32F1xx_HAL_Driver/Src/stm32f1xx_hal_rtc.c ****     hrtc->DateToUpdate.Month = sDate->Month;
 941:Drivers/STM32F1xx_HAL_Driver/Src/stm32f1xx_hal_rtc.c ****     hrtc->DateToUpdate.Date  = sDate->Date;
 942:Drivers/STM32F1xx_HAL_Driver/Src/stm32f1xx_hal_rtc.c ****   }
 943:Drivers/STM32F1xx_HAL_Driver/Src/stm32f1xx_hal_rtc.c ****   else
 944:Drivers/STM32F1xx_HAL_Driver/Src/stm32f1xx_hal_rtc.c ****   {
ARM GAS  /tmp/ccLN6BmF.s 			page 18


 945:Drivers/STM32F1xx_HAL_Driver/Src/stm32f1xx_hal_rtc.c ****     assert_param(IS_RTC_YEAR(RTC_Bcd2ToByte(sDate->Year)));
 946:Drivers/STM32F1xx_HAL_Driver/Src/stm32f1xx_hal_rtc.c ****     assert_param(IS_RTC_MONTH(RTC_Bcd2ToByte(sDate->Month)));
 947:Drivers/STM32F1xx_HAL_Driver/Src/stm32f1xx_hal_rtc.c ****     assert_param(IS_RTC_DATE(RTC_Bcd2ToByte(sDate->Date)));
 948:Drivers/STM32F1xx_HAL_Driver/Src/stm32f1xx_hal_rtc.c **** 
 949:Drivers/STM32F1xx_HAL_Driver/Src/stm32f1xx_hal_rtc.c ****     /* Change the current date */
 950:Drivers/STM32F1xx_HAL_Driver/Src/stm32f1xx_hal_rtc.c ****     hrtc->DateToUpdate.Year  = RTC_Bcd2ToByte(sDate->Year);
 951:Drivers/STM32F1xx_HAL_Driver/Src/stm32f1xx_hal_rtc.c ****     hrtc->DateToUpdate.Month = RTC_Bcd2ToByte(sDate->Month);
 952:Drivers/STM32F1xx_HAL_Driver/Src/stm32f1xx_hal_rtc.c ****     hrtc->DateToUpdate.Date  = RTC_Bcd2ToByte(sDate->Date);
 953:Drivers/STM32F1xx_HAL_Driver/Src/stm32f1xx_hal_rtc.c ****   }
 954:Drivers/STM32F1xx_HAL_Driver/Src/stm32f1xx_hal_rtc.c **** 
 955:Drivers/STM32F1xx_HAL_Driver/Src/stm32f1xx_hal_rtc.c ****   /* WeekDay set by user can be ignored because automatically calculated */
 956:Drivers/STM32F1xx_HAL_Driver/Src/stm32f1xx_hal_rtc.c ****   hrtc->DateToUpdate.WeekDay = RTC_WeekDayNum(hrtc->DateToUpdate.Year, hrtc->DateToUpdate.Month, hr
 957:Drivers/STM32F1xx_HAL_Driver/Src/stm32f1xx_hal_rtc.c ****   sDate->WeekDay = hrtc->DateToUpdate.WeekDay;
 958:Drivers/STM32F1xx_HAL_Driver/Src/stm32f1xx_hal_rtc.c **** 
 959:Drivers/STM32F1xx_HAL_Driver/Src/stm32f1xx_hal_rtc.c ****   /* Reset time to be aligned on the same day */
 960:Drivers/STM32F1xx_HAL_Driver/Src/stm32f1xx_hal_rtc.c ****   /* Read the time counter*/
 961:Drivers/STM32F1xx_HAL_Driver/Src/stm32f1xx_hal_rtc.c ****   counter_time = RTC_ReadTimeCounter(hrtc);
 962:Drivers/STM32F1xx_HAL_Driver/Src/stm32f1xx_hal_rtc.c **** 
 963:Drivers/STM32F1xx_HAL_Driver/Src/stm32f1xx_hal_rtc.c ****   /* Fill the structure fields with the read parameters */
 964:Drivers/STM32F1xx_HAL_Driver/Src/stm32f1xx_hal_rtc.c ****   hours = counter_time / 3600U;
 965:Drivers/STM32F1xx_HAL_Driver/Src/stm32f1xx_hal_rtc.c ****   if (hours > 24U)
 966:Drivers/STM32F1xx_HAL_Driver/Src/stm32f1xx_hal_rtc.c ****   {
 967:Drivers/STM32F1xx_HAL_Driver/Src/stm32f1xx_hal_rtc.c ****     /* Set updated time in decreasing counter by number of days elapsed */
 968:Drivers/STM32F1xx_HAL_Driver/Src/stm32f1xx_hal_rtc.c ****     counter_time -= ((hours / 24U) * 24U * 3600U);
 969:Drivers/STM32F1xx_HAL_Driver/Src/stm32f1xx_hal_rtc.c ****     /* Write time counter in RTC registers */
 970:Drivers/STM32F1xx_HAL_Driver/Src/stm32f1xx_hal_rtc.c ****     if (RTC_WriteTimeCounter(hrtc, counter_time) != HAL_OK)
 971:Drivers/STM32F1xx_HAL_Driver/Src/stm32f1xx_hal_rtc.c ****     {
 972:Drivers/STM32F1xx_HAL_Driver/Src/stm32f1xx_hal_rtc.c ****       /* Set RTC state */
 973:Drivers/STM32F1xx_HAL_Driver/Src/stm32f1xx_hal_rtc.c ****       hrtc->State = HAL_RTC_STATE_ERROR;
 974:Drivers/STM32F1xx_HAL_Driver/Src/stm32f1xx_hal_rtc.c **** 
 975:Drivers/STM32F1xx_HAL_Driver/Src/stm32f1xx_hal_rtc.c ****       /* Process Unlocked */
 976:Drivers/STM32F1xx_HAL_Driver/Src/stm32f1xx_hal_rtc.c ****       __HAL_UNLOCK(hrtc);
 977:Drivers/STM32F1xx_HAL_Driver/Src/stm32f1xx_hal_rtc.c **** 
 978:Drivers/STM32F1xx_HAL_Driver/Src/stm32f1xx_hal_rtc.c ****       return HAL_ERROR;
 979:Drivers/STM32F1xx_HAL_Driver/Src/stm32f1xx_hal_rtc.c ****     }
 980:Drivers/STM32F1xx_HAL_Driver/Src/stm32f1xx_hal_rtc.c **** 
 981:Drivers/STM32F1xx_HAL_Driver/Src/stm32f1xx_hal_rtc.c ****     /* Read current Alarm counter in RTC registers */
 982:Drivers/STM32F1xx_HAL_Driver/Src/stm32f1xx_hal_rtc.c ****     counter_alarm = RTC_ReadAlarmCounter(hrtc);
 983:Drivers/STM32F1xx_HAL_Driver/Src/stm32f1xx_hal_rtc.c **** 
 984:Drivers/STM32F1xx_HAL_Driver/Src/stm32f1xx_hal_rtc.c ****     /* Set again alarm to match with new time if enabled */
 985:Drivers/STM32F1xx_HAL_Driver/Src/stm32f1xx_hal_rtc.c ****     if (counter_alarm != RTC_ALARM_RESETVALUE)
 986:Drivers/STM32F1xx_HAL_Driver/Src/stm32f1xx_hal_rtc.c ****     {
 987:Drivers/STM32F1xx_HAL_Driver/Src/stm32f1xx_hal_rtc.c ****       if (counter_alarm < counter_time)
 988:Drivers/STM32F1xx_HAL_Driver/Src/stm32f1xx_hal_rtc.c ****       {
 989:Drivers/STM32F1xx_HAL_Driver/Src/stm32f1xx_hal_rtc.c ****         /* Add 1 day to alarm counter*/
 990:Drivers/STM32F1xx_HAL_Driver/Src/stm32f1xx_hal_rtc.c ****         counter_alarm += (uint32_t)(24U * 3600U);
 991:Drivers/STM32F1xx_HAL_Driver/Src/stm32f1xx_hal_rtc.c **** 
 992:Drivers/STM32F1xx_HAL_Driver/Src/stm32f1xx_hal_rtc.c ****         /* Write new Alarm counter in RTC registers */
 993:Drivers/STM32F1xx_HAL_Driver/Src/stm32f1xx_hal_rtc.c ****         if (RTC_WriteAlarmCounter(hrtc, counter_alarm) != HAL_OK)
 994:Drivers/STM32F1xx_HAL_Driver/Src/stm32f1xx_hal_rtc.c ****         {
 995:Drivers/STM32F1xx_HAL_Driver/Src/stm32f1xx_hal_rtc.c ****           /* Set RTC state */
 996:Drivers/STM32F1xx_HAL_Driver/Src/stm32f1xx_hal_rtc.c ****           hrtc->State = HAL_RTC_STATE_ERROR;
 997:Drivers/STM32F1xx_HAL_Driver/Src/stm32f1xx_hal_rtc.c **** 
 998:Drivers/STM32F1xx_HAL_Driver/Src/stm32f1xx_hal_rtc.c ****           /* Process Unlocked */
 999:Drivers/STM32F1xx_HAL_Driver/Src/stm32f1xx_hal_rtc.c ****           __HAL_UNLOCK(hrtc);
1000:Drivers/STM32F1xx_HAL_Driver/Src/stm32f1xx_hal_rtc.c **** 
1001:Drivers/STM32F1xx_HAL_Driver/Src/stm32f1xx_hal_rtc.c ****           return HAL_ERROR;
ARM GAS  /tmp/ccLN6BmF.s 			page 19


1002:Drivers/STM32F1xx_HAL_Driver/Src/stm32f1xx_hal_rtc.c ****         }
1003:Drivers/STM32F1xx_HAL_Driver/Src/stm32f1xx_hal_rtc.c ****       }
1004:Drivers/STM32F1xx_HAL_Driver/Src/stm32f1xx_hal_rtc.c ****     }
1005:Drivers/STM32F1xx_HAL_Driver/Src/stm32f1xx_hal_rtc.c **** 
1006:Drivers/STM32F1xx_HAL_Driver/Src/stm32f1xx_hal_rtc.c **** 
1007:Drivers/STM32F1xx_HAL_Driver/Src/stm32f1xx_hal_rtc.c ****   }
1008:Drivers/STM32F1xx_HAL_Driver/Src/stm32f1xx_hal_rtc.c **** 
1009:Drivers/STM32F1xx_HAL_Driver/Src/stm32f1xx_hal_rtc.c ****   hrtc->State = HAL_RTC_STATE_READY ;
1010:Drivers/STM32F1xx_HAL_Driver/Src/stm32f1xx_hal_rtc.c **** 
1011:Drivers/STM32F1xx_HAL_Driver/Src/stm32f1xx_hal_rtc.c ****   /* Process Unlocked */
1012:Drivers/STM32F1xx_HAL_Driver/Src/stm32f1xx_hal_rtc.c ****   __HAL_UNLOCK(hrtc);
1013:Drivers/STM32F1xx_HAL_Driver/Src/stm32f1xx_hal_rtc.c **** 
1014:Drivers/STM32F1xx_HAL_Driver/Src/stm32f1xx_hal_rtc.c ****   return HAL_OK;
1015:Drivers/STM32F1xx_HAL_Driver/Src/stm32f1xx_hal_rtc.c **** }
1016:Drivers/STM32F1xx_HAL_Driver/Src/stm32f1xx_hal_rtc.c **** 
1017:Drivers/STM32F1xx_HAL_Driver/Src/stm32f1xx_hal_rtc.c **** /**
1018:Drivers/STM32F1xx_HAL_Driver/Src/stm32f1xx_hal_rtc.c ****   * @brief  Gets RTC current date.
1019:Drivers/STM32F1xx_HAL_Driver/Src/stm32f1xx_hal_rtc.c ****   * @param  hrtc   pointer to a RTC_HandleTypeDef structure that contains
1020:Drivers/STM32F1xx_HAL_Driver/Src/stm32f1xx_hal_rtc.c ****   *                the configuration information for RTC.
1021:Drivers/STM32F1xx_HAL_Driver/Src/stm32f1xx_hal_rtc.c ****   * @param  sDate: Pointer to Date structure
1022:Drivers/STM32F1xx_HAL_Driver/Src/stm32f1xx_hal_rtc.c ****   * @param  Format: Specifies the format of the entered parameters.
1023:Drivers/STM32F1xx_HAL_Driver/Src/stm32f1xx_hal_rtc.c ****   *          This parameter can be one of the following values:
1024:Drivers/STM32F1xx_HAL_Driver/Src/stm32f1xx_hal_rtc.c ****   *            @arg RTC_FORMAT_BIN:  Binary data format
1025:Drivers/STM32F1xx_HAL_Driver/Src/stm32f1xx_hal_rtc.c ****   *            @arg RTC_FORMAT_BCD:  BCD data format
1026:Drivers/STM32F1xx_HAL_Driver/Src/stm32f1xx_hal_rtc.c ****   * @retval HAL status
1027:Drivers/STM32F1xx_HAL_Driver/Src/stm32f1xx_hal_rtc.c ****   */
1028:Drivers/STM32F1xx_HAL_Driver/Src/stm32f1xx_hal_rtc.c **** HAL_StatusTypeDef HAL_RTC_GetDate(RTC_HandleTypeDef *hrtc, RTC_DateTypeDef *sDate, uint32_t Format)
1029:Drivers/STM32F1xx_HAL_Driver/Src/stm32f1xx_hal_rtc.c **** {
1030:Drivers/STM32F1xx_HAL_Driver/Src/stm32f1xx_hal_rtc.c ****   RTC_TimeTypeDef stime = {0U};
1031:Drivers/STM32F1xx_HAL_Driver/Src/stm32f1xx_hal_rtc.c **** 
1032:Drivers/STM32F1xx_HAL_Driver/Src/stm32f1xx_hal_rtc.c ****   /* Check input parameters */
1033:Drivers/STM32F1xx_HAL_Driver/Src/stm32f1xx_hal_rtc.c ****   if ((hrtc == NULL) || (sDate == NULL))
1034:Drivers/STM32F1xx_HAL_Driver/Src/stm32f1xx_hal_rtc.c ****   {
1035:Drivers/STM32F1xx_HAL_Driver/Src/stm32f1xx_hal_rtc.c ****     return HAL_ERROR;
1036:Drivers/STM32F1xx_HAL_Driver/Src/stm32f1xx_hal_rtc.c ****   }
1037:Drivers/STM32F1xx_HAL_Driver/Src/stm32f1xx_hal_rtc.c **** 
1038:Drivers/STM32F1xx_HAL_Driver/Src/stm32f1xx_hal_rtc.c ****   /* Check the parameters */
1039:Drivers/STM32F1xx_HAL_Driver/Src/stm32f1xx_hal_rtc.c ****   assert_param(IS_RTC_FORMAT(Format));
1040:Drivers/STM32F1xx_HAL_Driver/Src/stm32f1xx_hal_rtc.c **** 
1041:Drivers/STM32F1xx_HAL_Driver/Src/stm32f1xx_hal_rtc.c ****   /* Call HAL_RTC_GetTime function to update date if counter higher than 24 hours */
1042:Drivers/STM32F1xx_HAL_Driver/Src/stm32f1xx_hal_rtc.c ****   if (HAL_RTC_GetTime(hrtc, &stime, RTC_FORMAT_BIN) != HAL_OK)
1043:Drivers/STM32F1xx_HAL_Driver/Src/stm32f1xx_hal_rtc.c ****   {
1044:Drivers/STM32F1xx_HAL_Driver/Src/stm32f1xx_hal_rtc.c ****     return HAL_ERROR;
1045:Drivers/STM32F1xx_HAL_Driver/Src/stm32f1xx_hal_rtc.c ****   }
1046:Drivers/STM32F1xx_HAL_Driver/Src/stm32f1xx_hal_rtc.c **** 
1047:Drivers/STM32F1xx_HAL_Driver/Src/stm32f1xx_hal_rtc.c ****   /* Fill the structure fields with the read parameters */
1048:Drivers/STM32F1xx_HAL_Driver/Src/stm32f1xx_hal_rtc.c ****   sDate->WeekDay  = hrtc->DateToUpdate.WeekDay;
1049:Drivers/STM32F1xx_HAL_Driver/Src/stm32f1xx_hal_rtc.c ****   sDate->Year     = hrtc->DateToUpdate.Year;
1050:Drivers/STM32F1xx_HAL_Driver/Src/stm32f1xx_hal_rtc.c ****   sDate->Month    = hrtc->DateToUpdate.Month;
1051:Drivers/STM32F1xx_HAL_Driver/Src/stm32f1xx_hal_rtc.c ****   sDate->Date     = hrtc->DateToUpdate.Date;
1052:Drivers/STM32F1xx_HAL_Driver/Src/stm32f1xx_hal_rtc.c **** 
1053:Drivers/STM32F1xx_HAL_Driver/Src/stm32f1xx_hal_rtc.c ****   /* Check the input parameters format */
1054:Drivers/STM32F1xx_HAL_Driver/Src/stm32f1xx_hal_rtc.c ****   if (Format != RTC_FORMAT_BIN)
1055:Drivers/STM32F1xx_HAL_Driver/Src/stm32f1xx_hal_rtc.c ****   {
1056:Drivers/STM32F1xx_HAL_Driver/Src/stm32f1xx_hal_rtc.c ****     /* Convert the date structure parameters to BCD format */
1057:Drivers/STM32F1xx_HAL_Driver/Src/stm32f1xx_hal_rtc.c ****     sDate->Year   = (uint8_t)RTC_ByteToBcd2(sDate->Year);
1058:Drivers/STM32F1xx_HAL_Driver/Src/stm32f1xx_hal_rtc.c ****     sDate->Month  = (uint8_t)RTC_ByteToBcd2(sDate->Month);
ARM GAS  /tmp/ccLN6BmF.s 			page 20


1059:Drivers/STM32F1xx_HAL_Driver/Src/stm32f1xx_hal_rtc.c ****     sDate->Date   = (uint8_t)RTC_ByteToBcd2(sDate->Date);
1060:Drivers/STM32F1xx_HAL_Driver/Src/stm32f1xx_hal_rtc.c ****   }
1061:Drivers/STM32F1xx_HAL_Driver/Src/stm32f1xx_hal_rtc.c ****   return HAL_OK;
1062:Drivers/STM32F1xx_HAL_Driver/Src/stm32f1xx_hal_rtc.c **** }
1063:Drivers/STM32F1xx_HAL_Driver/Src/stm32f1xx_hal_rtc.c **** 
1064:Drivers/STM32F1xx_HAL_Driver/Src/stm32f1xx_hal_rtc.c **** /**
1065:Drivers/STM32F1xx_HAL_Driver/Src/stm32f1xx_hal_rtc.c ****   * @}
1066:Drivers/STM32F1xx_HAL_Driver/Src/stm32f1xx_hal_rtc.c ****   */
1067:Drivers/STM32F1xx_HAL_Driver/Src/stm32f1xx_hal_rtc.c **** 
1068:Drivers/STM32F1xx_HAL_Driver/Src/stm32f1xx_hal_rtc.c **** /** @defgroup RTC_Exported_Functions_Group3 Alarm functions
1069:Drivers/STM32F1xx_HAL_Driver/Src/stm32f1xx_hal_rtc.c ****  *  @brief   RTC Alarm functions
1070:Drivers/STM32F1xx_HAL_Driver/Src/stm32f1xx_hal_rtc.c ****  *
1071:Drivers/STM32F1xx_HAL_Driver/Src/stm32f1xx_hal_rtc.c **** @verbatim
1072:Drivers/STM32F1xx_HAL_Driver/Src/stm32f1xx_hal_rtc.c ****  ===============================================================================
1073:Drivers/STM32F1xx_HAL_Driver/Src/stm32f1xx_hal_rtc.c ****                  ##### RTC Alarm functions #####
1074:Drivers/STM32F1xx_HAL_Driver/Src/stm32f1xx_hal_rtc.c ****  ===============================================================================
1075:Drivers/STM32F1xx_HAL_Driver/Src/stm32f1xx_hal_rtc.c **** 
1076:Drivers/STM32F1xx_HAL_Driver/Src/stm32f1xx_hal_rtc.c ****  [..] This section provides functions allowing to configure Alarm feature
1077:Drivers/STM32F1xx_HAL_Driver/Src/stm32f1xx_hal_rtc.c **** 
1078:Drivers/STM32F1xx_HAL_Driver/Src/stm32f1xx_hal_rtc.c **** @endverbatim
1079:Drivers/STM32F1xx_HAL_Driver/Src/stm32f1xx_hal_rtc.c ****   * @{
1080:Drivers/STM32F1xx_HAL_Driver/Src/stm32f1xx_hal_rtc.c ****   */
1081:Drivers/STM32F1xx_HAL_Driver/Src/stm32f1xx_hal_rtc.c **** 
1082:Drivers/STM32F1xx_HAL_Driver/Src/stm32f1xx_hal_rtc.c **** /**
1083:Drivers/STM32F1xx_HAL_Driver/Src/stm32f1xx_hal_rtc.c ****   * @brief  Sets the specified RTC Alarm.
1084:Drivers/STM32F1xx_HAL_Driver/Src/stm32f1xx_hal_rtc.c ****   * @param  hrtc   pointer to a RTC_HandleTypeDef structure that contains
1085:Drivers/STM32F1xx_HAL_Driver/Src/stm32f1xx_hal_rtc.c ****   *                the configuration information for RTC.
1086:Drivers/STM32F1xx_HAL_Driver/Src/stm32f1xx_hal_rtc.c ****   * @param  sAlarm: Pointer to Alarm structure
1087:Drivers/STM32F1xx_HAL_Driver/Src/stm32f1xx_hal_rtc.c ****   * @param  Format: Specifies the format of the entered parameters.
1088:Drivers/STM32F1xx_HAL_Driver/Src/stm32f1xx_hal_rtc.c ****   *          This parameter can be one of the following values:
1089:Drivers/STM32F1xx_HAL_Driver/Src/stm32f1xx_hal_rtc.c ****   *             @arg RTC_FORMAT_BIN: Binary data format
1090:Drivers/STM32F1xx_HAL_Driver/Src/stm32f1xx_hal_rtc.c ****   *             @arg RTC_FORMAT_BCD: BCD data format
1091:Drivers/STM32F1xx_HAL_Driver/Src/stm32f1xx_hal_rtc.c ****   * @retval HAL status
1092:Drivers/STM32F1xx_HAL_Driver/Src/stm32f1xx_hal_rtc.c ****   */
1093:Drivers/STM32F1xx_HAL_Driver/Src/stm32f1xx_hal_rtc.c **** HAL_StatusTypeDef HAL_RTC_SetAlarm(RTC_HandleTypeDef *hrtc, RTC_AlarmTypeDef *sAlarm, uint32_t Form
1094:Drivers/STM32F1xx_HAL_Driver/Src/stm32f1xx_hal_rtc.c **** {
1095:Drivers/STM32F1xx_HAL_Driver/Src/stm32f1xx_hal_rtc.c ****   uint32_t counter_alarm = 0U, counter_time;
1096:Drivers/STM32F1xx_HAL_Driver/Src/stm32f1xx_hal_rtc.c ****   RTC_TimeTypeDef stime = {0U};
1097:Drivers/STM32F1xx_HAL_Driver/Src/stm32f1xx_hal_rtc.c **** 
1098:Drivers/STM32F1xx_HAL_Driver/Src/stm32f1xx_hal_rtc.c ****   /* Check input parameters */
1099:Drivers/STM32F1xx_HAL_Driver/Src/stm32f1xx_hal_rtc.c ****   if ((hrtc == NULL) || (sAlarm == NULL))
1100:Drivers/STM32F1xx_HAL_Driver/Src/stm32f1xx_hal_rtc.c ****   {
1101:Drivers/STM32F1xx_HAL_Driver/Src/stm32f1xx_hal_rtc.c ****     return HAL_ERROR;
1102:Drivers/STM32F1xx_HAL_Driver/Src/stm32f1xx_hal_rtc.c ****   }
1103:Drivers/STM32F1xx_HAL_Driver/Src/stm32f1xx_hal_rtc.c **** 
1104:Drivers/STM32F1xx_HAL_Driver/Src/stm32f1xx_hal_rtc.c ****   /* Check the parameters */
1105:Drivers/STM32F1xx_HAL_Driver/Src/stm32f1xx_hal_rtc.c ****   assert_param(IS_RTC_FORMAT(Format));
1106:Drivers/STM32F1xx_HAL_Driver/Src/stm32f1xx_hal_rtc.c ****   assert_param(IS_RTC_ALARM(sAlarm->Alarm));
1107:Drivers/STM32F1xx_HAL_Driver/Src/stm32f1xx_hal_rtc.c **** 
1108:Drivers/STM32F1xx_HAL_Driver/Src/stm32f1xx_hal_rtc.c ****   /* Process Locked */
1109:Drivers/STM32F1xx_HAL_Driver/Src/stm32f1xx_hal_rtc.c ****   __HAL_LOCK(hrtc);
1110:Drivers/STM32F1xx_HAL_Driver/Src/stm32f1xx_hal_rtc.c **** 
1111:Drivers/STM32F1xx_HAL_Driver/Src/stm32f1xx_hal_rtc.c ****   hrtc->State = HAL_RTC_STATE_BUSY;
1112:Drivers/STM32F1xx_HAL_Driver/Src/stm32f1xx_hal_rtc.c **** 
1113:Drivers/STM32F1xx_HAL_Driver/Src/stm32f1xx_hal_rtc.c ****   /* Call HAL_RTC_GetTime function to update date if counter higher than 24 hours */
1114:Drivers/STM32F1xx_HAL_Driver/Src/stm32f1xx_hal_rtc.c ****   if (HAL_RTC_GetTime(hrtc, &stime, RTC_FORMAT_BIN) != HAL_OK)
1115:Drivers/STM32F1xx_HAL_Driver/Src/stm32f1xx_hal_rtc.c ****   {
ARM GAS  /tmp/ccLN6BmF.s 			page 21


1116:Drivers/STM32F1xx_HAL_Driver/Src/stm32f1xx_hal_rtc.c ****     return HAL_ERROR;
1117:Drivers/STM32F1xx_HAL_Driver/Src/stm32f1xx_hal_rtc.c ****   }
1118:Drivers/STM32F1xx_HAL_Driver/Src/stm32f1xx_hal_rtc.c **** 
1119:Drivers/STM32F1xx_HAL_Driver/Src/stm32f1xx_hal_rtc.c ****   /* Convert time in seconds */
1120:Drivers/STM32F1xx_HAL_Driver/Src/stm32f1xx_hal_rtc.c ****   counter_time = (uint32_t)(((uint32_t)stime.Hours * 3600U) + \
1121:Drivers/STM32F1xx_HAL_Driver/Src/stm32f1xx_hal_rtc.c ****                             ((uint32_t)stime.Minutes * 60U) + \
1122:Drivers/STM32F1xx_HAL_Driver/Src/stm32f1xx_hal_rtc.c ****                             ((uint32_t)stime.Seconds));
1123:Drivers/STM32F1xx_HAL_Driver/Src/stm32f1xx_hal_rtc.c **** 
1124:Drivers/STM32F1xx_HAL_Driver/Src/stm32f1xx_hal_rtc.c ****   if (Format == RTC_FORMAT_BIN)
1125:Drivers/STM32F1xx_HAL_Driver/Src/stm32f1xx_hal_rtc.c ****   {
1126:Drivers/STM32F1xx_HAL_Driver/Src/stm32f1xx_hal_rtc.c ****     assert_param(IS_RTC_HOUR24(sAlarm->AlarmTime.Hours));
1127:Drivers/STM32F1xx_HAL_Driver/Src/stm32f1xx_hal_rtc.c ****     assert_param(IS_RTC_MINUTES(sAlarm->AlarmTime.Minutes));
1128:Drivers/STM32F1xx_HAL_Driver/Src/stm32f1xx_hal_rtc.c ****     assert_param(IS_RTC_SECONDS(sAlarm->AlarmTime.Seconds));
1129:Drivers/STM32F1xx_HAL_Driver/Src/stm32f1xx_hal_rtc.c **** 
1130:Drivers/STM32F1xx_HAL_Driver/Src/stm32f1xx_hal_rtc.c ****     counter_alarm = (uint32_t)(((uint32_t)sAlarm->AlarmTime.Hours * 3600U) + \
1131:Drivers/STM32F1xx_HAL_Driver/Src/stm32f1xx_hal_rtc.c ****                                ((uint32_t)sAlarm->AlarmTime.Minutes * 60U) + \
1132:Drivers/STM32F1xx_HAL_Driver/Src/stm32f1xx_hal_rtc.c ****                                ((uint32_t)sAlarm->AlarmTime.Seconds));
1133:Drivers/STM32F1xx_HAL_Driver/Src/stm32f1xx_hal_rtc.c ****   }
1134:Drivers/STM32F1xx_HAL_Driver/Src/stm32f1xx_hal_rtc.c ****   else
1135:Drivers/STM32F1xx_HAL_Driver/Src/stm32f1xx_hal_rtc.c ****   {
1136:Drivers/STM32F1xx_HAL_Driver/Src/stm32f1xx_hal_rtc.c ****     assert_param(IS_RTC_HOUR24(RTC_Bcd2ToByte(sAlarm->AlarmTime.Hours)));
1137:Drivers/STM32F1xx_HAL_Driver/Src/stm32f1xx_hal_rtc.c ****     assert_param(IS_RTC_MINUTES(RTC_Bcd2ToByte(sAlarm->AlarmTime.Minutes)));
1138:Drivers/STM32F1xx_HAL_Driver/Src/stm32f1xx_hal_rtc.c ****     assert_param(IS_RTC_SECONDS(RTC_Bcd2ToByte(sAlarm->AlarmTime.Seconds)));
1139:Drivers/STM32F1xx_HAL_Driver/Src/stm32f1xx_hal_rtc.c **** 
1140:Drivers/STM32F1xx_HAL_Driver/Src/stm32f1xx_hal_rtc.c ****     counter_alarm = (((uint32_t)(RTC_Bcd2ToByte(sAlarm->AlarmTime.Hours)) * 3600U) + \
1141:Drivers/STM32F1xx_HAL_Driver/Src/stm32f1xx_hal_rtc.c ****                      ((uint32_t)(RTC_Bcd2ToByte(sAlarm->AlarmTime.Minutes)) * 60U) + \
1142:Drivers/STM32F1xx_HAL_Driver/Src/stm32f1xx_hal_rtc.c ****                      ((uint32_t)RTC_Bcd2ToByte(sAlarm->AlarmTime.Seconds)));
1143:Drivers/STM32F1xx_HAL_Driver/Src/stm32f1xx_hal_rtc.c ****   }
1144:Drivers/STM32F1xx_HAL_Driver/Src/stm32f1xx_hal_rtc.c **** 
1145:Drivers/STM32F1xx_HAL_Driver/Src/stm32f1xx_hal_rtc.c ****   /* Check that requested alarm should expire in the same day (otherwise add 1 day) */
1146:Drivers/STM32F1xx_HAL_Driver/Src/stm32f1xx_hal_rtc.c ****   if (counter_alarm < counter_time)
1147:Drivers/STM32F1xx_HAL_Driver/Src/stm32f1xx_hal_rtc.c ****   {
1148:Drivers/STM32F1xx_HAL_Driver/Src/stm32f1xx_hal_rtc.c ****     /* Add 1 day to alarm counter*/
1149:Drivers/STM32F1xx_HAL_Driver/Src/stm32f1xx_hal_rtc.c ****     counter_alarm += (uint32_t)(24U * 3600U);
1150:Drivers/STM32F1xx_HAL_Driver/Src/stm32f1xx_hal_rtc.c ****   }
1151:Drivers/STM32F1xx_HAL_Driver/Src/stm32f1xx_hal_rtc.c **** 
1152:Drivers/STM32F1xx_HAL_Driver/Src/stm32f1xx_hal_rtc.c ****   /* Write Alarm counter in RTC registers */
1153:Drivers/STM32F1xx_HAL_Driver/Src/stm32f1xx_hal_rtc.c ****   if (RTC_WriteAlarmCounter(hrtc, counter_alarm) != HAL_OK)
1154:Drivers/STM32F1xx_HAL_Driver/Src/stm32f1xx_hal_rtc.c ****   {
1155:Drivers/STM32F1xx_HAL_Driver/Src/stm32f1xx_hal_rtc.c ****     /* Set RTC state */
1156:Drivers/STM32F1xx_HAL_Driver/Src/stm32f1xx_hal_rtc.c ****     hrtc->State = HAL_RTC_STATE_ERROR;
1157:Drivers/STM32F1xx_HAL_Driver/Src/stm32f1xx_hal_rtc.c **** 
1158:Drivers/STM32F1xx_HAL_Driver/Src/stm32f1xx_hal_rtc.c ****     /* Process Unlocked */
1159:Drivers/STM32F1xx_HAL_Driver/Src/stm32f1xx_hal_rtc.c ****     __HAL_UNLOCK(hrtc);
1160:Drivers/STM32F1xx_HAL_Driver/Src/stm32f1xx_hal_rtc.c **** 
1161:Drivers/STM32F1xx_HAL_Driver/Src/stm32f1xx_hal_rtc.c ****     return HAL_ERROR;
1162:Drivers/STM32F1xx_HAL_Driver/Src/stm32f1xx_hal_rtc.c ****   }
1163:Drivers/STM32F1xx_HAL_Driver/Src/stm32f1xx_hal_rtc.c ****   else
1164:Drivers/STM32F1xx_HAL_Driver/Src/stm32f1xx_hal_rtc.c ****   {
1165:Drivers/STM32F1xx_HAL_Driver/Src/stm32f1xx_hal_rtc.c ****     hrtc->State = HAL_RTC_STATE_READY;
1166:Drivers/STM32F1xx_HAL_Driver/Src/stm32f1xx_hal_rtc.c **** 
1167:Drivers/STM32F1xx_HAL_Driver/Src/stm32f1xx_hal_rtc.c ****     __HAL_UNLOCK(hrtc);
1168:Drivers/STM32F1xx_HAL_Driver/Src/stm32f1xx_hal_rtc.c **** 
1169:Drivers/STM32F1xx_HAL_Driver/Src/stm32f1xx_hal_rtc.c ****     return HAL_OK;
1170:Drivers/STM32F1xx_HAL_Driver/Src/stm32f1xx_hal_rtc.c ****   }
1171:Drivers/STM32F1xx_HAL_Driver/Src/stm32f1xx_hal_rtc.c **** }
1172:Drivers/STM32F1xx_HAL_Driver/Src/stm32f1xx_hal_rtc.c **** 
ARM GAS  /tmp/ccLN6BmF.s 			page 22


1173:Drivers/STM32F1xx_HAL_Driver/Src/stm32f1xx_hal_rtc.c **** /**
1174:Drivers/STM32F1xx_HAL_Driver/Src/stm32f1xx_hal_rtc.c ****   * @brief  Sets the specified RTC Alarm with Interrupt
1175:Drivers/STM32F1xx_HAL_Driver/Src/stm32f1xx_hal_rtc.c ****   * @param  hrtc   pointer to a RTC_HandleTypeDef structure that contains
1176:Drivers/STM32F1xx_HAL_Driver/Src/stm32f1xx_hal_rtc.c ****   *                the configuration information for RTC.
1177:Drivers/STM32F1xx_HAL_Driver/Src/stm32f1xx_hal_rtc.c ****   * @param  sAlarm: Pointer to Alarm structure
1178:Drivers/STM32F1xx_HAL_Driver/Src/stm32f1xx_hal_rtc.c ****   * @param  Format: Specifies the format of the entered parameters.
1179:Drivers/STM32F1xx_HAL_Driver/Src/stm32f1xx_hal_rtc.c ****   *          This parameter can be one of the following values:
1180:Drivers/STM32F1xx_HAL_Driver/Src/stm32f1xx_hal_rtc.c ****   *             @arg RTC_FORMAT_BIN: Binary data format
1181:Drivers/STM32F1xx_HAL_Driver/Src/stm32f1xx_hal_rtc.c ****   *             @arg RTC_FORMAT_BCD: BCD data format
1182:Drivers/STM32F1xx_HAL_Driver/Src/stm32f1xx_hal_rtc.c ****   * @note   The HAL_RTC_SetTime() must be called before enabling the Alarm feature.
1183:Drivers/STM32F1xx_HAL_Driver/Src/stm32f1xx_hal_rtc.c ****   * @retval HAL status
1184:Drivers/STM32F1xx_HAL_Driver/Src/stm32f1xx_hal_rtc.c ****   */
1185:Drivers/STM32F1xx_HAL_Driver/Src/stm32f1xx_hal_rtc.c **** HAL_StatusTypeDef HAL_RTC_SetAlarm_IT(RTC_HandleTypeDef *hrtc, RTC_AlarmTypeDef *sAlarm, uint32_t F
1186:Drivers/STM32F1xx_HAL_Driver/Src/stm32f1xx_hal_rtc.c **** {
1187:Drivers/STM32F1xx_HAL_Driver/Src/stm32f1xx_hal_rtc.c ****   uint32_t counter_alarm = 0U, counter_time;
1188:Drivers/STM32F1xx_HAL_Driver/Src/stm32f1xx_hal_rtc.c ****   RTC_TimeTypeDef stime = {0U};
1189:Drivers/STM32F1xx_HAL_Driver/Src/stm32f1xx_hal_rtc.c **** 
1190:Drivers/STM32F1xx_HAL_Driver/Src/stm32f1xx_hal_rtc.c ****   /* Check input parameters */
1191:Drivers/STM32F1xx_HAL_Driver/Src/stm32f1xx_hal_rtc.c ****   if ((hrtc == NULL) || (sAlarm == NULL))
1192:Drivers/STM32F1xx_HAL_Driver/Src/stm32f1xx_hal_rtc.c ****   {
1193:Drivers/STM32F1xx_HAL_Driver/Src/stm32f1xx_hal_rtc.c ****     return HAL_ERROR;
1194:Drivers/STM32F1xx_HAL_Driver/Src/stm32f1xx_hal_rtc.c ****   }
1195:Drivers/STM32F1xx_HAL_Driver/Src/stm32f1xx_hal_rtc.c **** 
1196:Drivers/STM32F1xx_HAL_Driver/Src/stm32f1xx_hal_rtc.c ****   /* Check the parameters */
1197:Drivers/STM32F1xx_HAL_Driver/Src/stm32f1xx_hal_rtc.c ****   assert_param(IS_RTC_FORMAT(Format));
1198:Drivers/STM32F1xx_HAL_Driver/Src/stm32f1xx_hal_rtc.c ****   assert_param(IS_RTC_ALARM(sAlarm->Alarm));
1199:Drivers/STM32F1xx_HAL_Driver/Src/stm32f1xx_hal_rtc.c **** 
1200:Drivers/STM32F1xx_HAL_Driver/Src/stm32f1xx_hal_rtc.c ****   /* Process Locked */
1201:Drivers/STM32F1xx_HAL_Driver/Src/stm32f1xx_hal_rtc.c ****   __HAL_LOCK(hrtc);
1202:Drivers/STM32F1xx_HAL_Driver/Src/stm32f1xx_hal_rtc.c **** 
1203:Drivers/STM32F1xx_HAL_Driver/Src/stm32f1xx_hal_rtc.c ****   hrtc->State = HAL_RTC_STATE_BUSY;
1204:Drivers/STM32F1xx_HAL_Driver/Src/stm32f1xx_hal_rtc.c **** 
1205:Drivers/STM32F1xx_HAL_Driver/Src/stm32f1xx_hal_rtc.c ****   /* Call HAL_RTC_GetTime function to update date if counter higher than 24 hours */
1206:Drivers/STM32F1xx_HAL_Driver/Src/stm32f1xx_hal_rtc.c ****   if (HAL_RTC_GetTime(hrtc, &stime, RTC_FORMAT_BIN) != HAL_OK)
1207:Drivers/STM32F1xx_HAL_Driver/Src/stm32f1xx_hal_rtc.c ****   {
1208:Drivers/STM32F1xx_HAL_Driver/Src/stm32f1xx_hal_rtc.c ****     return HAL_ERROR;
1209:Drivers/STM32F1xx_HAL_Driver/Src/stm32f1xx_hal_rtc.c ****   }
1210:Drivers/STM32F1xx_HAL_Driver/Src/stm32f1xx_hal_rtc.c **** 
1211:Drivers/STM32F1xx_HAL_Driver/Src/stm32f1xx_hal_rtc.c ****   /* Convert time in seconds */
1212:Drivers/STM32F1xx_HAL_Driver/Src/stm32f1xx_hal_rtc.c ****   counter_time = (uint32_t)(((uint32_t)stime.Hours * 3600U) + \
1213:Drivers/STM32F1xx_HAL_Driver/Src/stm32f1xx_hal_rtc.c ****                             ((uint32_t)stime.Minutes * 60U) + \
1214:Drivers/STM32F1xx_HAL_Driver/Src/stm32f1xx_hal_rtc.c ****                             ((uint32_t)stime.Seconds));
1215:Drivers/STM32F1xx_HAL_Driver/Src/stm32f1xx_hal_rtc.c **** 
1216:Drivers/STM32F1xx_HAL_Driver/Src/stm32f1xx_hal_rtc.c ****   if (Format == RTC_FORMAT_BIN)
1217:Drivers/STM32F1xx_HAL_Driver/Src/stm32f1xx_hal_rtc.c ****   {
1218:Drivers/STM32F1xx_HAL_Driver/Src/stm32f1xx_hal_rtc.c ****     assert_param(IS_RTC_HOUR24(sAlarm->AlarmTime.Hours));
1219:Drivers/STM32F1xx_HAL_Driver/Src/stm32f1xx_hal_rtc.c ****     assert_param(IS_RTC_MINUTES(sAlarm->AlarmTime.Minutes));
1220:Drivers/STM32F1xx_HAL_Driver/Src/stm32f1xx_hal_rtc.c ****     assert_param(IS_RTC_SECONDS(sAlarm->AlarmTime.Seconds));
1221:Drivers/STM32F1xx_HAL_Driver/Src/stm32f1xx_hal_rtc.c **** 
1222:Drivers/STM32F1xx_HAL_Driver/Src/stm32f1xx_hal_rtc.c ****     counter_alarm = (uint32_t)(((uint32_t)sAlarm->AlarmTime.Hours * 3600U) + \
1223:Drivers/STM32F1xx_HAL_Driver/Src/stm32f1xx_hal_rtc.c ****                                ((uint32_t)sAlarm->AlarmTime.Minutes * 60U) + \
1224:Drivers/STM32F1xx_HAL_Driver/Src/stm32f1xx_hal_rtc.c ****                                ((uint32_t)sAlarm->AlarmTime.Seconds));
1225:Drivers/STM32F1xx_HAL_Driver/Src/stm32f1xx_hal_rtc.c ****   }
1226:Drivers/STM32F1xx_HAL_Driver/Src/stm32f1xx_hal_rtc.c ****   else
1227:Drivers/STM32F1xx_HAL_Driver/Src/stm32f1xx_hal_rtc.c ****   {
1228:Drivers/STM32F1xx_HAL_Driver/Src/stm32f1xx_hal_rtc.c ****     assert_param(IS_RTC_HOUR24(RTC_Bcd2ToByte(sAlarm->AlarmTime.Hours)));
1229:Drivers/STM32F1xx_HAL_Driver/Src/stm32f1xx_hal_rtc.c ****     assert_param(IS_RTC_MINUTES(RTC_Bcd2ToByte(sAlarm->AlarmTime.Minutes)));
ARM GAS  /tmp/ccLN6BmF.s 			page 23


1230:Drivers/STM32F1xx_HAL_Driver/Src/stm32f1xx_hal_rtc.c ****     assert_param(IS_RTC_SECONDS(RTC_Bcd2ToByte(sAlarm->AlarmTime.Seconds)));
1231:Drivers/STM32F1xx_HAL_Driver/Src/stm32f1xx_hal_rtc.c **** 
1232:Drivers/STM32F1xx_HAL_Driver/Src/stm32f1xx_hal_rtc.c ****     counter_alarm = (((uint32_t)(RTC_Bcd2ToByte(sAlarm->AlarmTime.Hours)) * 3600U) + \
1233:Drivers/STM32F1xx_HAL_Driver/Src/stm32f1xx_hal_rtc.c ****                      ((uint32_t)(RTC_Bcd2ToByte(sAlarm->AlarmTime.Minutes)) * 60U) + \
1234:Drivers/STM32F1xx_HAL_Driver/Src/stm32f1xx_hal_rtc.c ****                      ((uint32_t)RTC_Bcd2ToByte(sAlarm->AlarmTime.Seconds)));
1235:Drivers/STM32F1xx_HAL_Driver/Src/stm32f1xx_hal_rtc.c ****   }
1236:Drivers/STM32F1xx_HAL_Driver/Src/stm32f1xx_hal_rtc.c **** 
1237:Drivers/STM32F1xx_HAL_Driver/Src/stm32f1xx_hal_rtc.c ****   /* Check that requested alarm should expire in the same day (otherwise add 1 day) */
1238:Drivers/STM32F1xx_HAL_Driver/Src/stm32f1xx_hal_rtc.c ****   if (counter_alarm < counter_time)
1239:Drivers/STM32F1xx_HAL_Driver/Src/stm32f1xx_hal_rtc.c ****   {
1240:Drivers/STM32F1xx_HAL_Driver/Src/stm32f1xx_hal_rtc.c ****     /* Add 1 day to alarm counter*/
1241:Drivers/STM32F1xx_HAL_Driver/Src/stm32f1xx_hal_rtc.c ****     counter_alarm += (uint32_t)(24U * 3600U);
1242:Drivers/STM32F1xx_HAL_Driver/Src/stm32f1xx_hal_rtc.c ****   }
1243:Drivers/STM32F1xx_HAL_Driver/Src/stm32f1xx_hal_rtc.c **** 
1244:Drivers/STM32F1xx_HAL_Driver/Src/stm32f1xx_hal_rtc.c ****   /* Write alarm counter in RTC registers */
1245:Drivers/STM32F1xx_HAL_Driver/Src/stm32f1xx_hal_rtc.c ****   if (RTC_WriteAlarmCounter(hrtc, counter_alarm) != HAL_OK)
1246:Drivers/STM32F1xx_HAL_Driver/Src/stm32f1xx_hal_rtc.c ****   {
1247:Drivers/STM32F1xx_HAL_Driver/Src/stm32f1xx_hal_rtc.c ****     /* Set RTC state */
1248:Drivers/STM32F1xx_HAL_Driver/Src/stm32f1xx_hal_rtc.c ****     hrtc->State = HAL_RTC_STATE_ERROR;
1249:Drivers/STM32F1xx_HAL_Driver/Src/stm32f1xx_hal_rtc.c **** 
1250:Drivers/STM32F1xx_HAL_Driver/Src/stm32f1xx_hal_rtc.c ****     /* Process Unlocked */
1251:Drivers/STM32F1xx_HAL_Driver/Src/stm32f1xx_hal_rtc.c ****     __HAL_UNLOCK(hrtc);
1252:Drivers/STM32F1xx_HAL_Driver/Src/stm32f1xx_hal_rtc.c **** 
1253:Drivers/STM32F1xx_HAL_Driver/Src/stm32f1xx_hal_rtc.c ****     return HAL_ERROR;
1254:Drivers/STM32F1xx_HAL_Driver/Src/stm32f1xx_hal_rtc.c ****   }
1255:Drivers/STM32F1xx_HAL_Driver/Src/stm32f1xx_hal_rtc.c ****   else
1256:Drivers/STM32F1xx_HAL_Driver/Src/stm32f1xx_hal_rtc.c ****   {
1257:Drivers/STM32F1xx_HAL_Driver/Src/stm32f1xx_hal_rtc.c ****     /* Clear flag alarm A */
1258:Drivers/STM32F1xx_HAL_Driver/Src/stm32f1xx_hal_rtc.c ****     __HAL_RTC_ALARM_CLEAR_FLAG(hrtc, RTC_FLAG_ALRAF);
1259:Drivers/STM32F1xx_HAL_Driver/Src/stm32f1xx_hal_rtc.c **** 
1260:Drivers/STM32F1xx_HAL_Driver/Src/stm32f1xx_hal_rtc.c ****     /* Configure the Alarm interrupt */
1261:Drivers/STM32F1xx_HAL_Driver/Src/stm32f1xx_hal_rtc.c ****     __HAL_RTC_ALARM_ENABLE_IT(hrtc, RTC_IT_ALRA);
1262:Drivers/STM32F1xx_HAL_Driver/Src/stm32f1xx_hal_rtc.c **** 
1263:Drivers/STM32F1xx_HAL_Driver/Src/stm32f1xx_hal_rtc.c ****     /* RTC Alarm Interrupt Configuration: EXTI configuration */
1264:Drivers/STM32F1xx_HAL_Driver/Src/stm32f1xx_hal_rtc.c ****     __HAL_RTC_ALARM_EXTI_ENABLE_IT();
1265:Drivers/STM32F1xx_HAL_Driver/Src/stm32f1xx_hal_rtc.c **** 
1266:Drivers/STM32F1xx_HAL_Driver/Src/stm32f1xx_hal_rtc.c ****     __HAL_RTC_ALARM_EXTI_ENABLE_RISING_EDGE();
1267:Drivers/STM32F1xx_HAL_Driver/Src/stm32f1xx_hal_rtc.c **** 
1268:Drivers/STM32F1xx_HAL_Driver/Src/stm32f1xx_hal_rtc.c ****     hrtc->State = HAL_RTC_STATE_READY;
1269:Drivers/STM32F1xx_HAL_Driver/Src/stm32f1xx_hal_rtc.c **** 
1270:Drivers/STM32F1xx_HAL_Driver/Src/stm32f1xx_hal_rtc.c ****     __HAL_UNLOCK(hrtc);
1271:Drivers/STM32F1xx_HAL_Driver/Src/stm32f1xx_hal_rtc.c **** 
1272:Drivers/STM32F1xx_HAL_Driver/Src/stm32f1xx_hal_rtc.c ****     return HAL_OK;
1273:Drivers/STM32F1xx_HAL_Driver/Src/stm32f1xx_hal_rtc.c ****   }
1274:Drivers/STM32F1xx_HAL_Driver/Src/stm32f1xx_hal_rtc.c **** }
1275:Drivers/STM32F1xx_HAL_Driver/Src/stm32f1xx_hal_rtc.c **** 
1276:Drivers/STM32F1xx_HAL_Driver/Src/stm32f1xx_hal_rtc.c **** /**
1277:Drivers/STM32F1xx_HAL_Driver/Src/stm32f1xx_hal_rtc.c ****   * @brief  Gets the RTC Alarm value and masks.
1278:Drivers/STM32F1xx_HAL_Driver/Src/stm32f1xx_hal_rtc.c ****   * @param  hrtc   pointer to a RTC_HandleTypeDef structure that contains
1279:Drivers/STM32F1xx_HAL_Driver/Src/stm32f1xx_hal_rtc.c ****   *                the configuration information for RTC.
1280:Drivers/STM32F1xx_HAL_Driver/Src/stm32f1xx_hal_rtc.c ****   * @param  sAlarm: Pointer to Date structure
1281:Drivers/STM32F1xx_HAL_Driver/Src/stm32f1xx_hal_rtc.c ****   * @param  Alarm: Specifies the Alarm.
1282:Drivers/STM32F1xx_HAL_Driver/Src/stm32f1xx_hal_rtc.c ****   *          This parameter can be one of the following values:
1283:Drivers/STM32F1xx_HAL_Driver/Src/stm32f1xx_hal_rtc.c ****   *             @arg RTC_ALARM_A: Alarm
1284:Drivers/STM32F1xx_HAL_Driver/Src/stm32f1xx_hal_rtc.c ****   * @param  Format: Specifies the format of the entered parameters.
1285:Drivers/STM32F1xx_HAL_Driver/Src/stm32f1xx_hal_rtc.c ****   *          This parameter can be one of the following values:
1286:Drivers/STM32F1xx_HAL_Driver/Src/stm32f1xx_hal_rtc.c ****   *             @arg RTC_FORMAT_BIN: Binary data format
ARM GAS  /tmp/ccLN6BmF.s 			page 24


1287:Drivers/STM32F1xx_HAL_Driver/Src/stm32f1xx_hal_rtc.c ****   *             @arg RTC_FORMAT_BCD: BCD data format
1288:Drivers/STM32F1xx_HAL_Driver/Src/stm32f1xx_hal_rtc.c ****   * @retval HAL status
1289:Drivers/STM32F1xx_HAL_Driver/Src/stm32f1xx_hal_rtc.c ****   */
1290:Drivers/STM32F1xx_HAL_Driver/Src/stm32f1xx_hal_rtc.c **** HAL_StatusTypeDef HAL_RTC_GetAlarm(RTC_HandleTypeDef *hrtc, RTC_AlarmTypeDef *sAlarm, uint32_t Alar
1291:Drivers/STM32F1xx_HAL_Driver/Src/stm32f1xx_hal_rtc.c **** {
1292:Drivers/STM32F1xx_HAL_Driver/Src/stm32f1xx_hal_rtc.c ****   uint32_t counter_alarm = 0U;
1293:Drivers/STM32F1xx_HAL_Driver/Src/stm32f1xx_hal_rtc.c **** 
1294:Drivers/STM32F1xx_HAL_Driver/Src/stm32f1xx_hal_rtc.c ****   /* Prevent unused argument(s) compilation warning */
1295:Drivers/STM32F1xx_HAL_Driver/Src/stm32f1xx_hal_rtc.c ****   UNUSED(Alarm);
1296:Drivers/STM32F1xx_HAL_Driver/Src/stm32f1xx_hal_rtc.c **** 
1297:Drivers/STM32F1xx_HAL_Driver/Src/stm32f1xx_hal_rtc.c ****   /* Check input parameters */
1298:Drivers/STM32F1xx_HAL_Driver/Src/stm32f1xx_hal_rtc.c ****   if ((hrtc == NULL) || (sAlarm == NULL))
1299:Drivers/STM32F1xx_HAL_Driver/Src/stm32f1xx_hal_rtc.c ****   {
1300:Drivers/STM32F1xx_HAL_Driver/Src/stm32f1xx_hal_rtc.c ****     return HAL_ERROR;
1301:Drivers/STM32F1xx_HAL_Driver/Src/stm32f1xx_hal_rtc.c ****   }
1302:Drivers/STM32F1xx_HAL_Driver/Src/stm32f1xx_hal_rtc.c **** 
1303:Drivers/STM32F1xx_HAL_Driver/Src/stm32f1xx_hal_rtc.c ****   /* Check the parameters */
1304:Drivers/STM32F1xx_HAL_Driver/Src/stm32f1xx_hal_rtc.c ****   assert_param(IS_RTC_FORMAT(Format));
1305:Drivers/STM32F1xx_HAL_Driver/Src/stm32f1xx_hal_rtc.c ****   assert_param(IS_RTC_ALARM(Alarm));
1306:Drivers/STM32F1xx_HAL_Driver/Src/stm32f1xx_hal_rtc.c **** 
1307:Drivers/STM32F1xx_HAL_Driver/Src/stm32f1xx_hal_rtc.c ****   /* Read Alarm counter in RTC registers */
1308:Drivers/STM32F1xx_HAL_Driver/Src/stm32f1xx_hal_rtc.c ****   counter_alarm = RTC_ReadAlarmCounter(hrtc);
1309:Drivers/STM32F1xx_HAL_Driver/Src/stm32f1xx_hal_rtc.c **** 
1310:Drivers/STM32F1xx_HAL_Driver/Src/stm32f1xx_hal_rtc.c ****   /* Fill the structure with the read parameters */
1311:Drivers/STM32F1xx_HAL_Driver/Src/stm32f1xx_hal_rtc.c ****   /* Set hours in a day range (between 0 to 24)*/
1312:Drivers/STM32F1xx_HAL_Driver/Src/stm32f1xx_hal_rtc.c ****   sAlarm->AlarmTime.Hours   = (uint32_t)((counter_alarm / 3600U) % 24U);
1313:Drivers/STM32F1xx_HAL_Driver/Src/stm32f1xx_hal_rtc.c ****   sAlarm->AlarmTime.Minutes = (uint32_t)((counter_alarm % 3600U) / 60U);
1314:Drivers/STM32F1xx_HAL_Driver/Src/stm32f1xx_hal_rtc.c ****   sAlarm->AlarmTime.Seconds = (uint32_t)((counter_alarm % 3600U) % 60U);
1315:Drivers/STM32F1xx_HAL_Driver/Src/stm32f1xx_hal_rtc.c **** 
1316:Drivers/STM32F1xx_HAL_Driver/Src/stm32f1xx_hal_rtc.c ****   if (Format != RTC_FORMAT_BIN)
1317:Drivers/STM32F1xx_HAL_Driver/Src/stm32f1xx_hal_rtc.c ****   {
1318:Drivers/STM32F1xx_HAL_Driver/Src/stm32f1xx_hal_rtc.c ****     sAlarm->AlarmTime.Hours   = RTC_ByteToBcd2(sAlarm->AlarmTime.Hours);
1319:Drivers/STM32F1xx_HAL_Driver/Src/stm32f1xx_hal_rtc.c ****     sAlarm->AlarmTime.Minutes = RTC_ByteToBcd2(sAlarm->AlarmTime.Minutes);
1320:Drivers/STM32F1xx_HAL_Driver/Src/stm32f1xx_hal_rtc.c ****     sAlarm->AlarmTime.Seconds = RTC_ByteToBcd2(sAlarm->AlarmTime.Seconds);
1321:Drivers/STM32F1xx_HAL_Driver/Src/stm32f1xx_hal_rtc.c ****   }
1322:Drivers/STM32F1xx_HAL_Driver/Src/stm32f1xx_hal_rtc.c **** 
1323:Drivers/STM32F1xx_HAL_Driver/Src/stm32f1xx_hal_rtc.c ****   return HAL_OK;
1324:Drivers/STM32F1xx_HAL_Driver/Src/stm32f1xx_hal_rtc.c **** }
1325:Drivers/STM32F1xx_HAL_Driver/Src/stm32f1xx_hal_rtc.c **** 
1326:Drivers/STM32F1xx_HAL_Driver/Src/stm32f1xx_hal_rtc.c **** /**
1327:Drivers/STM32F1xx_HAL_Driver/Src/stm32f1xx_hal_rtc.c ****   * @brief  Deactivate the specified RTC Alarm
1328:Drivers/STM32F1xx_HAL_Driver/Src/stm32f1xx_hal_rtc.c ****   * @param  hrtc   pointer to a RTC_HandleTypeDef structure that contains
1329:Drivers/STM32F1xx_HAL_Driver/Src/stm32f1xx_hal_rtc.c ****   *                the configuration information for RTC.
1330:Drivers/STM32F1xx_HAL_Driver/Src/stm32f1xx_hal_rtc.c ****   * @param  Alarm: Specifies the Alarm.
1331:Drivers/STM32F1xx_HAL_Driver/Src/stm32f1xx_hal_rtc.c ****   *          This parameter can be one of the following values:
1332:Drivers/STM32F1xx_HAL_Driver/Src/stm32f1xx_hal_rtc.c ****   *            @arg RTC_ALARM_A:  AlarmA
1333:Drivers/STM32F1xx_HAL_Driver/Src/stm32f1xx_hal_rtc.c ****   * @retval HAL status
1334:Drivers/STM32F1xx_HAL_Driver/Src/stm32f1xx_hal_rtc.c ****   */
1335:Drivers/STM32F1xx_HAL_Driver/Src/stm32f1xx_hal_rtc.c **** HAL_StatusTypeDef HAL_RTC_DeactivateAlarm(RTC_HandleTypeDef *hrtc, uint32_t Alarm)
1336:Drivers/STM32F1xx_HAL_Driver/Src/stm32f1xx_hal_rtc.c **** {
1337:Drivers/STM32F1xx_HAL_Driver/Src/stm32f1xx_hal_rtc.c ****   /* Prevent unused argument(s) compilation warning */
1338:Drivers/STM32F1xx_HAL_Driver/Src/stm32f1xx_hal_rtc.c ****   UNUSED(Alarm);
1339:Drivers/STM32F1xx_HAL_Driver/Src/stm32f1xx_hal_rtc.c **** 
1340:Drivers/STM32F1xx_HAL_Driver/Src/stm32f1xx_hal_rtc.c ****   /* Check the parameters */
1341:Drivers/STM32F1xx_HAL_Driver/Src/stm32f1xx_hal_rtc.c ****   assert_param(IS_RTC_ALARM(Alarm));
1342:Drivers/STM32F1xx_HAL_Driver/Src/stm32f1xx_hal_rtc.c **** 
1343:Drivers/STM32F1xx_HAL_Driver/Src/stm32f1xx_hal_rtc.c ****   /* Check input parameters */
ARM GAS  /tmp/ccLN6BmF.s 			page 25


1344:Drivers/STM32F1xx_HAL_Driver/Src/stm32f1xx_hal_rtc.c ****   if (hrtc == NULL)
1345:Drivers/STM32F1xx_HAL_Driver/Src/stm32f1xx_hal_rtc.c ****   {
1346:Drivers/STM32F1xx_HAL_Driver/Src/stm32f1xx_hal_rtc.c ****     return HAL_ERROR;
1347:Drivers/STM32F1xx_HAL_Driver/Src/stm32f1xx_hal_rtc.c ****   }
1348:Drivers/STM32F1xx_HAL_Driver/Src/stm32f1xx_hal_rtc.c **** 
1349:Drivers/STM32F1xx_HAL_Driver/Src/stm32f1xx_hal_rtc.c ****   /* Process Locked */
1350:Drivers/STM32F1xx_HAL_Driver/Src/stm32f1xx_hal_rtc.c ****   __HAL_LOCK(hrtc);
1351:Drivers/STM32F1xx_HAL_Driver/Src/stm32f1xx_hal_rtc.c **** 
1352:Drivers/STM32F1xx_HAL_Driver/Src/stm32f1xx_hal_rtc.c ****   hrtc->State = HAL_RTC_STATE_BUSY;
1353:Drivers/STM32F1xx_HAL_Driver/Src/stm32f1xx_hal_rtc.c **** 
1354:Drivers/STM32F1xx_HAL_Driver/Src/stm32f1xx_hal_rtc.c ****   /* In case of interrupt mode is used, the interrupt source must disabled */
1355:Drivers/STM32F1xx_HAL_Driver/Src/stm32f1xx_hal_rtc.c ****   __HAL_RTC_ALARM_DISABLE_IT(hrtc, RTC_IT_ALRA);
1356:Drivers/STM32F1xx_HAL_Driver/Src/stm32f1xx_hal_rtc.c **** 
1357:Drivers/STM32F1xx_HAL_Driver/Src/stm32f1xx_hal_rtc.c ****   /* Set Initialization mode */
1358:Drivers/STM32F1xx_HAL_Driver/Src/stm32f1xx_hal_rtc.c ****   if (RTC_EnterInitMode(hrtc) != HAL_OK)
1359:Drivers/STM32F1xx_HAL_Driver/Src/stm32f1xx_hal_rtc.c ****   {
1360:Drivers/STM32F1xx_HAL_Driver/Src/stm32f1xx_hal_rtc.c ****     /* Set RTC state */
1361:Drivers/STM32F1xx_HAL_Driver/Src/stm32f1xx_hal_rtc.c ****     hrtc->State = HAL_RTC_STATE_ERROR;
1362:Drivers/STM32F1xx_HAL_Driver/Src/stm32f1xx_hal_rtc.c **** 
1363:Drivers/STM32F1xx_HAL_Driver/Src/stm32f1xx_hal_rtc.c ****     /* Process Unlocked */
1364:Drivers/STM32F1xx_HAL_Driver/Src/stm32f1xx_hal_rtc.c ****     __HAL_UNLOCK(hrtc);
1365:Drivers/STM32F1xx_HAL_Driver/Src/stm32f1xx_hal_rtc.c **** 
1366:Drivers/STM32F1xx_HAL_Driver/Src/stm32f1xx_hal_rtc.c ****     return HAL_ERROR;
1367:Drivers/STM32F1xx_HAL_Driver/Src/stm32f1xx_hal_rtc.c ****   }
1368:Drivers/STM32F1xx_HAL_Driver/Src/stm32f1xx_hal_rtc.c ****   else
1369:Drivers/STM32F1xx_HAL_Driver/Src/stm32f1xx_hal_rtc.c ****   {
1370:Drivers/STM32F1xx_HAL_Driver/Src/stm32f1xx_hal_rtc.c ****     /* Clear flag alarm A */
1371:Drivers/STM32F1xx_HAL_Driver/Src/stm32f1xx_hal_rtc.c ****     __HAL_RTC_ALARM_CLEAR_FLAG(hrtc, RTC_FLAG_ALRAF);
1372:Drivers/STM32F1xx_HAL_Driver/Src/stm32f1xx_hal_rtc.c **** 
1373:Drivers/STM32F1xx_HAL_Driver/Src/stm32f1xx_hal_rtc.c ****     /* Set to default values ALRH & ALRL registers */
1374:Drivers/STM32F1xx_HAL_Driver/Src/stm32f1xx_hal_rtc.c ****     WRITE_REG(hrtc->Instance->ALRH, RTC_ALARM_RESETVALUE_REGISTER);
1375:Drivers/STM32F1xx_HAL_Driver/Src/stm32f1xx_hal_rtc.c ****     WRITE_REG(hrtc->Instance->ALRL, RTC_ALARM_RESETVALUE_REGISTER);
1376:Drivers/STM32F1xx_HAL_Driver/Src/stm32f1xx_hal_rtc.c **** 
1377:Drivers/STM32F1xx_HAL_Driver/Src/stm32f1xx_hal_rtc.c ****     /* RTC Alarm Interrupt Configuration: Disable EXTI configuration */
1378:Drivers/STM32F1xx_HAL_Driver/Src/stm32f1xx_hal_rtc.c ****     __HAL_RTC_ALARM_EXTI_DISABLE_IT();
1379:Drivers/STM32F1xx_HAL_Driver/Src/stm32f1xx_hal_rtc.c **** 
1380:Drivers/STM32F1xx_HAL_Driver/Src/stm32f1xx_hal_rtc.c ****     /* Wait for synchro */
1381:Drivers/STM32F1xx_HAL_Driver/Src/stm32f1xx_hal_rtc.c ****     if (RTC_ExitInitMode(hrtc) != HAL_OK)
1382:Drivers/STM32F1xx_HAL_Driver/Src/stm32f1xx_hal_rtc.c ****     {
1383:Drivers/STM32F1xx_HAL_Driver/Src/stm32f1xx_hal_rtc.c ****       hrtc->State = HAL_RTC_STATE_ERROR;
1384:Drivers/STM32F1xx_HAL_Driver/Src/stm32f1xx_hal_rtc.c **** 
1385:Drivers/STM32F1xx_HAL_Driver/Src/stm32f1xx_hal_rtc.c ****       /* Process Unlocked */
1386:Drivers/STM32F1xx_HAL_Driver/Src/stm32f1xx_hal_rtc.c ****       __HAL_UNLOCK(hrtc);
1387:Drivers/STM32F1xx_HAL_Driver/Src/stm32f1xx_hal_rtc.c **** 
1388:Drivers/STM32F1xx_HAL_Driver/Src/stm32f1xx_hal_rtc.c ****       return HAL_ERROR;
1389:Drivers/STM32F1xx_HAL_Driver/Src/stm32f1xx_hal_rtc.c ****     }
1390:Drivers/STM32F1xx_HAL_Driver/Src/stm32f1xx_hal_rtc.c ****   }
1391:Drivers/STM32F1xx_HAL_Driver/Src/stm32f1xx_hal_rtc.c ****   hrtc->State = HAL_RTC_STATE_READY;
1392:Drivers/STM32F1xx_HAL_Driver/Src/stm32f1xx_hal_rtc.c **** 
1393:Drivers/STM32F1xx_HAL_Driver/Src/stm32f1xx_hal_rtc.c ****   /* Process Unlocked */
1394:Drivers/STM32F1xx_HAL_Driver/Src/stm32f1xx_hal_rtc.c ****   __HAL_UNLOCK(hrtc);
1395:Drivers/STM32F1xx_HAL_Driver/Src/stm32f1xx_hal_rtc.c **** 
1396:Drivers/STM32F1xx_HAL_Driver/Src/stm32f1xx_hal_rtc.c ****   return HAL_OK;
1397:Drivers/STM32F1xx_HAL_Driver/Src/stm32f1xx_hal_rtc.c **** }
1398:Drivers/STM32F1xx_HAL_Driver/Src/stm32f1xx_hal_rtc.c **** 
1399:Drivers/STM32F1xx_HAL_Driver/Src/stm32f1xx_hal_rtc.c **** /**
1400:Drivers/STM32F1xx_HAL_Driver/Src/stm32f1xx_hal_rtc.c ****   * @brief  This function handles Alarm interrupt request.
ARM GAS  /tmp/ccLN6BmF.s 			page 26


1401:Drivers/STM32F1xx_HAL_Driver/Src/stm32f1xx_hal_rtc.c ****   * @param  hrtc   pointer to a RTC_HandleTypeDef structure that contains
1402:Drivers/STM32F1xx_HAL_Driver/Src/stm32f1xx_hal_rtc.c ****   *                the configuration information for RTC.
1403:Drivers/STM32F1xx_HAL_Driver/Src/stm32f1xx_hal_rtc.c ****   * @retval None
1404:Drivers/STM32F1xx_HAL_Driver/Src/stm32f1xx_hal_rtc.c ****   */
1405:Drivers/STM32F1xx_HAL_Driver/Src/stm32f1xx_hal_rtc.c **** void HAL_RTC_AlarmIRQHandler(RTC_HandleTypeDef *hrtc)
1406:Drivers/STM32F1xx_HAL_Driver/Src/stm32f1xx_hal_rtc.c **** {
1407:Drivers/STM32F1xx_HAL_Driver/Src/stm32f1xx_hal_rtc.c ****   if (__HAL_RTC_ALARM_GET_IT_SOURCE(hrtc, RTC_IT_ALRA))
1408:Drivers/STM32F1xx_HAL_Driver/Src/stm32f1xx_hal_rtc.c ****   {
1409:Drivers/STM32F1xx_HAL_Driver/Src/stm32f1xx_hal_rtc.c ****     /* Get the status of the Interrupt */
1410:Drivers/STM32F1xx_HAL_Driver/Src/stm32f1xx_hal_rtc.c ****     if (__HAL_RTC_ALARM_GET_FLAG(hrtc, RTC_FLAG_ALRAF) != (uint32_t)RESET)
1411:Drivers/STM32F1xx_HAL_Driver/Src/stm32f1xx_hal_rtc.c ****     {
1412:Drivers/STM32F1xx_HAL_Driver/Src/stm32f1xx_hal_rtc.c ****       /* AlarmA callback */
1413:Drivers/STM32F1xx_HAL_Driver/Src/stm32f1xx_hal_rtc.c **** #if (USE_HAL_RTC_REGISTER_CALLBACKS == 1)
1414:Drivers/STM32F1xx_HAL_Driver/Src/stm32f1xx_hal_rtc.c ****       hrtc->AlarmAEventCallback(hrtc);
1415:Drivers/STM32F1xx_HAL_Driver/Src/stm32f1xx_hal_rtc.c **** #else
1416:Drivers/STM32F1xx_HAL_Driver/Src/stm32f1xx_hal_rtc.c ****       HAL_RTC_AlarmAEventCallback(hrtc);
1417:Drivers/STM32F1xx_HAL_Driver/Src/stm32f1xx_hal_rtc.c **** #endif /* USE_HAL_RTC_REGISTER_CALLBACKS */
1418:Drivers/STM32F1xx_HAL_Driver/Src/stm32f1xx_hal_rtc.c **** 
1419:Drivers/STM32F1xx_HAL_Driver/Src/stm32f1xx_hal_rtc.c ****       /* Clear the Alarm interrupt pending bit */
1420:Drivers/STM32F1xx_HAL_Driver/Src/stm32f1xx_hal_rtc.c ****       __HAL_RTC_ALARM_CLEAR_FLAG(hrtc, RTC_FLAG_ALRAF);
1421:Drivers/STM32F1xx_HAL_Driver/Src/stm32f1xx_hal_rtc.c ****     }
1422:Drivers/STM32F1xx_HAL_Driver/Src/stm32f1xx_hal_rtc.c ****   }
1423:Drivers/STM32F1xx_HAL_Driver/Src/stm32f1xx_hal_rtc.c **** 
1424:Drivers/STM32F1xx_HAL_Driver/Src/stm32f1xx_hal_rtc.c ****   /* Clear the EXTI's line Flag for RTC Alarm */
1425:Drivers/STM32F1xx_HAL_Driver/Src/stm32f1xx_hal_rtc.c ****   __HAL_RTC_ALARM_EXTI_CLEAR_FLAG();
1426:Drivers/STM32F1xx_HAL_Driver/Src/stm32f1xx_hal_rtc.c **** 
1427:Drivers/STM32F1xx_HAL_Driver/Src/stm32f1xx_hal_rtc.c ****   /* Change RTC state */
1428:Drivers/STM32F1xx_HAL_Driver/Src/stm32f1xx_hal_rtc.c ****   hrtc->State = HAL_RTC_STATE_READY;
1429:Drivers/STM32F1xx_HAL_Driver/Src/stm32f1xx_hal_rtc.c **** }
1430:Drivers/STM32F1xx_HAL_Driver/Src/stm32f1xx_hal_rtc.c **** 
1431:Drivers/STM32F1xx_HAL_Driver/Src/stm32f1xx_hal_rtc.c **** /**
1432:Drivers/STM32F1xx_HAL_Driver/Src/stm32f1xx_hal_rtc.c ****   * @brief  Alarm A callback.
1433:Drivers/STM32F1xx_HAL_Driver/Src/stm32f1xx_hal_rtc.c ****   * @param  hrtc   pointer to a RTC_HandleTypeDef structure that contains
1434:Drivers/STM32F1xx_HAL_Driver/Src/stm32f1xx_hal_rtc.c ****   *                the configuration information for RTC.
1435:Drivers/STM32F1xx_HAL_Driver/Src/stm32f1xx_hal_rtc.c ****   * @retval None
1436:Drivers/STM32F1xx_HAL_Driver/Src/stm32f1xx_hal_rtc.c ****   */
1437:Drivers/STM32F1xx_HAL_Driver/Src/stm32f1xx_hal_rtc.c **** __weak void HAL_RTC_AlarmAEventCallback(RTC_HandleTypeDef *hrtc)
1438:Drivers/STM32F1xx_HAL_Driver/Src/stm32f1xx_hal_rtc.c **** {
1439:Drivers/STM32F1xx_HAL_Driver/Src/stm32f1xx_hal_rtc.c ****   /* Prevent unused argument(s) compilation warning */
1440:Drivers/STM32F1xx_HAL_Driver/Src/stm32f1xx_hal_rtc.c ****   UNUSED(hrtc);
1441:Drivers/STM32F1xx_HAL_Driver/Src/stm32f1xx_hal_rtc.c ****   /* NOTE : This function Should not be modified, when the callback is needed,
1442:Drivers/STM32F1xx_HAL_Driver/Src/stm32f1xx_hal_rtc.c ****             the HAL_RTC_AlarmAEventCallback could be implemented in the user file
1443:Drivers/STM32F1xx_HAL_Driver/Src/stm32f1xx_hal_rtc.c ****    */
1444:Drivers/STM32F1xx_HAL_Driver/Src/stm32f1xx_hal_rtc.c **** }
1445:Drivers/STM32F1xx_HAL_Driver/Src/stm32f1xx_hal_rtc.c **** 
1446:Drivers/STM32F1xx_HAL_Driver/Src/stm32f1xx_hal_rtc.c **** /**
1447:Drivers/STM32F1xx_HAL_Driver/Src/stm32f1xx_hal_rtc.c ****   * @brief  This function handles AlarmA Polling request.
1448:Drivers/STM32F1xx_HAL_Driver/Src/stm32f1xx_hal_rtc.c ****   * @param  hrtc   pointer to a RTC_HandleTypeDef structure that contains
1449:Drivers/STM32F1xx_HAL_Driver/Src/stm32f1xx_hal_rtc.c ****   *                the configuration information for RTC.
1450:Drivers/STM32F1xx_HAL_Driver/Src/stm32f1xx_hal_rtc.c ****   * @param  Timeout: Timeout duration
1451:Drivers/STM32F1xx_HAL_Driver/Src/stm32f1xx_hal_rtc.c ****   * @retval HAL status
1452:Drivers/STM32F1xx_HAL_Driver/Src/stm32f1xx_hal_rtc.c ****   */
1453:Drivers/STM32F1xx_HAL_Driver/Src/stm32f1xx_hal_rtc.c **** HAL_StatusTypeDef HAL_RTC_PollForAlarmAEvent(RTC_HandleTypeDef *hrtc, uint32_t Timeout)
1454:Drivers/STM32F1xx_HAL_Driver/Src/stm32f1xx_hal_rtc.c **** {
1455:Drivers/STM32F1xx_HAL_Driver/Src/stm32f1xx_hal_rtc.c ****   uint32_t tickstart = HAL_GetTick();
1456:Drivers/STM32F1xx_HAL_Driver/Src/stm32f1xx_hal_rtc.c **** 
1457:Drivers/STM32F1xx_HAL_Driver/Src/stm32f1xx_hal_rtc.c ****   /* Check input parameters */
ARM GAS  /tmp/ccLN6BmF.s 			page 27


1458:Drivers/STM32F1xx_HAL_Driver/Src/stm32f1xx_hal_rtc.c ****   if (hrtc == NULL)
1459:Drivers/STM32F1xx_HAL_Driver/Src/stm32f1xx_hal_rtc.c ****   {
1460:Drivers/STM32F1xx_HAL_Driver/Src/stm32f1xx_hal_rtc.c ****     return HAL_ERROR;
1461:Drivers/STM32F1xx_HAL_Driver/Src/stm32f1xx_hal_rtc.c ****   }
1462:Drivers/STM32F1xx_HAL_Driver/Src/stm32f1xx_hal_rtc.c **** 
1463:Drivers/STM32F1xx_HAL_Driver/Src/stm32f1xx_hal_rtc.c ****   while (__HAL_RTC_ALARM_GET_FLAG(hrtc, RTC_FLAG_ALRAF) == RESET)
1464:Drivers/STM32F1xx_HAL_Driver/Src/stm32f1xx_hal_rtc.c ****   {
1465:Drivers/STM32F1xx_HAL_Driver/Src/stm32f1xx_hal_rtc.c ****     if (Timeout != HAL_MAX_DELAY)
1466:Drivers/STM32F1xx_HAL_Driver/Src/stm32f1xx_hal_rtc.c ****     {
1467:Drivers/STM32F1xx_HAL_Driver/Src/stm32f1xx_hal_rtc.c ****       if ((Timeout == 0) || ((HAL_GetTick() - tickstart) > Timeout))
1468:Drivers/STM32F1xx_HAL_Driver/Src/stm32f1xx_hal_rtc.c ****       {
1469:Drivers/STM32F1xx_HAL_Driver/Src/stm32f1xx_hal_rtc.c ****         hrtc->State = HAL_RTC_STATE_TIMEOUT;
1470:Drivers/STM32F1xx_HAL_Driver/Src/stm32f1xx_hal_rtc.c ****         return HAL_TIMEOUT;
1471:Drivers/STM32F1xx_HAL_Driver/Src/stm32f1xx_hal_rtc.c ****       }
1472:Drivers/STM32F1xx_HAL_Driver/Src/stm32f1xx_hal_rtc.c ****     }
1473:Drivers/STM32F1xx_HAL_Driver/Src/stm32f1xx_hal_rtc.c ****   }
1474:Drivers/STM32F1xx_HAL_Driver/Src/stm32f1xx_hal_rtc.c **** 
1475:Drivers/STM32F1xx_HAL_Driver/Src/stm32f1xx_hal_rtc.c ****   /* Clear the Alarm interrupt pending bit */
1476:Drivers/STM32F1xx_HAL_Driver/Src/stm32f1xx_hal_rtc.c ****   __HAL_RTC_ALARM_CLEAR_FLAG(hrtc, RTC_FLAG_ALRAF);
1477:Drivers/STM32F1xx_HAL_Driver/Src/stm32f1xx_hal_rtc.c **** 
1478:Drivers/STM32F1xx_HAL_Driver/Src/stm32f1xx_hal_rtc.c ****   /* Change RTC state */
1479:Drivers/STM32F1xx_HAL_Driver/Src/stm32f1xx_hal_rtc.c ****   hrtc->State = HAL_RTC_STATE_READY;
1480:Drivers/STM32F1xx_HAL_Driver/Src/stm32f1xx_hal_rtc.c **** 
1481:Drivers/STM32F1xx_HAL_Driver/Src/stm32f1xx_hal_rtc.c ****   return HAL_OK;
1482:Drivers/STM32F1xx_HAL_Driver/Src/stm32f1xx_hal_rtc.c **** }
1483:Drivers/STM32F1xx_HAL_Driver/Src/stm32f1xx_hal_rtc.c **** 
1484:Drivers/STM32F1xx_HAL_Driver/Src/stm32f1xx_hal_rtc.c **** /**
1485:Drivers/STM32F1xx_HAL_Driver/Src/stm32f1xx_hal_rtc.c ****   * @}
1486:Drivers/STM32F1xx_HAL_Driver/Src/stm32f1xx_hal_rtc.c ****   */
1487:Drivers/STM32F1xx_HAL_Driver/Src/stm32f1xx_hal_rtc.c **** 
1488:Drivers/STM32F1xx_HAL_Driver/Src/stm32f1xx_hal_rtc.c **** /** @defgroup RTC_Exported_Functions_Group4 Peripheral State functions
1489:Drivers/STM32F1xx_HAL_Driver/Src/stm32f1xx_hal_rtc.c ****  *  @brief   Peripheral State functions
1490:Drivers/STM32F1xx_HAL_Driver/Src/stm32f1xx_hal_rtc.c ****  *
1491:Drivers/STM32F1xx_HAL_Driver/Src/stm32f1xx_hal_rtc.c **** @verbatim
1492:Drivers/STM32F1xx_HAL_Driver/Src/stm32f1xx_hal_rtc.c ****  ===============================================================================
1493:Drivers/STM32F1xx_HAL_Driver/Src/stm32f1xx_hal_rtc.c ****                      ##### Peripheral State functions #####
1494:Drivers/STM32F1xx_HAL_Driver/Src/stm32f1xx_hal_rtc.c ****  ===============================================================================
1495:Drivers/STM32F1xx_HAL_Driver/Src/stm32f1xx_hal_rtc.c ****     [..]
1496:Drivers/STM32F1xx_HAL_Driver/Src/stm32f1xx_hal_rtc.c ****     This subsection provides functions allowing to
1497:Drivers/STM32F1xx_HAL_Driver/Src/stm32f1xx_hal_rtc.c ****       (+) Get RTC state
1498:Drivers/STM32F1xx_HAL_Driver/Src/stm32f1xx_hal_rtc.c **** 
1499:Drivers/STM32F1xx_HAL_Driver/Src/stm32f1xx_hal_rtc.c **** @endverbatim
1500:Drivers/STM32F1xx_HAL_Driver/Src/stm32f1xx_hal_rtc.c ****   * @{
1501:Drivers/STM32F1xx_HAL_Driver/Src/stm32f1xx_hal_rtc.c ****   */
1502:Drivers/STM32F1xx_HAL_Driver/Src/stm32f1xx_hal_rtc.c **** /**
1503:Drivers/STM32F1xx_HAL_Driver/Src/stm32f1xx_hal_rtc.c ****   * @brief  Returns the RTC state.
1504:Drivers/STM32F1xx_HAL_Driver/Src/stm32f1xx_hal_rtc.c ****   * @param  hrtc   pointer to a RTC_HandleTypeDef structure that contains
1505:Drivers/STM32F1xx_HAL_Driver/Src/stm32f1xx_hal_rtc.c ****   *                the configuration information for RTC.
1506:Drivers/STM32F1xx_HAL_Driver/Src/stm32f1xx_hal_rtc.c ****   * @retval HAL state
1507:Drivers/STM32F1xx_HAL_Driver/Src/stm32f1xx_hal_rtc.c ****   */
1508:Drivers/STM32F1xx_HAL_Driver/Src/stm32f1xx_hal_rtc.c **** HAL_RTCStateTypeDef HAL_RTC_GetState(RTC_HandleTypeDef *hrtc)
1509:Drivers/STM32F1xx_HAL_Driver/Src/stm32f1xx_hal_rtc.c **** {
1510:Drivers/STM32F1xx_HAL_Driver/Src/stm32f1xx_hal_rtc.c ****   return hrtc->State;
1511:Drivers/STM32F1xx_HAL_Driver/Src/stm32f1xx_hal_rtc.c **** }
1512:Drivers/STM32F1xx_HAL_Driver/Src/stm32f1xx_hal_rtc.c **** 
1513:Drivers/STM32F1xx_HAL_Driver/Src/stm32f1xx_hal_rtc.c **** /**
1514:Drivers/STM32F1xx_HAL_Driver/Src/stm32f1xx_hal_rtc.c ****   * @}
ARM GAS  /tmp/ccLN6BmF.s 			page 28


1515:Drivers/STM32F1xx_HAL_Driver/Src/stm32f1xx_hal_rtc.c ****   */
1516:Drivers/STM32F1xx_HAL_Driver/Src/stm32f1xx_hal_rtc.c **** 
1517:Drivers/STM32F1xx_HAL_Driver/Src/stm32f1xx_hal_rtc.c **** /** @defgroup RTC_Exported_Functions_Group5 Peripheral Control functions
1518:Drivers/STM32F1xx_HAL_Driver/Src/stm32f1xx_hal_rtc.c ****  *  @brief   Peripheral Control functions
1519:Drivers/STM32F1xx_HAL_Driver/Src/stm32f1xx_hal_rtc.c ****  *
1520:Drivers/STM32F1xx_HAL_Driver/Src/stm32f1xx_hal_rtc.c **** @verbatim
1521:Drivers/STM32F1xx_HAL_Driver/Src/stm32f1xx_hal_rtc.c ****  ===============================================================================
1522:Drivers/STM32F1xx_HAL_Driver/Src/stm32f1xx_hal_rtc.c ****                      ##### Peripheral Control functions #####
1523:Drivers/STM32F1xx_HAL_Driver/Src/stm32f1xx_hal_rtc.c ****  ===============================================================================
1524:Drivers/STM32F1xx_HAL_Driver/Src/stm32f1xx_hal_rtc.c ****     [..]
1525:Drivers/STM32F1xx_HAL_Driver/Src/stm32f1xx_hal_rtc.c ****     This subsection provides functions allowing to
1526:Drivers/STM32F1xx_HAL_Driver/Src/stm32f1xx_hal_rtc.c ****       (+) Wait for RTC Time and Date Synchronization
1527:Drivers/STM32F1xx_HAL_Driver/Src/stm32f1xx_hal_rtc.c **** 
1528:Drivers/STM32F1xx_HAL_Driver/Src/stm32f1xx_hal_rtc.c **** @endverbatim
1529:Drivers/STM32F1xx_HAL_Driver/Src/stm32f1xx_hal_rtc.c ****   * @{
1530:Drivers/STM32F1xx_HAL_Driver/Src/stm32f1xx_hal_rtc.c ****   */
1531:Drivers/STM32F1xx_HAL_Driver/Src/stm32f1xx_hal_rtc.c **** 
1532:Drivers/STM32F1xx_HAL_Driver/Src/stm32f1xx_hal_rtc.c **** /**
1533:Drivers/STM32F1xx_HAL_Driver/Src/stm32f1xx_hal_rtc.c ****   * @brief  Waits until the RTC registers (RTC_CNT, RTC_ALR and RTC_PRL)
1534:Drivers/STM32F1xx_HAL_Driver/Src/stm32f1xx_hal_rtc.c ****   *   are synchronized with RTC APB clock.
1535:Drivers/STM32F1xx_HAL_Driver/Src/stm32f1xx_hal_rtc.c ****   * @note   This function must be called before any read operation after an APB reset
1536:Drivers/STM32F1xx_HAL_Driver/Src/stm32f1xx_hal_rtc.c ****   *   or an APB clock stop.
1537:Drivers/STM32F1xx_HAL_Driver/Src/stm32f1xx_hal_rtc.c ****   * @param  hrtc   pointer to a RTC_HandleTypeDef structure that contains
1538:Drivers/STM32F1xx_HAL_Driver/Src/stm32f1xx_hal_rtc.c ****   *                the configuration information for RTC.
1539:Drivers/STM32F1xx_HAL_Driver/Src/stm32f1xx_hal_rtc.c ****   * @retval HAL status
1540:Drivers/STM32F1xx_HAL_Driver/Src/stm32f1xx_hal_rtc.c ****   */
1541:Drivers/STM32F1xx_HAL_Driver/Src/stm32f1xx_hal_rtc.c **** HAL_StatusTypeDef HAL_RTC_WaitForSynchro(RTC_HandleTypeDef *hrtc)
1542:Drivers/STM32F1xx_HAL_Driver/Src/stm32f1xx_hal_rtc.c **** {
1543:Drivers/STM32F1xx_HAL_Driver/Src/stm32f1xx_hal_rtc.c ****   uint32_t tickstart = 0U;
1544:Drivers/STM32F1xx_HAL_Driver/Src/stm32f1xx_hal_rtc.c **** 
1545:Drivers/STM32F1xx_HAL_Driver/Src/stm32f1xx_hal_rtc.c ****   /* Check input parameters */
1546:Drivers/STM32F1xx_HAL_Driver/Src/stm32f1xx_hal_rtc.c ****   if (hrtc == NULL)
1547:Drivers/STM32F1xx_HAL_Driver/Src/stm32f1xx_hal_rtc.c ****   {
1548:Drivers/STM32F1xx_HAL_Driver/Src/stm32f1xx_hal_rtc.c ****     return HAL_ERROR;
1549:Drivers/STM32F1xx_HAL_Driver/Src/stm32f1xx_hal_rtc.c ****   }
1550:Drivers/STM32F1xx_HAL_Driver/Src/stm32f1xx_hal_rtc.c **** 
1551:Drivers/STM32F1xx_HAL_Driver/Src/stm32f1xx_hal_rtc.c ****   /* Clear RSF flag */
1552:Drivers/STM32F1xx_HAL_Driver/Src/stm32f1xx_hal_rtc.c ****   CLEAR_BIT(hrtc->Instance->CRL, RTC_FLAG_RSF);
1553:Drivers/STM32F1xx_HAL_Driver/Src/stm32f1xx_hal_rtc.c **** 
1554:Drivers/STM32F1xx_HAL_Driver/Src/stm32f1xx_hal_rtc.c ****   tickstart = HAL_GetTick();
1555:Drivers/STM32F1xx_HAL_Driver/Src/stm32f1xx_hal_rtc.c **** 
1556:Drivers/STM32F1xx_HAL_Driver/Src/stm32f1xx_hal_rtc.c ****   /* Wait the registers to be synchronised */
1557:Drivers/STM32F1xx_HAL_Driver/Src/stm32f1xx_hal_rtc.c ****   while ((hrtc->Instance->CRL & RTC_FLAG_RSF) == (uint32_t)RESET)
1558:Drivers/STM32F1xx_HAL_Driver/Src/stm32f1xx_hal_rtc.c ****   {
1559:Drivers/STM32F1xx_HAL_Driver/Src/stm32f1xx_hal_rtc.c ****     if ((HAL_GetTick() - tickstart) >  RTC_TIMEOUT_VALUE)
1560:Drivers/STM32F1xx_HAL_Driver/Src/stm32f1xx_hal_rtc.c ****     {
1561:Drivers/STM32F1xx_HAL_Driver/Src/stm32f1xx_hal_rtc.c ****       return HAL_TIMEOUT;
1562:Drivers/STM32F1xx_HAL_Driver/Src/stm32f1xx_hal_rtc.c ****     }
1563:Drivers/STM32F1xx_HAL_Driver/Src/stm32f1xx_hal_rtc.c ****   }
1564:Drivers/STM32F1xx_HAL_Driver/Src/stm32f1xx_hal_rtc.c **** 
1565:Drivers/STM32F1xx_HAL_Driver/Src/stm32f1xx_hal_rtc.c ****   return HAL_OK;
1566:Drivers/STM32F1xx_HAL_Driver/Src/stm32f1xx_hal_rtc.c **** }
1567:Drivers/STM32F1xx_HAL_Driver/Src/stm32f1xx_hal_rtc.c **** 
1568:Drivers/STM32F1xx_HAL_Driver/Src/stm32f1xx_hal_rtc.c **** /**
1569:Drivers/STM32F1xx_HAL_Driver/Src/stm32f1xx_hal_rtc.c ****   * @}
1570:Drivers/STM32F1xx_HAL_Driver/Src/stm32f1xx_hal_rtc.c ****   */
1571:Drivers/STM32F1xx_HAL_Driver/Src/stm32f1xx_hal_rtc.c **** 
ARM GAS  /tmp/ccLN6BmF.s 			page 29


1572:Drivers/STM32F1xx_HAL_Driver/Src/stm32f1xx_hal_rtc.c **** 
1573:Drivers/STM32F1xx_HAL_Driver/Src/stm32f1xx_hal_rtc.c **** /**
1574:Drivers/STM32F1xx_HAL_Driver/Src/stm32f1xx_hal_rtc.c ****   * @}
1575:Drivers/STM32F1xx_HAL_Driver/Src/stm32f1xx_hal_rtc.c ****   */
1576:Drivers/STM32F1xx_HAL_Driver/Src/stm32f1xx_hal_rtc.c **** 
1577:Drivers/STM32F1xx_HAL_Driver/Src/stm32f1xx_hal_rtc.c **** /** @addtogroup RTC_Private_Functions
1578:Drivers/STM32F1xx_HAL_Driver/Src/stm32f1xx_hal_rtc.c ****   * @{
1579:Drivers/STM32F1xx_HAL_Driver/Src/stm32f1xx_hal_rtc.c ****   */
1580:Drivers/STM32F1xx_HAL_Driver/Src/stm32f1xx_hal_rtc.c **** 
1581:Drivers/STM32F1xx_HAL_Driver/Src/stm32f1xx_hal_rtc.c **** 
1582:Drivers/STM32F1xx_HAL_Driver/Src/stm32f1xx_hal_rtc.c **** /**
1583:Drivers/STM32F1xx_HAL_Driver/Src/stm32f1xx_hal_rtc.c ****   * @brief  Read the time counter available in RTC_CNT registers.
1584:Drivers/STM32F1xx_HAL_Driver/Src/stm32f1xx_hal_rtc.c ****   * @param  hrtc   pointer to a RTC_HandleTypeDef structure that contains
1585:Drivers/STM32F1xx_HAL_Driver/Src/stm32f1xx_hal_rtc.c ****   *                the configuration information for RTC.
1586:Drivers/STM32F1xx_HAL_Driver/Src/stm32f1xx_hal_rtc.c ****   * @retval Time counter
1587:Drivers/STM32F1xx_HAL_Driver/Src/stm32f1xx_hal_rtc.c ****   */
1588:Drivers/STM32F1xx_HAL_Driver/Src/stm32f1xx_hal_rtc.c **** static uint32_t RTC_ReadTimeCounter(RTC_HandleTypeDef *hrtc)
1589:Drivers/STM32F1xx_HAL_Driver/Src/stm32f1xx_hal_rtc.c **** {
  27              		.loc 1 1589 1 view -0
  28              		.cfi_startproc
  29              		@ args = 0, pretend = 0, frame = 0
  30              		@ frame_needed = 0, uses_anonymous_args = 0
  31              		.loc 1 1589 1 is_stmt 0 view .LVU1
  32 0000 00B5     		push	{lr}
  33              	.LCFI0:
  34              		.cfi_def_cfa_offset 4
  35              		.cfi_offset 14, -4
1590:Drivers/STM32F1xx_HAL_Driver/Src/stm32f1xx_hal_rtc.c ****   uint16_t high1 = 0U, high2 = 0U, low = 0U;
  36              		.loc 1 1590 3 is_stmt 1 view .LVU2
  37              	.LVL1:
1591:Drivers/STM32F1xx_HAL_Driver/Src/stm32f1xx_hal_rtc.c ****   uint32_t timecounter = 0U;
  38              		.loc 1 1591 3 view .LVU3
1592:Drivers/STM32F1xx_HAL_Driver/Src/stm32f1xx_hal_rtc.c **** 
1593:Drivers/STM32F1xx_HAL_Driver/Src/stm32f1xx_hal_rtc.c ****   high1 = READ_REG(hrtc->Instance->CNTH & RTC_CNTH_RTC_CNT);
  39              		.loc 1 1593 3 view .LVU4
  40              		.loc 1 1593 11 is_stmt 0 view .LVU5
  41 0002 0368     		ldr	r3, [r0]
  42 0004 9969     		ldr	r1, [r3, #24]
  43              		.loc 1 1593 9 view .LVU6
  44 0006 1FFA81FE 		uxth	lr, r1
  45              	.LVL2:
1594:Drivers/STM32F1xx_HAL_Driver/Src/stm32f1xx_hal_rtc.c ****   low   = READ_REG(hrtc->Instance->CNTL & RTC_CNTL_RTC_CNT);
  46              		.loc 1 1594 3 is_stmt 1 view .LVU7
  47              		.loc 1 1594 11 is_stmt 0 view .LVU8
  48 000a D869     		ldr	r0, [r3, #28]
  49              	.LVL3:
1595:Drivers/STM32F1xx_HAL_Driver/Src/stm32f1xx_hal_rtc.c ****   high2 = READ_REG(hrtc->Instance->CNTH & RTC_CNTH_RTC_CNT);
  50              		.loc 1 1595 3 is_stmt 1 view .LVU9
  51              		.loc 1 1595 11 is_stmt 0 view .LVU10
  52 000c 9A69     		ldr	r2, [r3, #24]
  53              		.loc 1 1595 9 view .LVU11
  54 000e 1FFA82FC 		uxth	ip, r2
  55              	.LVL4:
1596:Drivers/STM32F1xx_HAL_Driver/Src/stm32f1xx_hal_rtc.c **** 
1597:Drivers/STM32F1xx_HAL_Driver/Src/stm32f1xx_hal_rtc.c ****   if (high1 != high2)
  56              		.loc 1 1597 3 is_stmt 1 view .LVU12
  57              		.loc 1 1597 6 is_stmt 0 view .LVU13
ARM GAS  /tmp/ccLN6BmF.s 			page 30


  58 0012 E645     		cmp	lr, ip
  59 0014 05D0     		beq	.L2
1598:Drivers/STM32F1xx_HAL_Driver/Src/stm32f1xx_hal_rtc.c ****   {
1599:Drivers/STM32F1xx_HAL_Driver/Src/stm32f1xx_hal_rtc.c ****     /* In this case the counter roll over during reading of CNTL and CNTH registers,
1600:Drivers/STM32F1xx_HAL_Driver/Src/stm32f1xx_hal_rtc.c ****        read again CNTL register then return the counter value */
1601:Drivers/STM32F1xx_HAL_Driver/Src/stm32f1xx_hal_rtc.c ****     timecounter = (((uint32_t) high2 << 16U) | READ_REG(hrtc->Instance->CNTL & RTC_CNTL_RTC_CNT));
  60              		.loc 1 1601 5 is_stmt 1 view .LVU14
  61              		.loc 1 1601 48 is_stmt 0 view .LVU15
  62 0016 D869     		ldr	r0, [r3, #28]
  63              	.LVL5:
  64              		.loc 1 1601 48 view .LVU16
  65 0018 80B2     		uxth	r0, r0
  66              		.loc 1 1601 17 view .LVU17
  67 001a 40EA0240 		orr	r0, r0, r2, lsl #16
  68              	.LVL6:
  69              	.L1:
1602:Drivers/STM32F1xx_HAL_Driver/Src/stm32f1xx_hal_rtc.c ****   }
1603:Drivers/STM32F1xx_HAL_Driver/Src/stm32f1xx_hal_rtc.c ****   else
1604:Drivers/STM32F1xx_HAL_Driver/Src/stm32f1xx_hal_rtc.c ****   {
1605:Drivers/STM32F1xx_HAL_Driver/Src/stm32f1xx_hal_rtc.c ****     /* No counter roll over during reading of CNTL and CNTH registers, counter
1606:Drivers/STM32F1xx_HAL_Driver/Src/stm32f1xx_hal_rtc.c ****        value is equal to first value of CNTL and CNTH */
1607:Drivers/STM32F1xx_HAL_Driver/Src/stm32f1xx_hal_rtc.c ****     timecounter = (((uint32_t) high1 << 16U) | low);
1608:Drivers/STM32F1xx_HAL_Driver/Src/stm32f1xx_hal_rtc.c ****   }
1609:Drivers/STM32F1xx_HAL_Driver/Src/stm32f1xx_hal_rtc.c **** 
1610:Drivers/STM32F1xx_HAL_Driver/Src/stm32f1xx_hal_rtc.c ****   return timecounter;
1611:Drivers/STM32F1xx_HAL_Driver/Src/stm32f1xx_hal_rtc.c **** }
  70              		.loc 1 1611 1 view .LVU18
  71 001e 5DF804FB 		ldr	pc, [sp], #4
  72              	.LVL7:
  73              	.L2:
1607:Drivers/STM32F1xx_HAL_Driver/Src/stm32f1xx_hal_rtc.c ****   }
  74              		.loc 1 1607 5 is_stmt 1 view .LVU19
1607:Drivers/STM32F1xx_HAL_Driver/Src/stm32f1xx_hal_rtc.c ****   }
  75              		.loc 1 1607 17 is_stmt 0 view .LVU20
  76 0022 80B2     		uxth	r0, r0
1607:Drivers/STM32F1xx_HAL_Driver/Src/stm32f1xx_hal_rtc.c ****   }
  77              		.loc 1 1607 17 view .LVU21
  78 0024 40EA0140 		orr	r0, r0, r1, lsl #16
  79              	.LVL8:
1610:Drivers/STM32F1xx_HAL_Driver/Src/stm32f1xx_hal_rtc.c **** }
  80              		.loc 1 1610 3 is_stmt 1 view .LVU22
1610:Drivers/STM32F1xx_HAL_Driver/Src/stm32f1xx_hal_rtc.c **** }
  81              		.loc 1 1610 10 is_stmt 0 view .LVU23
  82 0028 F9E7     		b	.L1
  83              		.cfi_endproc
  84              	.LFE82:
  86              		.section	.text.RTC_ReadAlarmCounter,"ax",%progbits
  87              		.align	1
  88              		.syntax unified
  89              		.thumb
  90              		.thumb_func
  92              	RTC_ReadAlarmCounter:
  93              	.LVL9:
  94              	.LFB84:
1612:Drivers/STM32F1xx_HAL_Driver/Src/stm32f1xx_hal_rtc.c **** 
1613:Drivers/STM32F1xx_HAL_Driver/Src/stm32f1xx_hal_rtc.c **** /**
1614:Drivers/STM32F1xx_HAL_Driver/Src/stm32f1xx_hal_rtc.c ****   * @brief  Write the time counter in RTC_CNT registers.
ARM GAS  /tmp/ccLN6BmF.s 			page 31


1615:Drivers/STM32F1xx_HAL_Driver/Src/stm32f1xx_hal_rtc.c ****   * @param  hrtc   pointer to a RTC_HandleTypeDef structure that contains
1616:Drivers/STM32F1xx_HAL_Driver/Src/stm32f1xx_hal_rtc.c ****   *                the configuration information for RTC.
1617:Drivers/STM32F1xx_HAL_Driver/Src/stm32f1xx_hal_rtc.c ****   * @param  TimeCounter: Counter to write in RTC_CNT registers
1618:Drivers/STM32F1xx_HAL_Driver/Src/stm32f1xx_hal_rtc.c ****   * @retval HAL status
1619:Drivers/STM32F1xx_HAL_Driver/Src/stm32f1xx_hal_rtc.c ****   */
1620:Drivers/STM32F1xx_HAL_Driver/Src/stm32f1xx_hal_rtc.c **** static HAL_StatusTypeDef RTC_WriteTimeCounter(RTC_HandleTypeDef *hrtc, uint32_t TimeCounter)
1621:Drivers/STM32F1xx_HAL_Driver/Src/stm32f1xx_hal_rtc.c **** {
1622:Drivers/STM32F1xx_HAL_Driver/Src/stm32f1xx_hal_rtc.c ****   HAL_StatusTypeDef status = HAL_OK;
1623:Drivers/STM32F1xx_HAL_Driver/Src/stm32f1xx_hal_rtc.c **** 
1624:Drivers/STM32F1xx_HAL_Driver/Src/stm32f1xx_hal_rtc.c ****   /* Set Initialization mode */
1625:Drivers/STM32F1xx_HAL_Driver/Src/stm32f1xx_hal_rtc.c ****   if (RTC_EnterInitMode(hrtc) != HAL_OK)
1626:Drivers/STM32F1xx_HAL_Driver/Src/stm32f1xx_hal_rtc.c ****   {
1627:Drivers/STM32F1xx_HAL_Driver/Src/stm32f1xx_hal_rtc.c ****     status = HAL_ERROR;
1628:Drivers/STM32F1xx_HAL_Driver/Src/stm32f1xx_hal_rtc.c ****   }
1629:Drivers/STM32F1xx_HAL_Driver/Src/stm32f1xx_hal_rtc.c ****   else
1630:Drivers/STM32F1xx_HAL_Driver/Src/stm32f1xx_hal_rtc.c ****   {
1631:Drivers/STM32F1xx_HAL_Driver/Src/stm32f1xx_hal_rtc.c ****     /* Set RTC COUNTER MSB word */
1632:Drivers/STM32F1xx_HAL_Driver/Src/stm32f1xx_hal_rtc.c ****     WRITE_REG(hrtc->Instance->CNTH, (TimeCounter >> 16U));
1633:Drivers/STM32F1xx_HAL_Driver/Src/stm32f1xx_hal_rtc.c ****     /* Set RTC COUNTER LSB word */
1634:Drivers/STM32F1xx_HAL_Driver/Src/stm32f1xx_hal_rtc.c ****     WRITE_REG(hrtc->Instance->CNTL, (TimeCounter & RTC_CNTL_RTC_CNT));
1635:Drivers/STM32F1xx_HAL_Driver/Src/stm32f1xx_hal_rtc.c **** 
1636:Drivers/STM32F1xx_HAL_Driver/Src/stm32f1xx_hal_rtc.c ****     /* Wait for synchro */
1637:Drivers/STM32F1xx_HAL_Driver/Src/stm32f1xx_hal_rtc.c ****     if (RTC_ExitInitMode(hrtc) != HAL_OK)
1638:Drivers/STM32F1xx_HAL_Driver/Src/stm32f1xx_hal_rtc.c ****     {
1639:Drivers/STM32F1xx_HAL_Driver/Src/stm32f1xx_hal_rtc.c ****       status = HAL_ERROR;
1640:Drivers/STM32F1xx_HAL_Driver/Src/stm32f1xx_hal_rtc.c ****     }
1641:Drivers/STM32F1xx_HAL_Driver/Src/stm32f1xx_hal_rtc.c ****   }
1642:Drivers/STM32F1xx_HAL_Driver/Src/stm32f1xx_hal_rtc.c **** 
1643:Drivers/STM32F1xx_HAL_Driver/Src/stm32f1xx_hal_rtc.c ****   return status;
1644:Drivers/STM32F1xx_HAL_Driver/Src/stm32f1xx_hal_rtc.c **** }
1645:Drivers/STM32F1xx_HAL_Driver/Src/stm32f1xx_hal_rtc.c **** 
1646:Drivers/STM32F1xx_HAL_Driver/Src/stm32f1xx_hal_rtc.c **** /**
1647:Drivers/STM32F1xx_HAL_Driver/Src/stm32f1xx_hal_rtc.c ****   * @brief  Read the time counter available in RTC_ALR registers.
1648:Drivers/STM32F1xx_HAL_Driver/Src/stm32f1xx_hal_rtc.c ****   * @param  hrtc   pointer to a RTC_HandleTypeDef structure that contains
1649:Drivers/STM32F1xx_HAL_Driver/Src/stm32f1xx_hal_rtc.c ****   *                the configuration information for RTC.
1650:Drivers/STM32F1xx_HAL_Driver/Src/stm32f1xx_hal_rtc.c ****   * @retval Time counter
1651:Drivers/STM32F1xx_HAL_Driver/Src/stm32f1xx_hal_rtc.c ****   */
1652:Drivers/STM32F1xx_HAL_Driver/Src/stm32f1xx_hal_rtc.c **** static uint32_t RTC_ReadAlarmCounter(RTC_HandleTypeDef *hrtc)
1653:Drivers/STM32F1xx_HAL_Driver/Src/stm32f1xx_hal_rtc.c **** {
  95              		.loc 1 1653 1 is_stmt 1 view -0
  96              		.cfi_startproc
  97              		@ args = 0, pretend = 0, frame = 0
  98              		@ frame_needed = 0, uses_anonymous_args = 0
  99              		@ link register save eliminated.
1654:Drivers/STM32F1xx_HAL_Driver/Src/stm32f1xx_hal_rtc.c ****   uint16_t high1 = 0U, low = 0U;
 100              		.loc 1 1654 3 view .LVU25
1655:Drivers/STM32F1xx_HAL_Driver/Src/stm32f1xx_hal_rtc.c **** 
1656:Drivers/STM32F1xx_HAL_Driver/Src/stm32f1xx_hal_rtc.c ****   high1 = READ_REG(hrtc->Instance->ALRH & RTC_CNTH_RTC_CNT);
 101              		.loc 1 1656 3 view .LVU26
 102              		.loc 1 1656 11 is_stmt 0 view .LVU27
 103 0000 0368     		ldr	r3, [r0]
 104 0002 186A     		ldr	r0, [r3, #32]
 105              	.LVL10:
1657:Drivers/STM32F1xx_HAL_Driver/Src/stm32f1xx_hal_rtc.c ****   low   = READ_REG(hrtc->Instance->ALRL & RTC_CNTL_RTC_CNT);
 106              		.loc 1 1657 3 is_stmt 1 view .LVU28
 107              		.loc 1 1657 11 is_stmt 0 view .LVU29
 108 0004 5B6A     		ldr	r3, [r3, #36]
ARM GAS  /tmp/ccLN6BmF.s 			page 32


 109              	.LVL11:
1658:Drivers/STM32F1xx_HAL_Driver/Src/stm32f1xx_hal_rtc.c **** 
1659:Drivers/STM32F1xx_HAL_Driver/Src/stm32f1xx_hal_rtc.c ****   return (((uint32_t) high1 << 16U) | low);
 110              		.loc 1 1659 3 is_stmt 1 view .LVU30
 111              		.loc 1 1659 37 is_stmt 0 view .LVU31
 112 0006 9BB2     		uxth	r3, r3
1660:Drivers/STM32F1xx_HAL_Driver/Src/stm32f1xx_hal_rtc.c **** }
 113              		.loc 1 1660 1 view .LVU32
 114 0008 43EA0040 		orr	r0, r3, r0, lsl #16
 115              	.LVL12:
 116              		.loc 1 1660 1 view .LVU33
 117 000c 7047     		bx	lr
 118              		.cfi_endproc
 119              	.LFE84:
 121              		.section	.text.RTC_ByteToBcd2,"ax",%progbits
 122              		.align	1
 123              		.syntax unified
 124              		.thumb
 125              		.thumb_func
 127              	RTC_ByteToBcd2:
 128              	.LVL13:
 129              	.LFB88:
1661:Drivers/STM32F1xx_HAL_Driver/Src/stm32f1xx_hal_rtc.c **** 
1662:Drivers/STM32F1xx_HAL_Driver/Src/stm32f1xx_hal_rtc.c **** /**
1663:Drivers/STM32F1xx_HAL_Driver/Src/stm32f1xx_hal_rtc.c ****   * @brief  Write the time counter in RTC_ALR registers.
1664:Drivers/STM32F1xx_HAL_Driver/Src/stm32f1xx_hal_rtc.c ****   * @param  hrtc   pointer to a RTC_HandleTypeDef structure that contains
1665:Drivers/STM32F1xx_HAL_Driver/Src/stm32f1xx_hal_rtc.c ****   *                the configuration information for RTC.
1666:Drivers/STM32F1xx_HAL_Driver/Src/stm32f1xx_hal_rtc.c ****   * @param  AlarmCounter: Counter to write in RTC_ALR registers
1667:Drivers/STM32F1xx_HAL_Driver/Src/stm32f1xx_hal_rtc.c ****   * @retval HAL status
1668:Drivers/STM32F1xx_HAL_Driver/Src/stm32f1xx_hal_rtc.c ****   */
1669:Drivers/STM32F1xx_HAL_Driver/Src/stm32f1xx_hal_rtc.c **** static HAL_StatusTypeDef RTC_WriteAlarmCounter(RTC_HandleTypeDef *hrtc, uint32_t AlarmCounter)
1670:Drivers/STM32F1xx_HAL_Driver/Src/stm32f1xx_hal_rtc.c **** {
1671:Drivers/STM32F1xx_HAL_Driver/Src/stm32f1xx_hal_rtc.c ****   HAL_StatusTypeDef status = HAL_OK;
1672:Drivers/STM32F1xx_HAL_Driver/Src/stm32f1xx_hal_rtc.c **** 
1673:Drivers/STM32F1xx_HAL_Driver/Src/stm32f1xx_hal_rtc.c ****   /* Set Initialization mode */
1674:Drivers/STM32F1xx_HAL_Driver/Src/stm32f1xx_hal_rtc.c ****   if (RTC_EnterInitMode(hrtc) != HAL_OK)
1675:Drivers/STM32F1xx_HAL_Driver/Src/stm32f1xx_hal_rtc.c ****   {
1676:Drivers/STM32F1xx_HAL_Driver/Src/stm32f1xx_hal_rtc.c ****     status = HAL_ERROR;
1677:Drivers/STM32F1xx_HAL_Driver/Src/stm32f1xx_hal_rtc.c ****   }
1678:Drivers/STM32F1xx_HAL_Driver/Src/stm32f1xx_hal_rtc.c ****   else
1679:Drivers/STM32F1xx_HAL_Driver/Src/stm32f1xx_hal_rtc.c ****   {
1680:Drivers/STM32F1xx_HAL_Driver/Src/stm32f1xx_hal_rtc.c ****     /* Set RTC COUNTER MSB word */
1681:Drivers/STM32F1xx_HAL_Driver/Src/stm32f1xx_hal_rtc.c ****     WRITE_REG(hrtc->Instance->ALRH, (AlarmCounter >> 16U));
1682:Drivers/STM32F1xx_HAL_Driver/Src/stm32f1xx_hal_rtc.c ****     /* Set RTC COUNTER LSB word */
1683:Drivers/STM32F1xx_HAL_Driver/Src/stm32f1xx_hal_rtc.c ****     WRITE_REG(hrtc->Instance->ALRL, (AlarmCounter & RTC_ALRL_RTC_ALR));
1684:Drivers/STM32F1xx_HAL_Driver/Src/stm32f1xx_hal_rtc.c **** 
1685:Drivers/STM32F1xx_HAL_Driver/Src/stm32f1xx_hal_rtc.c ****     /* Wait for synchro */
1686:Drivers/STM32F1xx_HAL_Driver/Src/stm32f1xx_hal_rtc.c ****     if (RTC_ExitInitMode(hrtc) != HAL_OK)
1687:Drivers/STM32F1xx_HAL_Driver/Src/stm32f1xx_hal_rtc.c ****     {
1688:Drivers/STM32F1xx_HAL_Driver/Src/stm32f1xx_hal_rtc.c ****       status = HAL_ERROR;
1689:Drivers/STM32F1xx_HAL_Driver/Src/stm32f1xx_hal_rtc.c ****     }
1690:Drivers/STM32F1xx_HAL_Driver/Src/stm32f1xx_hal_rtc.c ****   }
1691:Drivers/STM32F1xx_HAL_Driver/Src/stm32f1xx_hal_rtc.c **** 
1692:Drivers/STM32F1xx_HAL_Driver/Src/stm32f1xx_hal_rtc.c ****   return status;
1693:Drivers/STM32F1xx_HAL_Driver/Src/stm32f1xx_hal_rtc.c **** }
1694:Drivers/STM32F1xx_HAL_Driver/Src/stm32f1xx_hal_rtc.c **** 
1695:Drivers/STM32F1xx_HAL_Driver/Src/stm32f1xx_hal_rtc.c **** /**
ARM GAS  /tmp/ccLN6BmF.s 			page 33


1696:Drivers/STM32F1xx_HAL_Driver/Src/stm32f1xx_hal_rtc.c ****   * @brief  Enters the RTC Initialization mode.
1697:Drivers/STM32F1xx_HAL_Driver/Src/stm32f1xx_hal_rtc.c ****   * @param  hrtc   pointer to a RTC_HandleTypeDef structure that contains
1698:Drivers/STM32F1xx_HAL_Driver/Src/stm32f1xx_hal_rtc.c ****   *                the configuration information for RTC.
1699:Drivers/STM32F1xx_HAL_Driver/Src/stm32f1xx_hal_rtc.c ****   * @retval HAL status
1700:Drivers/STM32F1xx_HAL_Driver/Src/stm32f1xx_hal_rtc.c ****   */
1701:Drivers/STM32F1xx_HAL_Driver/Src/stm32f1xx_hal_rtc.c **** static HAL_StatusTypeDef RTC_EnterInitMode(RTC_HandleTypeDef *hrtc)
1702:Drivers/STM32F1xx_HAL_Driver/Src/stm32f1xx_hal_rtc.c **** {
1703:Drivers/STM32F1xx_HAL_Driver/Src/stm32f1xx_hal_rtc.c ****   uint32_t tickstart = 0U;
1704:Drivers/STM32F1xx_HAL_Driver/Src/stm32f1xx_hal_rtc.c **** 
1705:Drivers/STM32F1xx_HAL_Driver/Src/stm32f1xx_hal_rtc.c ****   tickstart = HAL_GetTick();
1706:Drivers/STM32F1xx_HAL_Driver/Src/stm32f1xx_hal_rtc.c ****   /* Wait till RTC is in INIT state and if Time out is reached exit */
1707:Drivers/STM32F1xx_HAL_Driver/Src/stm32f1xx_hal_rtc.c ****   while ((hrtc->Instance->CRL & RTC_CRL_RTOFF) == (uint32_t)RESET)
1708:Drivers/STM32F1xx_HAL_Driver/Src/stm32f1xx_hal_rtc.c ****   {
1709:Drivers/STM32F1xx_HAL_Driver/Src/stm32f1xx_hal_rtc.c ****     if ((HAL_GetTick() - tickstart) >  RTC_TIMEOUT_VALUE)
1710:Drivers/STM32F1xx_HAL_Driver/Src/stm32f1xx_hal_rtc.c ****     {
1711:Drivers/STM32F1xx_HAL_Driver/Src/stm32f1xx_hal_rtc.c ****       return HAL_TIMEOUT;
1712:Drivers/STM32F1xx_HAL_Driver/Src/stm32f1xx_hal_rtc.c ****     }
1713:Drivers/STM32F1xx_HAL_Driver/Src/stm32f1xx_hal_rtc.c ****   }
1714:Drivers/STM32F1xx_HAL_Driver/Src/stm32f1xx_hal_rtc.c **** 
1715:Drivers/STM32F1xx_HAL_Driver/Src/stm32f1xx_hal_rtc.c ****   /* Disable the write protection for RTC registers */
1716:Drivers/STM32F1xx_HAL_Driver/Src/stm32f1xx_hal_rtc.c ****   __HAL_RTC_WRITEPROTECTION_DISABLE(hrtc);
1717:Drivers/STM32F1xx_HAL_Driver/Src/stm32f1xx_hal_rtc.c **** 
1718:Drivers/STM32F1xx_HAL_Driver/Src/stm32f1xx_hal_rtc.c **** 
1719:Drivers/STM32F1xx_HAL_Driver/Src/stm32f1xx_hal_rtc.c ****   return HAL_OK;
1720:Drivers/STM32F1xx_HAL_Driver/Src/stm32f1xx_hal_rtc.c **** }
1721:Drivers/STM32F1xx_HAL_Driver/Src/stm32f1xx_hal_rtc.c **** 
1722:Drivers/STM32F1xx_HAL_Driver/Src/stm32f1xx_hal_rtc.c **** /**
1723:Drivers/STM32F1xx_HAL_Driver/Src/stm32f1xx_hal_rtc.c ****   * @brief  Exit the RTC Initialization mode.
1724:Drivers/STM32F1xx_HAL_Driver/Src/stm32f1xx_hal_rtc.c ****   * @param  hrtc   pointer to a RTC_HandleTypeDef structure that contains
1725:Drivers/STM32F1xx_HAL_Driver/Src/stm32f1xx_hal_rtc.c ****   *                the configuration information for RTC.
1726:Drivers/STM32F1xx_HAL_Driver/Src/stm32f1xx_hal_rtc.c ****   * @retval HAL status
1727:Drivers/STM32F1xx_HAL_Driver/Src/stm32f1xx_hal_rtc.c ****   */
1728:Drivers/STM32F1xx_HAL_Driver/Src/stm32f1xx_hal_rtc.c **** static HAL_StatusTypeDef RTC_ExitInitMode(RTC_HandleTypeDef *hrtc)
1729:Drivers/STM32F1xx_HAL_Driver/Src/stm32f1xx_hal_rtc.c **** {
1730:Drivers/STM32F1xx_HAL_Driver/Src/stm32f1xx_hal_rtc.c ****   uint32_t tickstart = 0U;
1731:Drivers/STM32F1xx_HAL_Driver/Src/stm32f1xx_hal_rtc.c **** 
1732:Drivers/STM32F1xx_HAL_Driver/Src/stm32f1xx_hal_rtc.c ****   /* Disable the write protection for RTC registers */
1733:Drivers/STM32F1xx_HAL_Driver/Src/stm32f1xx_hal_rtc.c ****   __HAL_RTC_WRITEPROTECTION_ENABLE(hrtc);
1734:Drivers/STM32F1xx_HAL_Driver/Src/stm32f1xx_hal_rtc.c **** 
1735:Drivers/STM32F1xx_HAL_Driver/Src/stm32f1xx_hal_rtc.c ****   tickstart = HAL_GetTick();
1736:Drivers/STM32F1xx_HAL_Driver/Src/stm32f1xx_hal_rtc.c ****   /* Wait till RTC is in INIT state and if Time out is reached exit */
1737:Drivers/STM32F1xx_HAL_Driver/Src/stm32f1xx_hal_rtc.c ****   while ((hrtc->Instance->CRL & RTC_CRL_RTOFF) == (uint32_t)RESET)
1738:Drivers/STM32F1xx_HAL_Driver/Src/stm32f1xx_hal_rtc.c ****   {
1739:Drivers/STM32F1xx_HAL_Driver/Src/stm32f1xx_hal_rtc.c ****     if ((HAL_GetTick() - tickstart) >  RTC_TIMEOUT_VALUE)
1740:Drivers/STM32F1xx_HAL_Driver/Src/stm32f1xx_hal_rtc.c ****     {
1741:Drivers/STM32F1xx_HAL_Driver/Src/stm32f1xx_hal_rtc.c ****       return HAL_TIMEOUT;
1742:Drivers/STM32F1xx_HAL_Driver/Src/stm32f1xx_hal_rtc.c ****     }
1743:Drivers/STM32F1xx_HAL_Driver/Src/stm32f1xx_hal_rtc.c ****   }
1744:Drivers/STM32F1xx_HAL_Driver/Src/stm32f1xx_hal_rtc.c **** 
1745:Drivers/STM32F1xx_HAL_Driver/Src/stm32f1xx_hal_rtc.c ****   return HAL_OK;
1746:Drivers/STM32F1xx_HAL_Driver/Src/stm32f1xx_hal_rtc.c **** }
1747:Drivers/STM32F1xx_HAL_Driver/Src/stm32f1xx_hal_rtc.c **** 
1748:Drivers/STM32F1xx_HAL_Driver/Src/stm32f1xx_hal_rtc.c **** /**
1749:Drivers/STM32F1xx_HAL_Driver/Src/stm32f1xx_hal_rtc.c ****   * @brief  Converts a 2 digit decimal to BCD format.
1750:Drivers/STM32F1xx_HAL_Driver/Src/stm32f1xx_hal_rtc.c ****   * @param  Value: Byte to be converted
1751:Drivers/STM32F1xx_HAL_Driver/Src/stm32f1xx_hal_rtc.c ****   * @retval Converted byte
1752:Drivers/STM32F1xx_HAL_Driver/Src/stm32f1xx_hal_rtc.c ****   */
ARM GAS  /tmp/ccLN6BmF.s 			page 34


1753:Drivers/STM32F1xx_HAL_Driver/Src/stm32f1xx_hal_rtc.c **** static uint8_t RTC_ByteToBcd2(uint8_t Value)
1754:Drivers/STM32F1xx_HAL_Driver/Src/stm32f1xx_hal_rtc.c **** {
 130              		.loc 1 1754 1 is_stmt 1 view -0
 131              		.cfi_startproc
 132              		@ args = 0, pretend = 0, frame = 0
 133              		@ frame_needed = 0, uses_anonymous_args = 0
 134              		@ link register save eliminated.
1755:Drivers/STM32F1xx_HAL_Driver/Src/stm32f1xx_hal_rtc.c ****   uint32_t bcdhigh = 0U;
 135              		.loc 1 1755 3 view .LVU35
1756:Drivers/STM32F1xx_HAL_Driver/Src/stm32f1xx_hal_rtc.c **** 
1757:Drivers/STM32F1xx_HAL_Driver/Src/stm32f1xx_hal_rtc.c ****   while (Value >= 10U)
 136              		.loc 1 1757 3 view .LVU36
1755:Drivers/STM32F1xx_HAL_Driver/Src/stm32f1xx_hal_rtc.c ****   uint32_t bcdhigh = 0U;
 137              		.loc 1 1755 12 is_stmt 0 view .LVU37
 138 0000 0023     		movs	r3, #0
 139              		.loc 1 1757 9 view .LVU38
 140 0002 02E0     		b	.L7
 141              	.LVL14:
 142              	.L8:
1758:Drivers/STM32F1xx_HAL_Driver/Src/stm32f1xx_hal_rtc.c ****   {
1759:Drivers/STM32F1xx_HAL_Driver/Src/stm32f1xx_hal_rtc.c ****     bcdhigh++;
 143              		.loc 1 1759 5 is_stmt 1 view .LVU39
 144              		.loc 1 1759 12 is_stmt 0 view .LVU40
 145 0004 0133     		adds	r3, r3, #1
 146              	.LVL15:
1760:Drivers/STM32F1xx_HAL_Driver/Src/stm32f1xx_hal_rtc.c ****     Value -= 10U;
 147              		.loc 1 1760 5 is_stmt 1 view .LVU41
 148              		.loc 1 1760 11 is_stmt 0 view .LVU42
 149 0006 0A38     		subs	r0, r0, #10
 150              	.LVL16:
 151              		.loc 1 1760 11 view .LVU43
 152 0008 C0B2     		uxtb	r0, r0
 153              	.LVL17:
 154              	.L7:
1757:Drivers/STM32F1xx_HAL_Driver/Src/stm32f1xx_hal_rtc.c ****   {
 155              		.loc 1 1757 16 is_stmt 1 view .LVU44
 156 000a 0928     		cmp	r0, #9
 157 000c FAD8     		bhi	.L8
1761:Drivers/STM32F1xx_HAL_Driver/Src/stm32f1xx_hal_rtc.c ****   }
1762:Drivers/STM32F1xx_HAL_Driver/Src/stm32f1xx_hal_rtc.c **** 
1763:Drivers/STM32F1xx_HAL_Driver/Src/stm32f1xx_hal_rtc.c ****   return ((uint8_t)(bcdhigh << 4U) | Value);
 158              		.loc 1 1763 3 view .LVU45
 159              		.loc 1 1763 11 is_stmt 0 view .LVU46
 160 000e 1B01     		lsls	r3, r3, #4
 161              	.LVL18:
 162              		.loc 1 1763 11 view .LVU47
 163 0010 DBB2     		uxtb	r3, r3
1764:Drivers/STM32F1xx_HAL_Driver/Src/stm32f1xx_hal_rtc.c **** }
 164              		.loc 1 1764 1 view .LVU48
 165 0012 1843     		orrs	r0, r0, r3
 166              	.LVL19:
 167              		.loc 1 1764 1 view .LVU49
 168 0014 7047     		bx	lr
 169              		.cfi_endproc
 170              	.LFE88:
 172              		.section	.text.RTC_Bcd2ToByte,"ax",%progbits
 173              		.align	1
ARM GAS  /tmp/ccLN6BmF.s 			page 35


 174              		.syntax unified
 175              		.thumb
 176              		.thumb_func
 178              	RTC_Bcd2ToByte:
 179              	.LVL20:
 180              	.LFB89:
1765:Drivers/STM32F1xx_HAL_Driver/Src/stm32f1xx_hal_rtc.c **** 
1766:Drivers/STM32F1xx_HAL_Driver/Src/stm32f1xx_hal_rtc.c **** /**
1767:Drivers/STM32F1xx_HAL_Driver/Src/stm32f1xx_hal_rtc.c ****   * @brief  Converts from 2 digit BCD to Binary.
1768:Drivers/STM32F1xx_HAL_Driver/Src/stm32f1xx_hal_rtc.c ****   * @param  Value: BCD value to be converted
1769:Drivers/STM32F1xx_HAL_Driver/Src/stm32f1xx_hal_rtc.c ****   * @retval Converted word
1770:Drivers/STM32F1xx_HAL_Driver/Src/stm32f1xx_hal_rtc.c ****   */
1771:Drivers/STM32F1xx_HAL_Driver/Src/stm32f1xx_hal_rtc.c **** static uint8_t RTC_Bcd2ToByte(uint8_t Value)
1772:Drivers/STM32F1xx_HAL_Driver/Src/stm32f1xx_hal_rtc.c **** {
 181              		.loc 1 1772 1 is_stmt 1 view -0
 182              		.cfi_startproc
 183              		@ args = 0, pretend = 0, frame = 0
 184              		@ frame_needed = 0, uses_anonymous_args = 0
 185              		@ link register save eliminated.
1773:Drivers/STM32F1xx_HAL_Driver/Src/stm32f1xx_hal_rtc.c ****   uint32_t tmp = 0U;
 186              		.loc 1 1773 3 view .LVU51
1774:Drivers/STM32F1xx_HAL_Driver/Src/stm32f1xx_hal_rtc.c ****   tmp = ((uint8_t)(Value & (uint8_t)0xF0) >> (uint8_t)0x4) * 10U;
 187              		.loc 1 1774 3 view .LVU52
 188              		.loc 1 1774 43 is_stmt 0 view .LVU53
 189 0000 0309     		lsrs	r3, r0, #4
 190              		.loc 1 1774 7 view .LVU54
 191 0002 03EB8303 		add	r3, r3, r3, lsl #2
 192              	.LVL21:
1775:Drivers/STM32F1xx_HAL_Driver/Src/stm32f1xx_hal_rtc.c ****   return (tmp + (Value & (uint8_t)0x0F));
 193              		.loc 1 1775 3 is_stmt 1 view .LVU55
 194              		.loc 1 1775 24 is_stmt 0 view .LVU56
 195 0006 00F00F00 		and	r0, r0, #15
 196              	.LVL22:
 197              		.loc 1 1775 15 view .LVU57
 198 000a 00EB4300 		add	r0, r0, r3, lsl #1
1776:Drivers/STM32F1xx_HAL_Driver/Src/stm32f1xx_hal_rtc.c **** }
 199              		.loc 1 1776 1 view .LVU58
 200 000e C0B2     		uxtb	r0, r0
 201 0010 7047     		bx	lr
 202              		.cfi_endproc
 203              	.LFE89:
 205              		.section	.text.RTC_IsLeapYear,"ax",%progbits
 206              		.align	1
 207              		.syntax unified
 208              		.thumb
 209              		.thumb_func
 211              	RTC_IsLeapYear:
 212              	.LVL23:
 213              	.LFB91:
1777:Drivers/STM32F1xx_HAL_Driver/Src/stm32f1xx_hal_rtc.c **** 
1778:Drivers/STM32F1xx_HAL_Driver/Src/stm32f1xx_hal_rtc.c **** /**
1779:Drivers/STM32F1xx_HAL_Driver/Src/stm32f1xx_hal_rtc.c ****   * @brief  Updates date when time is 23:59:59.
1780:Drivers/STM32F1xx_HAL_Driver/Src/stm32f1xx_hal_rtc.c ****   * @param  hrtc   pointer to a RTC_HandleTypeDef structure that contains
1781:Drivers/STM32F1xx_HAL_Driver/Src/stm32f1xx_hal_rtc.c ****   *                the configuration information for RTC.
1782:Drivers/STM32F1xx_HAL_Driver/Src/stm32f1xx_hal_rtc.c ****   * @param  DayElapsed: Number of days elapsed from last date update
1783:Drivers/STM32F1xx_HAL_Driver/Src/stm32f1xx_hal_rtc.c ****   * @retval None
1784:Drivers/STM32F1xx_HAL_Driver/Src/stm32f1xx_hal_rtc.c ****   */
ARM GAS  /tmp/ccLN6BmF.s 			page 36


1785:Drivers/STM32F1xx_HAL_Driver/Src/stm32f1xx_hal_rtc.c **** static void RTC_DateUpdate(RTC_HandleTypeDef *hrtc, uint32_t DayElapsed)
1786:Drivers/STM32F1xx_HAL_Driver/Src/stm32f1xx_hal_rtc.c **** {
1787:Drivers/STM32F1xx_HAL_Driver/Src/stm32f1xx_hal_rtc.c ****   uint32_t year = 0U, month = 0U, day = 0U;
1788:Drivers/STM32F1xx_HAL_Driver/Src/stm32f1xx_hal_rtc.c ****   uint32_t loop = 0U;
1789:Drivers/STM32F1xx_HAL_Driver/Src/stm32f1xx_hal_rtc.c **** 
1790:Drivers/STM32F1xx_HAL_Driver/Src/stm32f1xx_hal_rtc.c ****   /* Get the current year*/
1791:Drivers/STM32F1xx_HAL_Driver/Src/stm32f1xx_hal_rtc.c ****   year = hrtc->DateToUpdate.Year;
1792:Drivers/STM32F1xx_HAL_Driver/Src/stm32f1xx_hal_rtc.c **** 
1793:Drivers/STM32F1xx_HAL_Driver/Src/stm32f1xx_hal_rtc.c ****   /* Get the current month and day */
1794:Drivers/STM32F1xx_HAL_Driver/Src/stm32f1xx_hal_rtc.c ****   month = hrtc->DateToUpdate.Month;
1795:Drivers/STM32F1xx_HAL_Driver/Src/stm32f1xx_hal_rtc.c ****   day = hrtc->DateToUpdate.Date;
1796:Drivers/STM32F1xx_HAL_Driver/Src/stm32f1xx_hal_rtc.c **** 
1797:Drivers/STM32F1xx_HAL_Driver/Src/stm32f1xx_hal_rtc.c ****   for (loop = 0U; loop < DayElapsed; loop++)
1798:Drivers/STM32F1xx_HAL_Driver/Src/stm32f1xx_hal_rtc.c ****   {
1799:Drivers/STM32F1xx_HAL_Driver/Src/stm32f1xx_hal_rtc.c ****     if ((month == 1U) || (month == 3U) || (month == 5U) || (month == 7U) || \
1800:Drivers/STM32F1xx_HAL_Driver/Src/stm32f1xx_hal_rtc.c ****         (month == 8U) || (month == 10U) || (month == 12U))
1801:Drivers/STM32F1xx_HAL_Driver/Src/stm32f1xx_hal_rtc.c ****     {
1802:Drivers/STM32F1xx_HAL_Driver/Src/stm32f1xx_hal_rtc.c ****       if (day < 31U)
1803:Drivers/STM32F1xx_HAL_Driver/Src/stm32f1xx_hal_rtc.c ****       {
1804:Drivers/STM32F1xx_HAL_Driver/Src/stm32f1xx_hal_rtc.c ****         day++;
1805:Drivers/STM32F1xx_HAL_Driver/Src/stm32f1xx_hal_rtc.c ****       }
1806:Drivers/STM32F1xx_HAL_Driver/Src/stm32f1xx_hal_rtc.c ****       /* Date structure member: day = 31 */
1807:Drivers/STM32F1xx_HAL_Driver/Src/stm32f1xx_hal_rtc.c ****       else
1808:Drivers/STM32F1xx_HAL_Driver/Src/stm32f1xx_hal_rtc.c ****       {
1809:Drivers/STM32F1xx_HAL_Driver/Src/stm32f1xx_hal_rtc.c ****         if (month != 12U)
1810:Drivers/STM32F1xx_HAL_Driver/Src/stm32f1xx_hal_rtc.c ****         {
1811:Drivers/STM32F1xx_HAL_Driver/Src/stm32f1xx_hal_rtc.c ****           month++;
1812:Drivers/STM32F1xx_HAL_Driver/Src/stm32f1xx_hal_rtc.c ****           day = 1U;
1813:Drivers/STM32F1xx_HAL_Driver/Src/stm32f1xx_hal_rtc.c ****         }
1814:Drivers/STM32F1xx_HAL_Driver/Src/stm32f1xx_hal_rtc.c ****         /* Date structure member: day = 31 & month =12 */
1815:Drivers/STM32F1xx_HAL_Driver/Src/stm32f1xx_hal_rtc.c ****         else
1816:Drivers/STM32F1xx_HAL_Driver/Src/stm32f1xx_hal_rtc.c ****         {
1817:Drivers/STM32F1xx_HAL_Driver/Src/stm32f1xx_hal_rtc.c ****           month = 1U;
1818:Drivers/STM32F1xx_HAL_Driver/Src/stm32f1xx_hal_rtc.c ****           day = 1U;
1819:Drivers/STM32F1xx_HAL_Driver/Src/stm32f1xx_hal_rtc.c ****           year++;
1820:Drivers/STM32F1xx_HAL_Driver/Src/stm32f1xx_hal_rtc.c ****         }
1821:Drivers/STM32F1xx_HAL_Driver/Src/stm32f1xx_hal_rtc.c ****       }
1822:Drivers/STM32F1xx_HAL_Driver/Src/stm32f1xx_hal_rtc.c ****     }
1823:Drivers/STM32F1xx_HAL_Driver/Src/stm32f1xx_hal_rtc.c ****     else if ((month == 4U) || (month == 6U) || (month == 9U) || (month == 11U))
1824:Drivers/STM32F1xx_HAL_Driver/Src/stm32f1xx_hal_rtc.c ****     {
1825:Drivers/STM32F1xx_HAL_Driver/Src/stm32f1xx_hal_rtc.c ****       if (day < 30U)
1826:Drivers/STM32F1xx_HAL_Driver/Src/stm32f1xx_hal_rtc.c ****       {
1827:Drivers/STM32F1xx_HAL_Driver/Src/stm32f1xx_hal_rtc.c ****         day++;
1828:Drivers/STM32F1xx_HAL_Driver/Src/stm32f1xx_hal_rtc.c ****       }
1829:Drivers/STM32F1xx_HAL_Driver/Src/stm32f1xx_hal_rtc.c ****       /* Date structure member: day = 30 */
1830:Drivers/STM32F1xx_HAL_Driver/Src/stm32f1xx_hal_rtc.c ****       else
1831:Drivers/STM32F1xx_HAL_Driver/Src/stm32f1xx_hal_rtc.c ****       {
1832:Drivers/STM32F1xx_HAL_Driver/Src/stm32f1xx_hal_rtc.c ****         month++;
1833:Drivers/STM32F1xx_HAL_Driver/Src/stm32f1xx_hal_rtc.c ****         day = 1U;
1834:Drivers/STM32F1xx_HAL_Driver/Src/stm32f1xx_hal_rtc.c ****       }
1835:Drivers/STM32F1xx_HAL_Driver/Src/stm32f1xx_hal_rtc.c ****     }
1836:Drivers/STM32F1xx_HAL_Driver/Src/stm32f1xx_hal_rtc.c ****     else if (month == 2U)
1837:Drivers/STM32F1xx_HAL_Driver/Src/stm32f1xx_hal_rtc.c ****     {
1838:Drivers/STM32F1xx_HAL_Driver/Src/stm32f1xx_hal_rtc.c ****       if (day < 28U)
1839:Drivers/STM32F1xx_HAL_Driver/Src/stm32f1xx_hal_rtc.c ****       {
1840:Drivers/STM32F1xx_HAL_Driver/Src/stm32f1xx_hal_rtc.c ****         day++;
1841:Drivers/STM32F1xx_HAL_Driver/Src/stm32f1xx_hal_rtc.c ****       }
ARM GAS  /tmp/ccLN6BmF.s 			page 37


1842:Drivers/STM32F1xx_HAL_Driver/Src/stm32f1xx_hal_rtc.c ****       else if (day == 28U)
1843:Drivers/STM32F1xx_HAL_Driver/Src/stm32f1xx_hal_rtc.c ****       {
1844:Drivers/STM32F1xx_HAL_Driver/Src/stm32f1xx_hal_rtc.c ****         /* Leap year */
1845:Drivers/STM32F1xx_HAL_Driver/Src/stm32f1xx_hal_rtc.c ****         if (RTC_IsLeapYear(year))
1846:Drivers/STM32F1xx_HAL_Driver/Src/stm32f1xx_hal_rtc.c ****         {
1847:Drivers/STM32F1xx_HAL_Driver/Src/stm32f1xx_hal_rtc.c ****           day++;
1848:Drivers/STM32F1xx_HAL_Driver/Src/stm32f1xx_hal_rtc.c ****         }
1849:Drivers/STM32F1xx_HAL_Driver/Src/stm32f1xx_hal_rtc.c ****         else
1850:Drivers/STM32F1xx_HAL_Driver/Src/stm32f1xx_hal_rtc.c ****         {
1851:Drivers/STM32F1xx_HAL_Driver/Src/stm32f1xx_hal_rtc.c ****           month++;
1852:Drivers/STM32F1xx_HAL_Driver/Src/stm32f1xx_hal_rtc.c ****           day = 1U;
1853:Drivers/STM32F1xx_HAL_Driver/Src/stm32f1xx_hal_rtc.c ****         }
1854:Drivers/STM32F1xx_HAL_Driver/Src/stm32f1xx_hal_rtc.c ****       }
1855:Drivers/STM32F1xx_HAL_Driver/Src/stm32f1xx_hal_rtc.c ****       else if (day == 29U)
1856:Drivers/STM32F1xx_HAL_Driver/Src/stm32f1xx_hal_rtc.c ****       {
1857:Drivers/STM32F1xx_HAL_Driver/Src/stm32f1xx_hal_rtc.c ****         month++;
1858:Drivers/STM32F1xx_HAL_Driver/Src/stm32f1xx_hal_rtc.c ****         day = 1U;
1859:Drivers/STM32F1xx_HAL_Driver/Src/stm32f1xx_hal_rtc.c ****       }
1860:Drivers/STM32F1xx_HAL_Driver/Src/stm32f1xx_hal_rtc.c ****     }
1861:Drivers/STM32F1xx_HAL_Driver/Src/stm32f1xx_hal_rtc.c ****   }
1862:Drivers/STM32F1xx_HAL_Driver/Src/stm32f1xx_hal_rtc.c **** 
1863:Drivers/STM32F1xx_HAL_Driver/Src/stm32f1xx_hal_rtc.c ****   /* Update year */
1864:Drivers/STM32F1xx_HAL_Driver/Src/stm32f1xx_hal_rtc.c ****   hrtc->DateToUpdate.Year = year;
1865:Drivers/STM32F1xx_HAL_Driver/Src/stm32f1xx_hal_rtc.c **** 
1866:Drivers/STM32F1xx_HAL_Driver/Src/stm32f1xx_hal_rtc.c ****   /* Update day and month */
1867:Drivers/STM32F1xx_HAL_Driver/Src/stm32f1xx_hal_rtc.c ****   hrtc->DateToUpdate.Month = month;
1868:Drivers/STM32F1xx_HAL_Driver/Src/stm32f1xx_hal_rtc.c ****   hrtc->DateToUpdate.Date = day;
1869:Drivers/STM32F1xx_HAL_Driver/Src/stm32f1xx_hal_rtc.c **** 
1870:Drivers/STM32F1xx_HAL_Driver/Src/stm32f1xx_hal_rtc.c ****   /* Update day of the week */
1871:Drivers/STM32F1xx_HAL_Driver/Src/stm32f1xx_hal_rtc.c ****   hrtc->DateToUpdate.WeekDay = RTC_WeekDayNum(year, month, day);
1872:Drivers/STM32F1xx_HAL_Driver/Src/stm32f1xx_hal_rtc.c **** }
1873:Drivers/STM32F1xx_HAL_Driver/Src/stm32f1xx_hal_rtc.c **** 
1874:Drivers/STM32F1xx_HAL_Driver/Src/stm32f1xx_hal_rtc.c **** /**
1875:Drivers/STM32F1xx_HAL_Driver/Src/stm32f1xx_hal_rtc.c ****   * @brief  Check whether the passed year is Leap or not.
1876:Drivers/STM32F1xx_HAL_Driver/Src/stm32f1xx_hal_rtc.c ****   * @param  nYear  year to check
1877:Drivers/STM32F1xx_HAL_Driver/Src/stm32f1xx_hal_rtc.c ****   * @retval 1: leap year
1878:Drivers/STM32F1xx_HAL_Driver/Src/stm32f1xx_hal_rtc.c ****   *         0: not leap year
1879:Drivers/STM32F1xx_HAL_Driver/Src/stm32f1xx_hal_rtc.c ****   */
1880:Drivers/STM32F1xx_HAL_Driver/Src/stm32f1xx_hal_rtc.c **** static uint8_t RTC_IsLeapYear(uint16_t nYear)
1881:Drivers/STM32F1xx_HAL_Driver/Src/stm32f1xx_hal_rtc.c **** {
 214              		.loc 1 1881 1 is_stmt 1 view -0
 215              		.cfi_startproc
 216              		@ args = 0, pretend = 0, frame = 0
 217              		@ frame_needed = 0, uses_anonymous_args = 0
 218              		@ link register save eliminated.
1882:Drivers/STM32F1xx_HAL_Driver/Src/stm32f1xx_hal_rtc.c ****   if ((nYear % 4U) != 0U)
 219              		.loc 1 1882 3 view .LVU60
 220              		.loc 1 1882 6 is_stmt 0 view .LVU61
 221 0000 10F0030F 		tst	r0, #3
 222 0004 14D1     		bne	.L12
1883:Drivers/STM32F1xx_HAL_Driver/Src/stm32f1xx_hal_rtc.c ****   {
1884:Drivers/STM32F1xx_HAL_Driver/Src/stm32f1xx_hal_rtc.c ****     return 0U;
1885:Drivers/STM32F1xx_HAL_Driver/Src/stm32f1xx_hal_rtc.c ****   }
1886:Drivers/STM32F1xx_HAL_Driver/Src/stm32f1xx_hal_rtc.c **** 
1887:Drivers/STM32F1xx_HAL_Driver/Src/stm32f1xx_hal_rtc.c ****   if ((nYear % 100U) != 0U)
 223              		.loc 1 1887 3 is_stmt 1 view .LVU62
 224              		.loc 1 1887 22 is_stmt 0 view .LVU63
ARM GAS  /tmp/ccLN6BmF.s 			page 38


 225 0006 0D4B     		ldr	r3, .L15
 226 0008 A3FB0023 		umull	r2, r3, r3, r0
 227 000c 5B09     		lsrs	r3, r3, #5
 228 000e 6422     		movs	r2, #100
 229 0010 02FB1303 		mls	r3, r2, r3, r0
 230 0014 9BB2     		uxth	r3, r3
 231              		.loc 1 1887 6 view .LVU64
 232 0016 6BB9     		cbnz	r3, .L13
1888:Drivers/STM32F1xx_HAL_Driver/Src/stm32f1xx_hal_rtc.c ****   {
1889:Drivers/STM32F1xx_HAL_Driver/Src/stm32f1xx_hal_rtc.c ****     return 1U;
1890:Drivers/STM32F1xx_HAL_Driver/Src/stm32f1xx_hal_rtc.c ****   }
1891:Drivers/STM32F1xx_HAL_Driver/Src/stm32f1xx_hal_rtc.c **** 
1892:Drivers/STM32F1xx_HAL_Driver/Src/stm32f1xx_hal_rtc.c ****   if ((nYear % 400U) == 0U)
 233              		.loc 1 1892 3 is_stmt 1 view .LVU65
 234              		.loc 1 1892 22 is_stmt 0 view .LVU66
 235 0018 084B     		ldr	r3, .L15
 236 001a A3FB0023 		umull	r2, r3, r3, r0
 237 001e DB09     		lsrs	r3, r3, #7
 238 0020 4FF4C872 		mov	r2, #400
 239 0024 02FB1300 		mls	r0, r2, r3, r0
 240              	.LVL24:
 241              		.loc 1 1892 22 view .LVU67
 242 0028 80B2     		uxth	r0, r0
 243              		.loc 1 1892 6 view .LVU68
 244 002a 28B9     		cbnz	r0, .L14
1893:Drivers/STM32F1xx_HAL_Driver/Src/stm32f1xx_hal_rtc.c ****   {
1894:Drivers/STM32F1xx_HAL_Driver/Src/stm32f1xx_hal_rtc.c ****     return 1U;
 245              		.loc 1 1894 12 view .LVU69
 246 002c 0120     		movs	r0, #1
 247 002e 7047     		bx	lr
 248              	.LVL25:
 249              	.L12:
1884:Drivers/STM32F1xx_HAL_Driver/Src/stm32f1xx_hal_rtc.c ****   }
 250              		.loc 1 1884 12 view .LVU70
 251 0030 0020     		movs	r0, #0
 252              	.LVL26:
1884:Drivers/STM32F1xx_HAL_Driver/Src/stm32f1xx_hal_rtc.c ****   }
 253              		.loc 1 1884 12 view .LVU71
 254 0032 7047     		bx	lr
 255              	.LVL27:
 256              	.L13:
1889:Drivers/STM32F1xx_HAL_Driver/Src/stm32f1xx_hal_rtc.c ****   }
 257              		.loc 1 1889 12 view .LVU72
 258 0034 0120     		movs	r0, #1
 259              	.LVL28:
1889:Drivers/STM32F1xx_HAL_Driver/Src/stm32f1xx_hal_rtc.c ****   }
 260              		.loc 1 1889 12 view .LVU73
 261 0036 7047     		bx	lr
 262              	.L14:
1895:Drivers/STM32F1xx_HAL_Driver/Src/stm32f1xx_hal_rtc.c ****   }
1896:Drivers/STM32F1xx_HAL_Driver/Src/stm32f1xx_hal_rtc.c ****   else
1897:Drivers/STM32F1xx_HAL_Driver/Src/stm32f1xx_hal_rtc.c ****   {
1898:Drivers/STM32F1xx_HAL_Driver/Src/stm32f1xx_hal_rtc.c ****     return 0U;
 263              		.loc 1 1898 12 view .LVU74
 264 0038 0020     		movs	r0, #0
1899:Drivers/STM32F1xx_HAL_Driver/Src/stm32f1xx_hal_rtc.c ****   }
1900:Drivers/STM32F1xx_HAL_Driver/Src/stm32f1xx_hal_rtc.c **** }
ARM GAS  /tmp/ccLN6BmF.s 			page 39


 265              		.loc 1 1900 1 view .LVU75
 266 003a 7047     		bx	lr
 267              	.L16:
 268              		.align	2
 269              	.L15:
 270 003c 1F85EB51 		.word	1374389535
 271              		.cfi_endproc
 272              	.LFE91:
 274              		.section	.text.RTC_WeekDayNum,"ax",%progbits
 275              		.align	1
 276              		.syntax unified
 277              		.thumb
 278              		.thumb_func
 280              	RTC_WeekDayNum:
 281              	.LVL29:
 282              	.LFB92:
1901:Drivers/STM32F1xx_HAL_Driver/Src/stm32f1xx_hal_rtc.c **** 
1902:Drivers/STM32F1xx_HAL_Driver/Src/stm32f1xx_hal_rtc.c **** /**
1903:Drivers/STM32F1xx_HAL_Driver/Src/stm32f1xx_hal_rtc.c ****   * @brief  Determines the week number, the day number and the week day number.
1904:Drivers/STM32F1xx_HAL_Driver/Src/stm32f1xx_hal_rtc.c ****   * @param  nYear   year to check
1905:Drivers/STM32F1xx_HAL_Driver/Src/stm32f1xx_hal_rtc.c ****   * @param  nMonth  Month to check
1906:Drivers/STM32F1xx_HAL_Driver/Src/stm32f1xx_hal_rtc.c ****   * @param  nDay    Day to check
1907:Drivers/STM32F1xx_HAL_Driver/Src/stm32f1xx_hal_rtc.c ****   * @note   Day is calculated with hypothesis that year > 2000
1908:Drivers/STM32F1xx_HAL_Driver/Src/stm32f1xx_hal_rtc.c ****   * @retval Value which can take one of the following parameters:
1909:Drivers/STM32F1xx_HAL_Driver/Src/stm32f1xx_hal_rtc.c ****   *         @arg RTC_WEEKDAY_MONDAY
1910:Drivers/STM32F1xx_HAL_Driver/Src/stm32f1xx_hal_rtc.c ****   *         @arg RTC_WEEKDAY_TUESDAY
1911:Drivers/STM32F1xx_HAL_Driver/Src/stm32f1xx_hal_rtc.c ****   *         @arg RTC_WEEKDAY_WEDNESDAY
1912:Drivers/STM32F1xx_HAL_Driver/Src/stm32f1xx_hal_rtc.c ****   *         @arg RTC_WEEKDAY_THURSDAY
1913:Drivers/STM32F1xx_HAL_Driver/Src/stm32f1xx_hal_rtc.c ****   *         @arg RTC_WEEKDAY_FRIDAY
1914:Drivers/STM32F1xx_HAL_Driver/Src/stm32f1xx_hal_rtc.c ****   *         @arg RTC_WEEKDAY_SATURDAY
1915:Drivers/STM32F1xx_HAL_Driver/Src/stm32f1xx_hal_rtc.c ****   *         @arg RTC_WEEKDAY_SUNDAY
1916:Drivers/STM32F1xx_HAL_Driver/Src/stm32f1xx_hal_rtc.c ****   */
1917:Drivers/STM32F1xx_HAL_Driver/Src/stm32f1xx_hal_rtc.c **** static uint8_t RTC_WeekDayNum(uint32_t nYear, uint8_t nMonth, uint8_t nDay)
1918:Drivers/STM32F1xx_HAL_Driver/Src/stm32f1xx_hal_rtc.c **** {
 283              		.loc 1 1918 1 is_stmt 1 view -0
 284              		.cfi_startproc
 285              		@ args = 0, pretend = 0, frame = 0
 286              		@ frame_needed = 0, uses_anonymous_args = 0
 287              		@ link register save eliminated.
1919:Drivers/STM32F1xx_HAL_Driver/Src/stm32f1xx_hal_rtc.c ****   uint32_t year = 0U, weekday = 0U;
 288              		.loc 1 1919 3 view .LVU77
1920:Drivers/STM32F1xx_HAL_Driver/Src/stm32f1xx_hal_rtc.c **** 
1921:Drivers/STM32F1xx_HAL_Driver/Src/stm32f1xx_hal_rtc.c ****   year = 2000U + nYear;
 289              		.loc 1 1921 3 view .LVU78
 290              		.loc 1 1921 8 is_stmt 0 view .LVU79
 291 0000 00F5FA6C 		add	ip, r0, #2000
 292              	.LVL30:
1922:Drivers/STM32F1xx_HAL_Driver/Src/stm32f1xx_hal_rtc.c **** 
1923:Drivers/STM32F1xx_HAL_Driver/Src/stm32f1xx_hal_rtc.c ****   if (nMonth < 3U)
 293              		.loc 1 1923 3 is_stmt 1 view .LVU80
 294              		.loc 1 1923 6 is_stmt 0 view .LVU81
 295 0004 0229     		cmp	r1, #2
 296 0006 21D8     		bhi	.L18
1924:Drivers/STM32F1xx_HAL_Driver/Src/stm32f1xx_hal_rtc.c ****   {
1925:Drivers/STM32F1xx_HAL_Driver/Src/stm32f1xx_hal_rtc.c ****     /*D = { [(23 x month)/9] + day + 4 + year + [(year-1)/4] - [(year-1)/100] + [(year-1)/400] } mo
1926:Drivers/STM32F1xx_HAL_Driver/Src/stm32f1xx_hal_rtc.c ****     weekday = (((23U * nMonth) / 9U) + nDay + 4U + year + ((year - 1U) / 4U) - ((year - 1U) / 100U)
 297              		.loc 1 1926 5 is_stmt 1 view .LVU82
ARM GAS  /tmp/ccLN6BmF.s 			page 40


 298              		.loc 1 1926 22 is_stmt 0 view .LVU83
 299 0008 01EB4103 		add	r3, r1, r1, lsl #1
 300 000c C1EBC301 		rsb	r1, r1, r3, lsl #3
 301              	.LVL31:
 302              		.loc 1 1926 32 view .LVU84
 303 0010 1E4B     		ldr	r3, .L20
 304 0012 A3FB0131 		umull	r3, r1, r3, r1
 305              		.loc 1 1926 38 view .LVU85
 306 0016 02EB5103 		add	r3, r2, r1, lsr #1
 307              		.loc 1 1926 50 view .LVU86
 308 001a 6344     		add	r3, r3, ip
 309              		.loc 1 1926 66 view .LVU87
 310 001c 00F2CF70 		addw	r0, r0, #1999
 311              	.LVL32:
 312              		.loc 1 1926 57 view .LVU88
 313 0020 03EB9003 		add	r3, r3, r0, lsr #2
 314              		.loc 1 1926 93 view .LVU89
 315 0024 1A4A     		ldr	r2, .L20+4
 316              	.LVL33:
 317              		.loc 1 1926 93 view .LVU90
 318 0026 A2FB0020 		umull	r2, r0, r2, r0
 319              	.LVL34:
 320              		.loc 1 1926 78 view .LVU91
 321 002a A3EB5013 		sub	r3, r3, r0, lsr #5
 322              		.loc 1 1926 101 view .LVU92
 323 002e 03EBD013 		add	r3, r3, r0, lsr #7
 324 0032 0433     		adds	r3, r3, #4
 325              		.loc 1 1926 13 view .LVU93
 326 0034 1748     		ldr	r0, .L20+8
 327 0036 A0FB0320 		umull	r2, r0, r0, r3
 328 003a 1A1A     		subs	r2, r3, r0
 329 003c 00EB5200 		add	r0, r0, r2, lsr #1
 330 0040 8008     		lsrs	r0, r0, #2
 331 0042 C0EBC000 		rsb	r0, r0, r0, lsl #3
 332 0046 181A     		subs	r0, r3, r0
 333              	.LVL35:
 334              	.L19:
1927:Drivers/STM32F1xx_HAL_Driver/Src/stm32f1xx_hal_rtc.c ****   }
1928:Drivers/STM32F1xx_HAL_Driver/Src/stm32f1xx_hal_rtc.c ****   else
1929:Drivers/STM32F1xx_HAL_Driver/Src/stm32f1xx_hal_rtc.c ****   {
1930:Drivers/STM32F1xx_HAL_Driver/Src/stm32f1xx_hal_rtc.c ****     /*D = { [(23 x month)/9] + day + 4 + year + [year/4] - [year/100] + [year/400] - 2 } mod 7*/
1931:Drivers/STM32F1xx_HAL_Driver/Src/stm32f1xx_hal_rtc.c ****     weekday = (((23U * nMonth) / 9U) + nDay + 4U + year + (year / 4U) - (year / 100U) + (year / 400
1932:Drivers/STM32F1xx_HAL_Driver/Src/stm32f1xx_hal_rtc.c ****   }
1933:Drivers/STM32F1xx_HAL_Driver/Src/stm32f1xx_hal_rtc.c **** 
1934:Drivers/STM32F1xx_HAL_Driver/Src/stm32f1xx_hal_rtc.c ****   return (uint8_t)weekday;
 335              		.loc 1 1934 3 is_stmt 1 view .LVU94
1935:Drivers/STM32F1xx_HAL_Driver/Src/stm32f1xx_hal_rtc.c **** }
 336              		.loc 1 1935 1 is_stmt 0 view .LVU95
 337 0048 C0B2     		uxtb	r0, r0
 338              	.LVL36:
 339              		.loc 1 1935 1 view .LVU96
 340 004a 7047     		bx	lr
 341              	.LVL37:
 342              	.L18:
1931:Drivers/STM32F1xx_HAL_Driver/Src/stm32f1xx_hal_rtc.c ****   }
 343              		.loc 1 1931 5 is_stmt 1 view .LVU97
1931:Drivers/STM32F1xx_HAL_Driver/Src/stm32f1xx_hal_rtc.c ****   }
ARM GAS  /tmp/ccLN6BmF.s 			page 41


 344              		.loc 1 1931 22 is_stmt 0 view .LVU98
 345 004c 01EB4103 		add	r3, r1, r1, lsl #1
 346 0050 C1EBC301 		rsb	r1, r1, r3, lsl #3
 347              	.LVL38:
1931:Drivers/STM32F1xx_HAL_Driver/Src/stm32f1xx_hal_rtc.c ****   }
 348              		.loc 1 1931 32 view .LVU99
 349 0054 0D4B     		ldr	r3, .L20
 350 0056 A3FB0131 		umull	r3, r1, r3, r1
1931:Drivers/STM32F1xx_HAL_Driver/Src/stm32f1xx_hal_rtc.c ****   }
 351              		.loc 1 1931 38 view .LVU100
 352 005a 02EB5103 		add	r3, r2, r1, lsr #1
1931:Drivers/STM32F1xx_HAL_Driver/Src/stm32f1xx_hal_rtc.c ****   }
 353              		.loc 1 1931 50 view .LVU101
 354 005e 6344     		add	r3, r3, ip
1931:Drivers/STM32F1xx_HAL_Driver/Src/stm32f1xx_hal_rtc.c ****   }
 355              		.loc 1 1931 57 view .LVU102
 356 0060 03EB9C03 		add	r3, r3, ip, lsr #2
1931:Drivers/STM32F1xx_HAL_Driver/Src/stm32f1xx_hal_rtc.c ****   }
 357              		.loc 1 1931 79 view .LVU103
 358 0064 0A4A     		ldr	r2, .L20+4
 359              	.LVL39:
1931:Drivers/STM32F1xx_HAL_Driver/Src/stm32f1xx_hal_rtc.c ****   }
 360              		.loc 1 1931 79 view .LVU104
 361 0066 A2FB0C12 		umull	r1, r2, r2, ip
1931:Drivers/STM32F1xx_HAL_Driver/Src/stm32f1xx_hal_rtc.c ****   }
 362              		.loc 1 1931 71 view .LVU105
 363 006a A3EB5213 		sub	r3, r3, r2, lsr #5
1931:Drivers/STM32F1xx_HAL_Driver/Src/stm32f1xx_hal_rtc.c ****   }
 364              		.loc 1 1931 87 view .LVU106
 365 006e 03EBD213 		add	r3, r3, r2, lsr #7
1931:Drivers/STM32F1xx_HAL_Driver/Src/stm32f1xx_hal_rtc.c ****   }
 366              		.loc 1 1931 103 view .LVU107
 367 0072 0233     		adds	r3, r3, #2
1931:Drivers/STM32F1xx_HAL_Driver/Src/stm32f1xx_hal_rtc.c ****   }
 368              		.loc 1 1931 13 view .LVU108
 369 0074 0748     		ldr	r0, .L20+8
 370              	.LVL40:
1931:Drivers/STM32F1xx_HAL_Driver/Src/stm32f1xx_hal_rtc.c ****   }
 371              		.loc 1 1931 13 view .LVU109
 372 0076 A0FB0320 		umull	r2, r0, r0, r3
 373 007a 1A1A     		subs	r2, r3, r0
 374 007c 00EB5200 		add	r0, r0, r2, lsr #1
 375 0080 8008     		lsrs	r0, r0, #2
 376 0082 C0EBC000 		rsb	r0, r0, r0, lsl #3
 377 0086 181A     		subs	r0, r3, r0
 378 0088 DEE7     		b	.L19
 379              	.L21:
 380 008a 00BF     		.align	2
 381              	.L20:
 382 008c 398EE338 		.word	954437177
 383 0090 1F85EB51 		.word	1374389535
 384 0094 25499224 		.word	613566757
 385              		.cfi_endproc
 386              	.LFE92:
 388              		.section	.text.RTC_DateUpdate,"ax",%progbits
 389              		.align	1
 390              		.syntax unified
ARM GAS  /tmp/ccLN6BmF.s 			page 42


 391              		.thumb
 392              		.thumb_func
 394              	RTC_DateUpdate:
 395              	.LVL41:
 396              	.LFB90:
1786:Drivers/STM32F1xx_HAL_Driver/Src/stm32f1xx_hal_rtc.c ****   uint32_t year = 0U, month = 0U, day = 0U;
 397              		.loc 1 1786 1 is_stmt 1 view -0
 398              		.cfi_startproc
 399              		@ args = 0, pretend = 0, frame = 0
 400              		@ frame_needed = 0, uses_anonymous_args = 0
1786:Drivers/STM32F1xx_HAL_Driver/Src/stm32f1xx_hal_rtc.c ****   uint32_t year = 0U, month = 0U, day = 0U;
 401              		.loc 1 1786 1 is_stmt 0 view .LVU111
 402 0000 2DE9F843 		push	{r3, r4, r5, r6, r7, r8, r9, lr}
 403              	.LCFI1:
 404              		.cfi_def_cfa_offset 32
 405              		.cfi_offset 3, -32
 406              		.cfi_offset 4, -28
 407              		.cfi_offset 5, -24
 408              		.cfi_offset 6, -20
 409              		.cfi_offset 7, -16
 410              		.cfi_offset 8, -12
 411              		.cfi_offset 9, -8
 412              		.cfi_offset 14, -4
 413 0004 0746     		mov	r7, r0
 414 0006 8946     		mov	r9, r1
1787:Drivers/STM32F1xx_HAL_Driver/Src/stm32f1xx_hal_rtc.c ****   uint32_t loop = 0U;
 415              		.loc 1 1787 3 is_stmt 1 view .LVU112
 416              	.LVL42:
1788:Drivers/STM32F1xx_HAL_Driver/Src/stm32f1xx_hal_rtc.c **** 
 417              		.loc 1 1788 3 view .LVU113
1791:Drivers/STM32F1xx_HAL_Driver/Src/stm32f1xx_hal_rtc.c **** 
 418              		.loc 1 1791 3 view .LVU114
1791:Drivers/STM32F1xx_HAL_Driver/Src/stm32f1xx_hal_rtc.c **** 
 419              		.loc 1 1791 28 is_stmt 0 view .LVU115
 420 0008 90F80F80 		ldrb	r8, [r0, #15]	@ zero_extendqisi2
 421              	.LVL43:
1794:Drivers/STM32F1xx_HAL_Driver/Src/stm32f1xx_hal_rtc.c ****   day = hrtc->DateToUpdate.Date;
 422              		.loc 1 1794 3 is_stmt 1 view .LVU116
1794:Drivers/STM32F1xx_HAL_Driver/Src/stm32f1xx_hal_rtc.c ****   day = hrtc->DateToUpdate.Date;
 423              		.loc 1 1794 29 is_stmt 0 view .LVU117
 424 000c 457B     		ldrb	r5, [r0, #13]	@ zero_extendqisi2
 425              	.LVL44:
1795:Drivers/STM32F1xx_HAL_Driver/Src/stm32f1xx_hal_rtc.c **** 
 426              		.loc 1 1795 3 is_stmt 1 view .LVU118
1795:Drivers/STM32F1xx_HAL_Driver/Src/stm32f1xx_hal_rtc.c **** 
 427              		.loc 1 1795 27 is_stmt 0 view .LVU119
 428 000e 867B     		ldrb	r6, [r0, #14]	@ zero_extendqisi2
 429              	.LVL45:
1797:Drivers/STM32F1xx_HAL_Driver/Src/stm32f1xx_hal_rtc.c ****   {
 430              		.loc 1 1797 3 is_stmt 1 view .LVU120
1797:Drivers/STM32F1xx_HAL_Driver/Src/stm32f1xx_hal_rtc.c ****   {
 431              		.loc 1 1797 13 is_stmt 0 view .LVU121
 432 0010 0024     		movs	r4, #0
1797:Drivers/STM32F1xx_HAL_Driver/Src/stm32f1xx_hal_rtc.c ****   {
 433              		.loc 1 1797 3 view .LVU122
 434 0012 03E0     		b	.L23
 435              	.LVL46:
ARM GAS  /tmp/ccLN6BmF.s 			page 43


 436              	.L25:
1802:Drivers/STM32F1xx_HAL_Driver/Src/stm32f1xx_hal_rtc.c ****       {
 437              		.loc 1 1802 7 is_stmt 1 view .LVU123
1802:Drivers/STM32F1xx_HAL_Driver/Src/stm32f1xx_hal_rtc.c ****       {
 438              		.loc 1 1802 10 is_stmt 0 view .LVU124
 439 0014 1E2E     		cmp	r6, #30
 440 0016 15D8     		bhi	.L28
1804:Drivers/STM32F1xx_HAL_Driver/Src/stm32f1xx_hal_rtc.c ****       }
 441              		.loc 1 1804 9 is_stmt 1 view .LVU125
1804:Drivers/STM32F1xx_HAL_Driver/Src/stm32f1xx_hal_rtc.c ****       }
 442              		.loc 1 1804 12 is_stmt 0 view .LVU126
 443 0018 0136     		adds	r6, r6, #1
 444              	.LVL47:
 445              	.L24:
1797:Drivers/STM32F1xx_HAL_Driver/Src/stm32f1xx_hal_rtc.c ****   {
 446              		.loc 1 1797 42 is_stmt 1 discriminator 2 view .LVU127
 447 001a 0134     		adds	r4, r4, #1
 448              	.LVL48:
 449              	.L23:
1797:Drivers/STM32F1xx_HAL_Driver/Src/stm32f1xx_hal_rtc.c ****   {
 450              		.loc 1 1797 24 discriminator 1 view .LVU128
 451 001c 4C45     		cmp	r4, r9
 452 001e 33D2     		bcs	.L36
1799:Drivers/STM32F1xx_HAL_Driver/Src/stm32f1xx_hal_rtc.c ****         (month == 8U) || (month == 10U) || (month == 12U))
 453              		.loc 1 1799 5 view .LVU129
 454 0020 0C2D     		cmp	r5, #12
 455 0022 FAD8     		bhi	.L24
 456 0024 0123     		movs	r3, #1
 457 0026 AB40     		lsls	r3, r3, r5
 458 0028 41F2AA52 		movw	r2, #5546
 459 002c 1342     		tst	r3, r2
 460 002e F1D1     		bne	.L25
 461 0030 13F4256F 		tst	r3, #2640
 462 0034 10D1     		bne	.L26
 463 0036 13F0040F 		tst	r3, #4
 464 003a EED0     		beq	.L24
1838:Drivers/STM32F1xx_HAL_Driver/Src/stm32f1xx_hal_rtc.c ****       {
 465              		.loc 1 1838 7 view .LVU130
1838:Drivers/STM32F1xx_HAL_Driver/Src/stm32f1xx_hal_rtc.c ****       {
 466              		.loc 1 1838 10 is_stmt 0 view .LVU131
 467 003c 1B2E     		cmp	r6, #27
 468 003e 12D8     		bhi	.L31
1840:Drivers/STM32F1xx_HAL_Driver/Src/stm32f1xx_hal_rtc.c ****       }
 469              		.loc 1 1840 9 is_stmt 1 view .LVU132
1840:Drivers/STM32F1xx_HAL_Driver/Src/stm32f1xx_hal_rtc.c ****       }
 470              		.loc 1 1840 12 is_stmt 0 view .LVU133
 471 0040 0136     		adds	r6, r6, #1
 472              	.LVL49:
1840:Drivers/STM32F1xx_HAL_Driver/Src/stm32f1xx_hal_rtc.c ****       }
 473              		.loc 1 1840 12 view .LVU134
 474 0042 EAE7     		b	.L24
 475              	.L28:
1809:Drivers/STM32F1xx_HAL_Driver/Src/stm32f1xx_hal_rtc.c ****         {
 476              		.loc 1 1809 9 is_stmt 1 view .LVU135
1809:Drivers/STM32F1xx_HAL_Driver/Src/stm32f1xx_hal_rtc.c ****         {
 477              		.loc 1 1809 12 is_stmt 0 view .LVU136
 478 0044 0C2D     		cmp	r5, #12
ARM GAS  /tmp/ccLN6BmF.s 			page 44


 479 0046 02D0     		beq	.L29
1811:Drivers/STM32F1xx_HAL_Driver/Src/stm32f1xx_hal_rtc.c ****           day = 1U;
 480              		.loc 1 1811 11 is_stmt 1 view .LVU137
1811:Drivers/STM32F1xx_HAL_Driver/Src/stm32f1xx_hal_rtc.c ****           day = 1U;
 481              		.loc 1 1811 16 is_stmt 0 view .LVU138
 482 0048 0135     		adds	r5, r5, #1
 483              	.LVL50:
1812:Drivers/STM32F1xx_HAL_Driver/Src/stm32f1xx_hal_rtc.c ****         }
 484              		.loc 1 1812 11 is_stmt 1 view .LVU139
1812:Drivers/STM32F1xx_HAL_Driver/Src/stm32f1xx_hal_rtc.c ****         }
 485              		.loc 1 1812 15 is_stmt 0 view .LVU140
 486 004a 0126     		movs	r6, #1
 487 004c E5E7     		b	.L24
 488              	.LVL51:
 489              	.L29:
1817:Drivers/STM32F1xx_HAL_Driver/Src/stm32f1xx_hal_rtc.c ****           day = 1U;
 490              		.loc 1 1817 11 is_stmt 1 view .LVU141
1818:Drivers/STM32F1xx_HAL_Driver/Src/stm32f1xx_hal_rtc.c ****           year++;
 491              		.loc 1 1818 11 view .LVU142
1819:Drivers/STM32F1xx_HAL_Driver/Src/stm32f1xx_hal_rtc.c ****         }
 492              		.loc 1 1819 11 view .LVU143
1819:Drivers/STM32F1xx_HAL_Driver/Src/stm32f1xx_hal_rtc.c ****         }
 493              		.loc 1 1819 15 is_stmt 0 view .LVU144
 494 004e 08F10108 		add	r8, r8, #1
 495              	.LVL52:
1818:Drivers/STM32F1xx_HAL_Driver/Src/stm32f1xx_hal_rtc.c ****           year++;
 496              		.loc 1 1818 15 view .LVU145
 497 0052 0126     		movs	r6, #1
1817:Drivers/STM32F1xx_HAL_Driver/Src/stm32f1xx_hal_rtc.c ****           day = 1U;
 498              		.loc 1 1817 17 view .LVU146
 499 0054 3546     		mov	r5, r6
 500 0056 E0E7     		b	.L24
 501              	.LVL53:
 502              	.L26:
1825:Drivers/STM32F1xx_HAL_Driver/Src/stm32f1xx_hal_rtc.c ****       {
 503              		.loc 1 1825 7 is_stmt 1 view .LVU147
1825:Drivers/STM32F1xx_HAL_Driver/Src/stm32f1xx_hal_rtc.c ****       {
 504              		.loc 1 1825 10 is_stmt 0 view .LVU148
 505 0058 1D2E     		cmp	r6, #29
 506 005a 01D8     		bhi	.L30
1827:Drivers/STM32F1xx_HAL_Driver/Src/stm32f1xx_hal_rtc.c ****       }
 507              		.loc 1 1827 9 is_stmt 1 view .LVU149
1827:Drivers/STM32F1xx_HAL_Driver/Src/stm32f1xx_hal_rtc.c ****       }
 508              		.loc 1 1827 12 is_stmt 0 view .LVU150
 509 005c 0136     		adds	r6, r6, #1
 510              	.LVL54:
1827:Drivers/STM32F1xx_HAL_Driver/Src/stm32f1xx_hal_rtc.c ****       }
 511              		.loc 1 1827 12 view .LVU151
 512 005e DCE7     		b	.L24
 513              	.L30:
1832:Drivers/STM32F1xx_HAL_Driver/Src/stm32f1xx_hal_rtc.c ****         day = 1U;
 514              		.loc 1 1832 9 is_stmt 1 view .LVU152
1832:Drivers/STM32F1xx_HAL_Driver/Src/stm32f1xx_hal_rtc.c ****         day = 1U;
 515              		.loc 1 1832 14 is_stmt 0 view .LVU153
 516 0060 0135     		adds	r5, r5, #1
 517              	.LVL55:
1833:Drivers/STM32F1xx_HAL_Driver/Src/stm32f1xx_hal_rtc.c ****       }
ARM GAS  /tmp/ccLN6BmF.s 			page 45


 518              		.loc 1 1833 9 is_stmt 1 view .LVU154
1833:Drivers/STM32F1xx_HAL_Driver/Src/stm32f1xx_hal_rtc.c ****       }
 519              		.loc 1 1833 13 is_stmt 0 view .LVU155
 520 0062 0126     		movs	r6, #1
 521 0064 D9E7     		b	.L24
 522              	.LVL56:
 523              	.L31:
1842:Drivers/STM32F1xx_HAL_Driver/Src/stm32f1xx_hal_rtc.c ****       {
 524              		.loc 1 1842 12 is_stmt 1 view .LVU156
1842:Drivers/STM32F1xx_HAL_Driver/Src/stm32f1xx_hal_rtc.c ****       {
 525              		.loc 1 1842 15 is_stmt 0 view .LVU157
 526 0066 1C2E     		cmp	r6, #28
 527 0068 04D0     		beq	.L37
1855:Drivers/STM32F1xx_HAL_Driver/Src/stm32f1xx_hal_rtc.c ****       {
 528              		.loc 1 1855 12 is_stmt 1 view .LVU158
1855:Drivers/STM32F1xx_HAL_Driver/Src/stm32f1xx_hal_rtc.c ****       {
 529              		.loc 1 1855 15 is_stmt 0 view .LVU159
 530 006a 1D2E     		cmp	r6, #29
 531 006c D5D1     		bne	.L24
1857:Drivers/STM32F1xx_HAL_Driver/Src/stm32f1xx_hal_rtc.c ****         day = 1U;
 532              		.loc 1 1857 9 is_stmt 1 view .LVU160
1857:Drivers/STM32F1xx_HAL_Driver/Src/stm32f1xx_hal_rtc.c ****         day = 1U;
 533              		.loc 1 1857 14 is_stmt 0 view .LVU161
 534 006e 0135     		adds	r5, r5, #1
 535              	.LVL57:
1858:Drivers/STM32F1xx_HAL_Driver/Src/stm32f1xx_hal_rtc.c ****       }
 536              		.loc 1 1858 9 is_stmt 1 view .LVU162
1858:Drivers/STM32F1xx_HAL_Driver/Src/stm32f1xx_hal_rtc.c ****       }
 537              		.loc 1 1858 13 is_stmt 0 view .LVU163
 538 0070 0126     		movs	r6, #1
 539 0072 D2E7     		b	.L24
 540              	.LVL58:
 541              	.L37:
1845:Drivers/STM32F1xx_HAL_Driver/Src/stm32f1xx_hal_rtc.c ****         {
 542              		.loc 1 1845 9 is_stmt 1 view .LVU164
1845:Drivers/STM32F1xx_HAL_Driver/Src/stm32f1xx_hal_rtc.c ****         {
 543              		.loc 1 1845 13 is_stmt 0 view .LVU165
 544 0074 1FFA88F0 		uxth	r0, r8
 545 0078 FFF7FEFF 		bl	RTC_IsLeapYear
 546              	.LVL59:
1845:Drivers/STM32F1xx_HAL_Driver/Src/stm32f1xx_hal_rtc.c ****         {
 547              		.loc 1 1845 12 discriminator 1 view .LVU166
 548 007c 08B1     		cbz	r0, .L33
1847:Drivers/STM32F1xx_HAL_Driver/Src/stm32f1xx_hal_rtc.c ****         }
 549              		.loc 1 1847 11 is_stmt 1 view .LVU167
1847:Drivers/STM32F1xx_HAL_Driver/Src/stm32f1xx_hal_rtc.c ****         }
 550              		.loc 1 1847 14 is_stmt 0 view .LVU168
 551 007e 0136     		adds	r6, r6, #1
 552              	.LVL60:
1847:Drivers/STM32F1xx_HAL_Driver/Src/stm32f1xx_hal_rtc.c ****         }
 553              		.loc 1 1847 14 view .LVU169
 554 0080 CBE7     		b	.L24
 555              	.L33:
1851:Drivers/STM32F1xx_HAL_Driver/Src/stm32f1xx_hal_rtc.c ****           day = 1U;
 556              		.loc 1 1851 11 is_stmt 1 view .LVU170
1851:Drivers/STM32F1xx_HAL_Driver/Src/stm32f1xx_hal_rtc.c ****           day = 1U;
 557              		.loc 1 1851 16 is_stmt 0 view .LVU171
ARM GAS  /tmp/ccLN6BmF.s 			page 46


 558 0082 0135     		adds	r5, r5, #1
 559              	.LVL61:
1852:Drivers/STM32F1xx_HAL_Driver/Src/stm32f1xx_hal_rtc.c ****         }
 560              		.loc 1 1852 11 is_stmt 1 view .LVU172
1852:Drivers/STM32F1xx_HAL_Driver/Src/stm32f1xx_hal_rtc.c ****         }
 561              		.loc 1 1852 15 is_stmt 0 view .LVU173
 562 0084 0126     		movs	r6, #1
 563 0086 C8E7     		b	.L24
 564              	.LVL62:
 565              	.L36:
1864:Drivers/STM32F1xx_HAL_Driver/Src/stm32f1xx_hal_rtc.c **** 
 566              		.loc 1 1864 3 is_stmt 1 view .LVU174
1864:Drivers/STM32F1xx_HAL_Driver/Src/stm32f1xx_hal_rtc.c **** 
 567              		.loc 1 1864 27 is_stmt 0 view .LVU175
 568 0088 87F80F80 		strb	r8, [r7, #15]
1867:Drivers/STM32F1xx_HAL_Driver/Src/stm32f1xx_hal_rtc.c ****   hrtc->DateToUpdate.Date = day;
 569              		.loc 1 1867 3 is_stmt 1 view .LVU176
1867:Drivers/STM32F1xx_HAL_Driver/Src/stm32f1xx_hal_rtc.c ****   hrtc->DateToUpdate.Date = day;
 570              		.loc 1 1867 28 is_stmt 0 view .LVU177
 571 008c E9B2     		uxtb	r1, r5
 572 008e 7973     		strb	r1, [r7, #13]
1868:Drivers/STM32F1xx_HAL_Driver/Src/stm32f1xx_hal_rtc.c **** 
 573              		.loc 1 1868 3 is_stmt 1 view .LVU178
1868:Drivers/STM32F1xx_HAL_Driver/Src/stm32f1xx_hal_rtc.c **** 
 574              		.loc 1 1868 27 is_stmt 0 view .LVU179
 575 0090 F2B2     		uxtb	r2, r6
 576 0092 BA73     		strb	r2, [r7, #14]
1871:Drivers/STM32F1xx_HAL_Driver/Src/stm32f1xx_hal_rtc.c **** }
 577              		.loc 1 1871 3 is_stmt 1 view .LVU180
1871:Drivers/STM32F1xx_HAL_Driver/Src/stm32f1xx_hal_rtc.c **** }
 578              		.loc 1 1871 32 is_stmt 0 view .LVU181
 579 0094 4046     		mov	r0, r8
 580 0096 FFF7FEFF 		bl	RTC_WeekDayNum
 581              	.LVL63:
1871:Drivers/STM32F1xx_HAL_Driver/Src/stm32f1xx_hal_rtc.c **** }
 582              		.loc 1 1871 30 discriminator 1 view .LVU182
 583 009a 3873     		strb	r0, [r7, #12]
1872:Drivers/STM32F1xx_HAL_Driver/Src/stm32f1xx_hal_rtc.c **** 
 584              		.loc 1 1872 1 view .LVU183
 585 009c BDE8F883 		pop	{r3, r4, r5, r6, r7, r8, r9, pc}
1872:Drivers/STM32F1xx_HAL_Driver/Src/stm32f1xx_hal_rtc.c **** 
 586              		.loc 1 1872 1 view .LVU184
 587              		.cfi_endproc
 588              	.LFE90:
 590              		.section	.text.RTC_EnterInitMode,"ax",%progbits
 591              		.align	1
 592              		.syntax unified
 593              		.thumb
 594              		.thumb_func
 596              	RTC_EnterInitMode:
 597              	.LVL64:
 598              	.LFB86:
1702:Drivers/STM32F1xx_HAL_Driver/Src/stm32f1xx_hal_rtc.c ****   uint32_t tickstart = 0U;
 599              		.loc 1 1702 1 is_stmt 1 view -0
 600              		.cfi_startproc
 601              		@ args = 0, pretend = 0, frame = 0
 602              		@ frame_needed = 0, uses_anonymous_args = 0
ARM GAS  /tmp/ccLN6BmF.s 			page 47


1702:Drivers/STM32F1xx_HAL_Driver/Src/stm32f1xx_hal_rtc.c ****   uint32_t tickstart = 0U;
 603              		.loc 1 1702 1 is_stmt 0 view .LVU186
 604 0000 38B5     		push	{r3, r4, r5, lr}
 605              	.LCFI2:
 606              		.cfi_def_cfa_offset 16
 607              		.cfi_offset 3, -16
 608              		.cfi_offset 4, -12
 609              		.cfi_offset 5, -8
 610              		.cfi_offset 14, -4
 611 0002 0446     		mov	r4, r0
1703:Drivers/STM32F1xx_HAL_Driver/Src/stm32f1xx_hal_rtc.c **** 
 612              		.loc 1 1703 3 is_stmt 1 view .LVU187
 613              	.LVL65:
1705:Drivers/STM32F1xx_HAL_Driver/Src/stm32f1xx_hal_rtc.c ****   /* Wait till RTC is in INIT state and if Time out is reached exit */
 614              		.loc 1 1705 3 view .LVU188
1705:Drivers/STM32F1xx_HAL_Driver/Src/stm32f1xx_hal_rtc.c ****   /* Wait till RTC is in INIT state and if Time out is reached exit */
 615              		.loc 1 1705 15 is_stmt 0 view .LVU189
 616 0004 FFF7FEFF 		bl	HAL_GetTick
 617              	.LVL66:
1705:Drivers/STM32F1xx_HAL_Driver/Src/stm32f1xx_hal_rtc.c ****   /* Wait till RTC is in INIT state and if Time out is reached exit */
 618              		.loc 1 1705 15 view .LVU190
 619 0008 0546     		mov	r5, r0
 620              	.LVL67:
1707:Drivers/STM32F1xx_HAL_Driver/Src/stm32f1xx_hal_rtc.c ****   {
 621              		.loc 1 1707 3 is_stmt 1 view .LVU191
 622              	.L39:
1707:Drivers/STM32F1xx_HAL_Driver/Src/stm32f1xx_hal_rtc.c ****   {
 623              		.loc 1 1707 48 view .LVU192
1707:Drivers/STM32F1xx_HAL_Driver/Src/stm32f1xx_hal_rtc.c ****   {
 624              		.loc 1 1707 15 is_stmt 0 view .LVU193
 625 000a 2368     		ldr	r3, [r4]
1707:Drivers/STM32F1xx_HAL_Driver/Src/stm32f1xx_hal_rtc.c ****   {
 626              		.loc 1 1707 25 view .LVU194
 627 000c 5A68     		ldr	r2, [r3, #4]
1707:Drivers/STM32F1xx_HAL_Driver/Src/stm32f1xx_hal_rtc.c ****   {
 628              		.loc 1 1707 48 view .LVU195
 629 000e 12F0200F 		tst	r2, #32
 630 0012 07D1     		bne	.L44
1709:Drivers/STM32F1xx_HAL_Driver/Src/stm32f1xx_hal_rtc.c ****     {
 631              		.loc 1 1709 5 is_stmt 1 view .LVU196
1709:Drivers/STM32F1xx_HAL_Driver/Src/stm32f1xx_hal_rtc.c ****     {
 632              		.loc 1 1709 10 is_stmt 0 view .LVU197
 633 0014 FFF7FEFF 		bl	HAL_GetTick
 634              	.LVL68:
1709:Drivers/STM32F1xx_HAL_Driver/Src/stm32f1xx_hal_rtc.c ****     {
 635              		.loc 1 1709 24 discriminator 1 view .LVU198
 636 0018 401B     		subs	r0, r0, r5
1709:Drivers/STM32F1xx_HAL_Driver/Src/stm32f1xx_hal_rtc.c ****     {
 637              		.loc 1 1709 8 discriminator 1 view .LVU199
 638 001a B0F57A7F 		cmp	r0, #1000
 639 001e F4D9     		bls	.L39
1711:Drivers/STM32F1xx_HAL_Driver/Src/stm32f1xx_hal_rtc.c ****     }
 640              		.loc 1 1711 14 view .LVU200
 641 0020 0320     		movs	r0, #3
 642 0022 04E0     		b	.L40
 643              	.L44:
1716:Drivers/STM32F1xx_HAL_Driver/Src/stm32f1xx_hal_rtc.c **** 
ARM GAS  /tmp/ccLN6BmF.s 			page 48


 644              		.loc 1 1716 3 is_stmt 1 view .LVU201
 645 0024 5A68     		ldr	r2, [r3, #4]
 646 0026 42F01002 		orr	r2, r2, #16
 647 002a 5A60     		str	r2, [r3, #4]
1719:Drivers/STM32F1xx_HAL_Driver/Src/stm32f1xx_hal_rtc.c **** }
 648              		.loc 1 1719 3 view .LVU202
1719:Drivers/STM32F1xx_HAL_Driver/Src/stm32f1xx_hal_rtc.c **** }
 649              		.loc 1 1719 10 is_stmt 0 view .LVU203
 650 002c 0020     		movs	r0, #0
 651              	.L40:
1720:Drivers/STM32F1xx_HAL_Driver/Src/stm32f1xx_hal_rtc.c **** 
 652              		.loc 1 1720 1 view .LVU204
 653 002e 38BD     		pop	{r3, r4, r5, pc}
1720:Drivers/STM32F1xx_HAL_Driver/Src/stm32f1xx_hal_rtc.c **** 
 654              		.loc 1 1720 1 view .LVU205
 655              		.cfi_endproc
 656              	.LFE86:
 658              		.section	.text.RTC_ExitInitMode,"ax",%progbits
 659              		.align	1
 660              		.syntax unified
 661              		.thumb
 662              		.thumb_func
 664              	RTC_ExitInitMode:
 665              	.LVL69:
 666              	.LFB87:
1729:Drivers/STM32F1xx_HAL_Driver/Src/stm32f1xx_hal_rtc.c ****   uint32_t tickstart = 0U;
 667              		.loc 1 1729 1 is_stmt 1 view -0
 668              		.cfi_startproc
 669              		@ args = 0, pretend = 0, frame = 0
 670              		@ frame_needed = 0, uses_anonymous_args = 0
1729:Drivers/STM32F1xx_HAL_Driver/Src/stm32f1xx_hal_rtc.c ****   uint32_t tickstart = 0U;
 671              		.loc 1 1729 1 is_stmt 0 view .LVU207
 672 0000 38B5     		push	{r3, r4, r5, lr}
 673              	.LCFI3:
 674              		.cfi_def_cfa_offset 16
 675              		.cfi_offset 3, -16
 676              		.cfi_offset 4, -12
 677              		.cfi_offset 5, -8
 678              		.cfi_offset 14, -4
 679 0002 0446     		mov	r4, r0
1730:Drivers/STM32F1xx_HAL_Driver/Src/stm32f1xx_hal_rtc.c **** 
 680              		.loc 1 1730 3 is_stmt 1 view .LVU208
 681              	.LVL70:
1733:Drivers/STM32F1xx_HAL_Driver/Src/stm32f1xx_hal_rtc.c **** 
 682              		.loc 1 1733 3 view .LVU209
 683 0004 0268     		ldr	r2, [r0]
 684 0006 5368     		ldr	r3, [r2, #4]
 685 0008 23F01003 		bic	r3, r3, #16
 686 000c 5360     		str	r3, [r2, #4]
1735:Drivers/STM32F1xx_HAL_Driver/Src/stm32f1xx_hal_rtc.c ****   /* Wait till RTC is in INIT state and if Time out is reached exit */
 687              		.loc 1 1735 3 view .LVU210
1735:Drivers/STM32F1xx_HAL_Driver/Src/stm32f1xx_hal_rtc.c ****   /* Wait till RTC is in INIT state and if Time out is reached exit */
 688              		.loc 1 1735 15 is_stmt 0 view .LVU211
 689 000e FFF7FEFF 		bl	HAL_GetTick
 690              	.LVL71:
1735:Drivers/STM32F1xx_HAL_Driver/Src/stm32f1xx_hal_rtc.c ****   /* Wait till RTC is in INIT state and if Time out is reached exit */
 691              		.loc 1 1735 15 view .LVU212
ARM GAS  /tmp/ccLN6BmF.s 			page 49


 692 0012 0546     		mov	r5, r0
 693              	.LVL72:
1737:Drivers/STM32F1xx_HAL_Driver/Src/stm32f1xx_hal_rtc.c ****   {
 694              		.loc 1 1737 3 is_stmt 1 view .LVU213
 695              	.L46:
1737:Drivers/STM32F1xx_HAL_Driver/Src/stm32f1xx_hal_rtc.c ****   {
 696              		.loc 1 1737 48 view .LVU214
1737:Drivers/STM32F1xx_HAL_Driver/Src/stm32f1xx_hal_rtc.c ****   {
 697              		.loc 1 1737 15 is_stmt 0 view .LVU215
 698 0014 2368     		ldr	r3, [r4]
1737:Drivers/STM32F1xx_HAL_Driver/Src/stm32f1xx_hal_rtc.c ****   {
 699              		.loc 1 1737 25 view .LVU216
 700 0016 5B68     		ldr	r3, [r3, #4]
1737:Drivers/STM32F1xx_HAL_Driver/Src/stm32f1xx_hal_rtc.c ****   {
 701              		.loc 1 1737 48 view .LVU217
 702 0018 13F0200F 		tst	r3, #32
 703 001c 07D1     		bne	.L51
1739:Drivers/STM32F1xx_HAL_Driver/Src/stm32f1xx_hal_rtc.c ****     {
 704              		.loc 1 1739 5 is_stmt 1 view .LVU218
1739:Drivers/STM32F1xx_HAL_Driver/Src/stm32f1xx_hal_rtc.c ****     {
 705              		.loc 1 1739 10 is_stmt 0 view .LVU219
 706 001e FFF7FEFF 		bl	HAL_GetTick
 707              	.LVL73:
1739:Drivers/STM32F1xx_HAL_Driver/Src/stm32f1xx_hal_rtc.c ****     {
 708              		.loc 1 1739 24 discriminator 1 view .LVU220
 709 0022 401B     		subs	r0, r0, r5
1739:Drivers/STM32F1xx_HAL_Driver/Src/stm32f1xx_hal_rtc.c ****     {
 710              		.loc 1 1739 8 discriminator 1 view .LVU221
 711 0024 B0F57A7F 		cmp	r0, #1000
 712 0028 F4D9     		bls	.L46
1741:Drivers/STM32F1xx_HAL_Driver/Src/stm32f1xx_hal_rtc.c ****     }
 713              		.loc 1 1741 14 view .LVU222
 714 002a 0320     		movs	r0, #3
 715 002c 00E0     		b	.L47
 716              	.L51:
1745:Drivers/STM32F1xx_HAL_Driver/Src/stm32f1xx_hal_rtc.c **** }
 717              		.loc 1 1745 10 view .LVU223
 718 002e 0020     		movs	r0, #0
 719              	.L47:
1746:Drivers/STM32F1xx_HAL_Driver/Src/stm32f1xx_hal_rtc.c **** 
 720              		.loc 1 1746 1 view .LVU224
 721 0030 38BD     		pop	{r3, r4, r5, pc}
1746:Drivers/STM32F1xx_HAL_Driver/Src/stm32f1xx_hal_rtc.c **** 
 722              		.loc 1 1746 1 view .LVU225
 723              		.cfi_endproc
 724              	.LFE87:
 726              		.section	.text.RTC_WriteTimeCounter,"ax",%progbits
 727              		.align	1
 728              		.syntax unified
 729              		.thumb
 730              		.thumb_func
 732              	RTC_WriteTimeCounter:
 733              	.LVL74:
 734              	.LFB83:
1621:Drivers/STM32F1xx_HAL_Driver/Src/stm32f1xx_hal_rtc.c ****   HAL_StatusTypeDef status = HAL_OK;
 735              		.loc 1 1621 1 is_stmt 1 view -0
 736              		.cfi_startproc
ARM GAS  /tmp/ccLN6BmF.s 			page 50


 737              		@ args = 0, pretend = 0, frame = 0
 738              		@ frame_needed = 0, uses_anonymous_args = 0
1621:Drivers/STM32F1xx_HAL_Driver/Src/stm32f1xx_hal_rtc.c ****   HAL_StatusTypeDef status = HAL_OK;
 739              		.loc 1 1621 1 is_stmt 0 view .LVU227
 740 0000 38B5     		push	{r3, r4, r5, lr}
 741              	.LCFI4:
 742              		.cfi_def_cfa_offset 16
 743              		.cfi_offset 3, -16
 744              		.cfi_offset 4, -12
 745              		.cfi_offset 5, -8
 746              		.cfi_offset 14, -4
 747 0002 0546     		mov	r5, r0
 748 0004 0C46     		mov	r4, r1
1622:Drivers/STM32F1xx_HAL_Driver/Src/stm32f1xx_hal_rtc.c **** 
 749              		.loc 1 1622 3 is_stmt 1 view .LVU228
 750              	.LVL75:
1625:Drivers/STM32F1xx_HAL_Driver/Src/stm32f1xx_hal_rtc.c ****   {
 751              		.loc 1 1625 3 view .LVU229
1625:Drivers/STM32F1xx_HAL_Driver/Src/stm32f1xx_hal_rtc.c ****   {
 752              		.loc 1 1625 7 is_stmt 0 view .LVU230
 753 0006 FFF7FEFF 		bl	RTC_EnterInitMode
 754              	.LVL76:
1625:Drivers/STM32F1xx_HAL_Driver/Src/stm32f1xx_hal_rtc.c ****   {
 755              		.loc 1 1625 6 discriminator 1 view .LVU231
 756 000a 08B1     		cbz	r0, .L57
1627:Drivers/STM32F1xx_HAL_Driver/Src/stm32f1xx_hal_rtc.c ****   }
 757              		.loc 1 1627 12 view .LVU232
 758 000c 0120     		movs	r0, #1
 759              	.LVL77:
 760              	.L53:
1643:Drivers/STM32F1xx_HAL_Driver/Src/stm32f1xx_hal_rtc.c **** }
 761              		.loc 1 1643 3 is_stmt 1 view .LVU233
1644:Drivers/STM32F1xx_HAL_Driver/Src/stm32f1xx_hal_rtc.c **** 
 762              		.loc 1 1644 1 is_stmt 0 view .LVU234
 763 000e 38BD     		pop	{r3, r4, r5, pc}
 764              	.LVL78:
 765              	.L57:
1632:Drivers/STM32F1xx_HAL_Driver/Src/stm32f1xx_hal_rtc.c ****     /* Set RTC COUNTER LSB word */
 766              		.loc 1 1632 5 is_stmt 1 view .LVU235
 767 0010 2B68     		ldr	r3, [r5]
 768 0012 220C     		lsrs	r2, r4, #16
 769 0014 9A61     		str	r2, [r3, #24]
1634:Drivers/STM32F1xx_HAL_Driver/Src/stm32f1xx_hal_rtc.c **** 
 770              		.loc 1 1634 5 view .LVU236
 771 0016 2B68     		ldr	r3, [r5]
 772 0018 A4B2     		uxth	r4, r4
 773              	.LVL79:
1634:Drivers/STM32F1xx_HAL_Driver/Src/stm32f1xx_hal_rtc.c **** 
 774              		.loc 1 1634 5 is_stmt 0 view .LVU237
 775 001a DC61     		str	r4, [r3, #28]
1637:Drivers/STM32F1xx_HAL_Driver/Src/stm32f1xx_hal_rtc.c ****     {
 776              		.loc 1 1637 5 is_stmt 1 view .LVU238
1637:Drivers/STM32F1xx_HAL_Driver/Src/stm32f1xx_hal_rtc.c ****     {
 777              		.loc 1 1637 9 is_stmt 0 view .LVU239
 778 001c 2846     		mov	r0, r5
 779 001e FFF7FEFF 		bl	RTC_ExitInitMode
 780              	.LVL80:
ARM GAS  /tmp/ccLN6BmF.s 			page 51


1637:Drivers/STM32F1xx_HAL_Driver/Src/stm32f1xx_hal_rtc.c ****     {
 781              		.loc 1 1637 8 discriminator 1 view .LVU240
 782 0022 0028     		cmp	r0, #0
 783 0024 F3D0     		beq	.L53
1639:Drivers/STM32F1xx_HAL_Driver/Src/stm32f1xx_hal_rtc.c ****     }
 784              		.loc 1 1639 14 view .LVU241
 785 0026 0120     		movs	r0, #1
 786 0028 F1E7     		b	.L53
 787              		.cfi_endproc
 788              	.LFE83:
 790              		.section	.text.RTC_WriteAlarmCounter,"ax",%progbits
 791              		.align	1
 792              		.syntax unified
 793              		.thumb
 794              		.thumb_func
 796              	RTC_WriteAlarmCounter:
 797              	.LVL81:
 798              	.LFB85:
1670:Drivers/STM32F1xx_HAL_Driver/Src/stm32f1xx_hal_rtc.c ****   HAL_StatusTypeDef status = HAL_OK;
 799              		.loc 1 1670 1 is_stmt 1 view -0
 800              		.cfi_startproc
 801              		@ args = 0, pretend = 0, frame = 0
 802              		@ frame_needed = 0, uses_anonymous_args = 0
1670:Drivers/STM32F1xx_HAL_Driver/Src/stm32f1xx_hal_rtc.c ****   HAL_StatusTypeDef status = HAL_OK;
 803              		.loc 1 1670 1 is_stmt 0 view .LVU243
 804 0000 38B5     		push	{r3, r4, r5, lr}
 805              	.LCFI5:
 806              		.cfi_def_cfa_offset 16
 807              		.cfi_offset 3, -16
 808              		.cfi_offset 4, -12
 809              		.cfi_offset 5, -8
 810              		.cfi_offset 14, -4
 811 0002 0546     		mov	r5, r0
 812 0004 0C46     		mov	r4, r1
1671:Drivers/STM32F1xx_HAL_Driver/Src/stm32f1xx_hal_rtc.c **** 
 813              		.loc 1 1671 3 is_stmt 1 view .LVU244
 814              	.LVL82:
1674:Drivers/STM32F1xx_HAL_Driver/Src/stm32f1xx_hal_rtc.c ****   {
 815              		.loc 1 1674 3 view .LVU245
1674:Drivers/STM32F1xx_HAL_Driver/Src/stm32f1xx_hal_rtc.c ****   {
 816              		.loc 1 1674 7 is_stmt 0 view .LVU246
 817 0006 FFF7FEFF 		bl	RTC_EnterInitMode
 818              	.LVL83:
1674:Drivers/STM32F1xx_HAL_Driver/Src/stm32f1xx_hal_rtc.c ****   {
 819              		.loc 1 1674 6 discriminator 1 view .LVU247
 820 000a 08B1     		cbz	r0, .L63
1676:Drivers/STM32F1xx_HAL_Driver/Src/stm32f1xx_hal_rtc.c ****   }
 821              		.loc 1 1676 12 view .LVU248
 822 000c 0120     		movs	r0, #1
 823              	.LVL84:
 824              	.L59:
1692:Drivers/STM32F1xx_HAL_Driver/Src/stm32f1xx_hal_rtc.c **** }
 825              		.loc 1 1692 3 is_stmt 1 view .LVU249
1693:Drivers/STM32F1xx_HAL_Driver/Src/stm32f1xx_hal_rtc.c **** 
 826              		.loc 1 1693 1 is_stmt 0 view .LVU250
 827 000e 38BD     		pop	{r3, r4, r5, pc}
 828              	.LVL85:
ARM GAS  /tmp/ccLN6BmF.s 			page 52


 829              	.L63:
1681:Drivers/STM32F1xx_HAL_Driver/Src/stm32f1xx_hal_rtc.c ****     /* Set RTC COUNTER LSB word */
 830              		.loc 1 1681 5 is_stmt 1 view .LVU251
 831 0010 2B68     		ldr	r3, [r5]
 832 0012 220C     		lsrs	r2, r4, #16
 833 0014 1A62     		str	r2, [r3, #32]
1683:Drivers/STM32F1xx_HAL_Driver/Src/stm32f1xx_hal_rtc.c **** 
 834              		.loc 1 1683 5 view .LVU252
 835 0016 2B68     		ldr	r3, [r5]
 836 0018 A4B2     		uxth	r4, r4
 837              	.LVL86:
1683:Drivers/STM32F1xx_HAL_Driver/Src/stm32f1xx_hal_rtc.c **** 
 838              		.loc 1 1683 5 is_stmt 0 view .LVU253
 839 001a 5C62     		str	r4, [r3, #36]
1686:Drivers/STM32F1xx_HAL_Driver/Src/stm32f1xx_hal_rtc.c ****     {
 840              		.loc 1 1686 5 is_stmt 1 view .LVU254
1686:Drivers/STM32F1xx_HAL_Driver/Src/stm32f1xx_hal_rtc.c ****     {
 841              		.loc 1 1686 9 is_stmt 0 view .LVU255
 842 001c 2846     		mov	r0, r5
 843 001e FFF7FEFF 		bl	RTC_ExitInitMode
 844              	.LVL87:
1686:Drivers/STM32F1xx_HAL_Driver/Src/stm32f1xx_hal_rtc.c ****     {
 845              		.loc 1 1686 8 discriminator 1 view .LVU256
 846 0022 0028     		cmp	r0, #0
 847 0024 F3D0     		beq	.L59
1688:Drivers/STM32F1xx_HAL_Driver/Src/stm32f1xx_hal_rtc.c ****     }
 848              		.loc 1 1688 14 view .LVU257
 849 0026 0120     		movs	r0, #1
 850 0028 F1E7     		b	.L59
 851              		.cfi_endproc
 852              	.LFE85:
 854              		.section	.text.HAL_RTC_MspInit,"ax",%progbits
 855              		.align	1
 856              		.weak	HAL_RTC_MspInit
 857              		.syntax unified
 858              		.thumb
 859              		.thumb_func
 861              	HAL_RTC_MspInit:
 862              	.LVL88:
 863              	.LFB67:
 652:Drivers/STM32F1xx_HAL_Driver/Src/stm32f1xx_hal_rtc.c ****   /* Prevent unused argument(s) compilation warning */
 864              		.loc 1 652 1 is_stmt 1 view -0
 865              		.cfi_startproc
 866              		@ args = 0, pretend = 0, frame = 0
 867              		@ frame_needed = 0, uses_anonymous_args = 0
 868              		@ link register save eliminated.
 654:Drivers/STM32F1xx_HAL_Driver/Src/stm32f1xx_hal_rtc.c ****   /* NOTE : This function Should not be modified, when the callback is needed,
 869              		.loc 1 654 3 view .LVU259
 658:Drivers/STM32F1xx_HAL_Driver/Src/stm32f1xx_hal_rtc.c **** 
 870              		.loc 1 658 1 is_stmt 0 view .LVU260
 871 0000 7047     		bx	lr
 872              		.cfi_endproc
 873              	.LFE67:
 875              		.section	.text.HAL_RTC_MspDeInit,"ax",%progbits
 876              		.align	1
 877              		.weak	HAL_RTC_MspDeInit
 878              		.syntax unified
ARM GAS  /tmp/ccLN6BmF.s 			page 53


 879              		.thumb
 880              		.thumb_func
 882              	HAL_RTC_MspDeInit:
 883              	.LVL89:
 884              	.LFB68:
 667:Drivers/STM32F1xx_HAL_Driver/Src/stm32f1xx_hal_rtc.c ****   /* Prevent unused argument(s) compilation warning */
 885              		.loc 1 667 1 is_stmt 1 view -0
 886              		.cfi_startproc
 887              		@ args = 0, pretend = 0, frame = 0
 888              		@ frame_needed = 0, uses_anonymous_args = 0
 889              		@ link register save eliminated.
 669:Drivers/STM32F1xx_HAL_Driver/Src/stm32f1xx_hal_rtc.c ****   /* NOTE : This function Should not be modified, when the callback is needed,
 890              		.loc 1 669 3 view .LVU262
 673:Drivers/STM32F1xx_HAL_Driver/Src/stm32f1xx_hal_rtc.c **** 
 891              		.loc 1 673 1 is_stmt 0 view .LVU263
 892 0000 7047     		bx	lr
 893              		.cfi_endproc
 894              	.LFE68:
 896              		.section	.text.HAL_RTC_SetTime,"ax",%progbits
 897              		.align	1
 898              		.global	HAL_RTC_SetTime
 899              		.syntax unified
 900              		.thumb
 901              		.thumb_func
 903              	HAL_RTC_SetTime:
 904              	.LVL90:
 905              	.LFB69:
 705:Drivers/STM32F1xx_HAL_Driver/Src/stm32f1xx_hal_rtc.c ****   uint32_t counter_time = 0U, counter_alarm = 0U;
 906              		.loc 1 705 1 is_stmt 1 view -0
 907              		.cfi_startproc
 908              		@ args = 0, pretend = 0, frame = 0
 909              		@ frame_needed = 0, uses_anonymous_args = 0
 705:Drivers/STM32F1xx_HAL_Driver/Src/stm32f1xx_hal_rtc.c ****   uint32_t counter_time = 0U, counter_alarm = 0U;
 910              		.loc 1 705 1 is_stmt 0 view .LVU265
 911 0000 70B5     		push	{r4, r5, r6, lr}
 912              	.LCFI6:
 913              		.cfi_def_cfa_offset 16
 914              		.cfi_offset 4, -16
 915              		.cfi_offset 5, -12
 916              		.cfi_offset 6, -8
 917              		.cfi_offset 14, -4
 706:Drivers/STM32F1xx_HAL_Driver/Src/stm32f1xx_hal_rtc.c **** 
 918              		.loc 1 706 3 is_stmt 1 view .LVU266
 919              	.LVL91:
 709:Drivers/STM32F1xx_HAL_Driver/Src/stm32f1xx_hal_rtc.c ****   {
 920              		.loc 1 709 3 view .LVU267
 709:Drivers/STM32F1xx_HAL_Driver/Src/stm32f1xx_hal_rtc.c ****   {
 921              		.loc 1 709 6 is_stmt 0 view .LVU268
 922 0002 0028     		cmp	r0, #0
 923 0004 57D0     		beq	.L72
 924 0006 0D46     		mov	r5, r1
 925 0008 0646     		mov	r6, r0
 709:Drivers/STM32F1xx_HAL_Driver/Src/stm32f1xx_hal_rtc.c ****   {
 926              		.loc 1 709 22 discriminator 1 view .LVU269
 927 000a 0029     		cmp	r1, #0
 928 000c 55D0     		beq	.L73
 715:Drivers/STM32F1xx_HAL_Driver/Src/stm32f1xx_hal_rtc.c **** 
ARM GAS  /tmp/ccLN6BmF.s 			page 54


 929              		.loc 1 715 3 is_stmt 1 view .LVU270
 718:Drivers/STM32F1xx_HAL_Driver/Src/stm32f1xx_hal_rtc.c **** 
 930              		.loc 1 718 3 view .LVU271
 718:Drivers/STM32F1xx_HAL_Driver/Src/stm32f1xx_hal_rtc.c **** 
 931              		.loc 1 718 3 view .LVU272
 932 000e 037C     		ldrb	r3, [r0, #16]	@ zero_extendqisi2
 933 0010 012B     		cmp	r3, #1
 934 0012 54D0     		beq	.L74
 718:Drivers/STM32F1xx_HAL_Driver/Src/stm32f1xx_hal_rtc.c **** 
 935              		.loc 1 718 3 discriminator 2 view .LVU273
 936 0014 0123     		movs	r3, #1
 937 0016 0374     		strb	r3, [r0, #16]
 718:Drivers/STM32F1xx_HAL_Driver/Src/stm32f1xx_hal_rtc.c **** 
 938              		.loc 1 718 3 view .LVU274
 720:Drivers/STM32F1xx_HAL_Driver/Src/stm32f1xx_hal_rtc.c **** 
 939              		.loc 1 720 3 view .LVU275
 720:Drivers/STM32F1xx_HAL_Driver/Src/stm32f1xx_hal_rtc.c **** 
 940              		.loc 1 720 15 is_stmt 0 view .LVU276
 941 0018 0223     		movs	r3, #2
 942 001a 4374     		strb	r3, [r0, #17]
 722:Drivers/STM32F1xx_HAL_Driver/Src/stm32f1xx_hal_rtc.c ****   {
 943              		.loc 1 722 3 is_stmt 1 view .LVU277
 722:Drivers/STM32F1xx_HAL_Driver/Src/stm32f1xx_hal_rtc.c ****   {
 944              		.loc 1 722 6 is_stmt 0 view .LVU278
 945 001c BAB9     		cbnz	r2, .L68
 724:Drivers/STM32F1xx_HAL_Driver/Src/stm32f1xx_hal_rtc.c ****     assert_param(IS_RTC_MINUTES(sTime->Minutes));
 946              		.loc 1 724 5 is_stmt 1 view .LVU279
 725:Drivers/STM32F1xx_HAL_Driver/Src/stm32f1xx_hal_rtc.c ****     assert_param(IS_RTC_SECONDS(sTime->Seconds));
 947              		.loc 1 725 5 view .LVU280
 726:Drivers/STM32F1xx_HAL_Driver/Src/stm32f1xx_hal_rtc.c **** 
 948              		.loc 1 726 5 view .LVU281
 728:Drivers/STM32F1xx_HAL_Driver/Src/stm32f1xx_hal_rtc.c ****                               ((uint32_t)sTime->Minutes * 60U) + \
 949              		.loc 1 728 5 view .LVU282
 728:Drivers/STM32F1xx_HAL_Driver/Src/stm32f1xx_hal_rtc.c ****                               ((uint32_t)sTime->Minutes * 60U) + \
 950              		.loc 1 728 47 is_stmt 0 view .LVU283
 951 001e 0B78     		ldrb	r3, [r1]	@ zero_extendqisi2
 729:Drivers/STM32F1xx_HAL_Driver/Src/stm32f1xx_hal_rtc.c ****                               ((uint32_t)sTime->Seconds));
 952              		.loc 1 729 47 view .LVU284
 953 0020 4C78     		ldrb	r4, [r1, #1]	@ zero_extendqisi2
 729:Drivers/STM32F1xx_HAL_Driver/Src/stm32f1xx_hal_rtc.c ****                               ((uint32_t)sTime->Seconds));
 954              		.loc 1 729 57 view .LVU285
 955 0022 C4EB0414 		rsb	r4, r4, r4, lsl #4
 956 0026 A400     		lsls	r4, r4, #2
 728:Drivers/STM32F1xx_HAL_Driver/Src/stm32f1xx_hal_rtc.c ****                               ((uint32_t)sTime->Minutes * 60U) + \
 957              		.loc 1 728 64 view .LVU286
 958 0028 4FF46162 		mov	r2, #3600
 959              	.LVL92:
 728:Drivers/STM32F1xx_HAL_Driver/Src/stm32f1xx_hal_rtc.c ****                               ((uint32_t)sTime->Minutes * 60U) + \
 960              		.loc 1 728 64 view .LVU287
 961 002c 02FB0344 		mla	r4, r2, r3, r4
 730:Drivers/STM32F1xx_HAL_Driver/Src/stm32f1xx_hal_rtc.c ****   }
 962              		.loc 1 730 47 view .LVU288
 963 0030 8B78     		ldrb	r3, [r1, #2]	@ zero_extendqisi2
 728:Drivers/STM32F1xx_HAL_Driver/Src/stm32f1xx_hal_rtc.c ****                               ((uint32_t)sTime->Minutes * 60U) + \
 964              		.loc 1 728 18 view .LVU289
 965 0032 1C44     		add	r4, r4, r3
 966              	.LVL93:
ARM GAS  /tmp/ccLN6BmF.s 			page 55


 967              	.L69:
 744:Drivers/STM32F1xx_HAL_Driver/Src/stm32f1xx_hal_rtc.c ****   {
 968              		.loc 1 744 3 is_stmt 1 view .LVU290
 744:Drivers/STM32F1xx_HAL_Driver/Src/stm32f1xx_hal_rtc.c ****   {
 969              		.loc 1 744 7 is_stmt 0 view .LVU291
 970 0034 2146     		mov	r1, r4
 971 0036 3046     		mov	r0, r6
 972 0038 FFF7FEFF 		bl	RTC_WriteTimeCounter
 973              	.LVL94:
 744:Drivers/STM32F1xx_HAL_Driver/Src/stm32f1xx_hal_rtc.c ****   {
 974              		.loc 1 744 6 discriminator 1 view .LVU292
 975 003c 0546     		mov	r5, r0
 976              	.LVL95:
 744:Drivers/STM32F1xx_HAL_Driver/Src/stm32f1xx_hal_rtc.c ****   {
 977              		.loc 1 744 6 discriminator 1 view .LVU293
 978 003e C8B1     		cbz	r0, .L70
 747:Drivers/STM32F1xx_HAL_Driver/Src/stm32f1xx_hal_rtc.c **** 
 979              		.loc 1 747 5 is_stmt 1 view .LVU294
 747:Drivers/STM32F1xx_HAL_Driver/Src/stm32f1xx_hal_rtc.c **** 
 980              		.loc 1 747 17 is_stmt 0 view .LVU295
 981 0040 0423     		movs	r3, #4
 982 0042 7374     		strb	r3, [r6, #17]
 750:Drivers/STM32F1xx_HAL_Driver/Src/stm32f1xx_hal_rtc.c **** 
 983              		.loc 1 750 5 is_stmt 1 view .LVU296
 750:Drivers/STM32F1xx_HAL_Driver/Src/stm32f1xx_hal_rtc.c **** 
 984              		.loc 1 750 5 view .LVU297
 985 0044 0023     		movs	r3, #0
 986 0046 3374     		strb	r3, [r6, #16]
 750:Drivers/STM32F1xx_HAL_Driver/Src/stm32f1xx_hal_rtc.c **** 
 987              		.loc 1 750 5 view .LVU298
 752:Drivers/STM32F1xx_HAL_Driver/Src/stm32f1xx_hal_rtc.c ****   }
 988              		.loc 1 752 5 view .LVU299
 752:Drivers/STM32F1xx_HAL_Driver/Src/stm32f1xx_hal_rtc.c ****   }
 989              		.loc 1 752 12 is_stmt 0 view .LVU300
 990 0048 0125     		movs	r5, #1
 991              	.LVL96:
 992              	.L67:
 790:Drivers/STM32F1xx_HAL_Driver/Src/stm32f1xx_hal_rtc.c **** 
 993              		.loc 1 790 1 view .LVU301
 994 004a 2846     		mov	r0, r5
 995 004c 70BD     		pop	{r4, r5, r6, pc}
 996              	.LVL97:
 997              	.L68:
 734:Drivers/STM32F1xx_HAL_Driver/Src/stm32f1xx_hal_rtc.c ****     assert_param(IS_RTC_MINUTES(RTC_Bcd2ToByte(sTime->Minutes)));
 998              		.loc 1 734 5 is_stmt 1 view .LVU302
 735:Drivers/STM32F1xx_HAL_Driver/Src/stm32f1xx_hal_rtc.c ****     assert_param(IS_RTC_SECONDS(RTC_Bcd2ToByte(sTime->Seconds)));
 999              		.loc 1 735 5 view .LVU303
 736:Drivers/STM32F1xx_HAL_Driver/Src/stm32f1xx_hal_rtc.c **** 
 1000              		.loc 1 736 5 view .LVU304
 738:Drivers/STM32F1xx_HAL_Driver/Src/stm32f1xx_hal_rtc.c ****                     ((uint32_t)(RTC_Bcd2ToByte(sTime->Minutes)) * 60U) + \
 1001              		.loc 1 738 5 view .LVU305
 738:Drivers/STM32F1xx_HAL_Driver/Src/stm32f1xx_hal_rtc.c ****                     ((uint32_t)(RTC_Bcd2ToByte(sTime->Minutes)) * 60U) + \
 1002              		.loc 1 738 33 is_stmt 0 view .LVU306
 1003 004e 0878     		ldrb	r0, [r1]	@ zero_extendqisi2
 1004              	.LVL98:
 738:Drivers/STM32F1xx_HAL_Driver/Src/stm32f1xx_hal_rtc.c ****                     ((uint32_t)(RTC_Bcd2ToByte(sTime->Minutes)) * 60U) + \
 1005              		.loc 1 738 33 view .LVU307
ARM GAS  /tmp/ccLN6BmF.s 			page 56


 1006 0050 FFF7FEFF 		bl	RTC_Bcd2ToByte
 1007              	.LVL99:
 738:Drivers/STM32F1xx_HAL_Driver/Src/stm32f1xx_hal_rtc.c ****                     ((uint32_t)(RTC_Bcd2ToByte(sTime->Minutes)) * 60U) + \
 1008              		.loc 1 738 63 discriminator 1 view .LVU308
 1009 0054 4FF46163 		mov	r3, #3600
 1010 0058 03FB00F4 		mul	r4, r3, r0
 739:Drivers/STM32F1xx_HAL_Driver/Src/stm32f1xx_hal_rtc.c ****                     ((uint32_t)(RTC_Bcd2ToByte(sTime->Seconds))));
 1011              		.loc 1 739 33 view .LVU309
 1012 005c 6878     		ldrb	r0, [r5, #1]	@ zero_extendqisi2
 1013 005e FFF7FEFF 		bl	RTC_Bcd2ToByte
 1014              	.LVL100:
 739:Drivers/STM32F1xx_HAL_Driver/Src/stm32f1xx_hal_rtc.c ****                     ((uint32_t)(RTC_Bcd2ToByte(sTime->Seconds))));
 1015              		.loc 1 739 65 discriminator 1 view .LVU310
 1016 0062 C0EB0010 		rsb	r0, r0, r0, lsl #4
 738:Drivers/STM32F1xx_HAL_Driver/Src/stm32f1xx_hal_rtc.c ****                     ((uint32_t)(RTC_Bcd2ToByte(sTime->Minutes)) * 60U) + \
 1017              		.loc 1 738 72 view .LVU311
 1018 0066 04EB8004 		add	r4, r4, r0, lsl #2
 740:Drivers/STM32F1xx_HAL_Driver/Src/stm32f1xx_hal_rtc.c ****   }
 1019              		.loc 1 740 33 view .LVU312
 1020 006a A878     		ldrb	r0, [r5, #2]	@ zero_extendqisi2
 1021 006c FFF7FEFF 		bl	RTC_Bcd2ToByte
 1022              	.LVL101:
 738:Drivers/STM32F1xx_HAL_Driver/Src/stm32f1xx_hal_rtc.c ****                     ((uint32_t)(RTC_Bcd2ToByte(sTime->Minutes)) * 60U) + \
 1023              		.loc 1 738 18 view .LVU313
 1024 0070 0444     		add	r4, r4, r0
 1025 0072 DFE7     		b	.L69
 1026              	.LVL102:
 1027              	.L70:
 757:Drivers/STM32F1xx_HAL_Driver/Src/stm32f1xx_hal_rtc.c **** 
 1028              		.loc 1 757 5 is_stmt 1 view .LVU314
 1029 0074 3268     		ldr	r2, [r6]
 1030 0076 5368     		ldr	r3, [r2, #4]
 1031 0078 23F00503 		bic	r3, r3, #5
 1032 007c 5360     		str	r3, [r2, #4]
 760:Drivers/STM32F1xx_HAL_Driver/Src/stm32f1xx_hal_rtc.c **** 
 1033              		.loc 1 760 5 view .LVU315
 760:Drivers/STM32F1xx_HAL_Driver/Src/stm32f1xx_hal_rtc.c **** 
 1034              		.loc 1 760 21 is_stmt 0 view .LVU316
 1035 007e 3046     		mov	r0, r6
 1036 0080 FFF7FEFF 		bl	RTC_ReadAlarmCounter
 1037              	.LVL103:
 763:Drivers/STM32F1xx_HAL_Driver/Src/stm32f1xx_hal_rtc.c ****     {
 1038              		.loc 1 763 5 is_stmt 1 view .LVU317
 763:Drivers/STM32F1xx_HAL_Driver/Src/stm32f1xx_hal_rtc.c ****     {
 1039              		.loc 1 763 8 is_stmt 0 view .LVU318
 1040 0084 B0F1FF3F 		cmp	r0, #-1
 1041 0088 01D0     		beq	.L71
 765:Drivers/STM32F1xx_HAL_Driver/Src/stm32f1xx_hal_rtc.c ****       {
 1042              		.loc 1 765 7 is_stmt 1 view .LVU319
 765:Drivers/STM32F1xx_HAL_Driver/Src/stm32f1xx_hal_rtc.c ****       {
 1043              		.loc 1 765 10 is_stmt 0 view .LVU320
 1044 008a 8442     		cmp	r4, r0
 1045 008c 04D8     		bhi	.L76
 1046              	.LVL104:
 1047              	.L71:
 784:Drivers/STM32F1xx_HAL_Driver/Src/stm32f1xx_hal_rtc.c **** 
 1048              		.loc 1 784 5 is_stmt 1 view .LVU321
ARM GAS  /tmp/ccLN6BmF.s 			page 57


 784:Drivers/STM32F1xx_HAL_Driver/Src/stm32f1xx_hal_rtc.c **** 
 1049              		.loc 1 784 17 is_stmt 0 view .LVU322
 1050 008e 0123     		movs	r3, #1
 1051 0090 7374     		strb	r3, [r6, #17]
 786:Drivers/STM32F1xx_HAL_Driver/Src/stm32f1xx_hal_rtc.c **** 
 1052              		.loc 1 786 5 is_stmt 1 view .LVU323
 786:Drivers/STM32F1xx_HAL_Driver/Src/stm32f1xx_hal_rtc.c **** 
 1053              		.loc 1 786 5 view .LVU324
 1054 0092 0023     		movs	r3, #0
 1055 0094 3374     		strb	r3, [r6, #16]
 786:Drivers/STM32F1xx_HAL_Driver/Src/stm32f1xx_hal_rtc.c **** 
 1056              		.loc 1 786 5 view .LVU325
 788:Drivers/STM32F1xx_HAL_Driver/Src/stm32f1xx_hal_rtc.c ****   }
 1057              		.loc 1 788 5 view .LVU326
 788:Drivers/STM32F1xx_HAL_Driver/Src/stm32f1xx_hal_rtc.c ****   }
 1058              		.loc 1 788 12 is_stmt 0 view .LVU327
 1059 0096 D8E7     		b	.L67
 1060              	.LVL105:
 1061              	.L76:
 768:Drivers/STM32F1xx_HAL_Driver/Src/stm32f1xx_hal_rtc.c **** 
 1062              		.loc 1 768 9 is_stmt 1 view .LVU328
 771:Drivers/STM32F1xx_HAL_Driver/Src/stm32f1xx_hal_rtc.c ****         {
 1063              		.loc 1 771 9 view .LVU329
 771:Drivers/STM32F1xx_HAL_Driver/Src/stm32f1xx_hal_rtc.c ****         {
 1064              		.loc 1 771 13 is_stmt 0 view .LVU330
 1065 0098 00F5A831 		add	r1, r0, #86016
 1066 009c 01F5C071 		add	r1, r1, #384
 1067 00a0 3046     		mov	r0, r6
 1068              	.LVL106:
 771:Drivers/STM32F1xx_HAL_Driver/Src/stm32f1xx_hal_rtc.c ****         {
 1069              		.loc 1 771 13 view .LVU331
 1070 00a2 FFF7FEFF 		bl	RTC_WriteAlarmCounter
 1071              	.LVL107:
 771:Drivers/STM32F1xx_HAL_Driver/Src/stm32f1xx_hal_rtc.c ****         {
 1072              		.loc 1 771 12 discriminator 1 view .LVU332
 1073 00a6 0028     		cmp	r0, #0
 1074 00a8 F1D0     		beq	.L71
 774:Drivers/STM32F1xx_HAL_Driver/Src/stm32f1xx_hal_rtc.c **** 
 1075              		.loc 1 774 11 is_stmt 1 view .LVU333
 774:Drivers/STM32F1xx_HAL_Driver/Src/stm32f1xx_hal_rtc.c **** 
 1076              		.loc 1 774 23 is_stmt 0 view .LVU334
 1077 00aa 0423     		movs	r3, #4
 1078 00ac 7374     		strb	r3, [r6, #17]
 777:Drivers/STM32F1xx_HAL_Driver/Src/stm32f1xx_hal_rtc.c **** 
 1079              		.loc 1 777 11 is_stmt 1 view .LVU335
 777:Drivers/STM32F1xx_HAL_Driver/Src/stm32f1xx_hal_rtc.c **** 
 1080              		.loc 1 777 11 view .LVU336
 1081 00ae 0023     		movs	r3, #0
 1082 00b0 3374     		strb	r3, [r6, #16]
 777:Drivers/STM32F1xx_HAL_Driver/Src/stm32f1xx_hal_rtc.c **** 
 1083              		.loc 1 777 11 view .LVU337
 779:Drivers/STM32F1xx_HAL_Driver/Src/stm32f1xx_hal_rtc.c ****         }
 1084              		.loc 1 779 11 view .LVU338
 779:Drivers/STM32F1xx_HAL_Driver/Src/stm32f1xx_hal_rtc.c ****         }
 1085              		.loc 1 779 18 is_stmt 0 view .LVU339
 1086 00b2 0125     		movs	r5, #1
 1087 00b4 C9E7     		b	.L67
ARM GAS  /tmp/ccLN6BmF.s 			page 58


 1088              	.LVL108:
 1089              	.L72:
 711:Drivers/STM32F1xx_HAL_Driver/Src/stm32f1xx_hal_rtc.c ****   }
 1090              		.loc 1 711 12 view .LVU340
 1091 00b6 0125     		movs	r5, #1
 1092 00b8 C7E7     		b	.L67
 1093              	.L73:
 711:Drivers/STM32F1xx_HAL_Driver/Src/stm32f1xx_hal_rtc.c ****   }
 1094              		.loc 1 711 12 view .LVU341
 1095 00ba 0125     		movs	r5, #1
 1096 00bc C5E7     		b	.L67
 1097              	.L74:
 718:Drivers/STM32F1xx_HAL_Driver/Src/stm32f1xx_hal_rtc.c **** 
 1098              		.loc 1 718 3 discriminator 1 view .LVU342
 1099 00be 0225     		movs	r5, #2
 1100 00c0 C3E7     		b	.L67
 1101              		.cfi_endproc
 1102              	.LFE69:
 1104              		.section	.text.HAL_RTC_GetTime,"ax",%progbits
 1105              		.align	1
 1106              		.global	HAL_RTC_GetTime
 1107              		.syntax unified
 1108              		.thumb
 1109              		.thumb_func
 1111              	HAL_RTC_GetTime:
 1112              	.LVL109:
 1113              	.LFB70:
 804:Drivers/STM32F1xx_HAL_Driver/Src/stm32f1xx_hal_rtc.c ****   uint32_t counter_time = 0U, counter_alarm = 0U, days_elapsed = 0U, hours = 0U;
 1114              		.loc 1 804 1 is_stmt 1 view -0
 1115              		.cfi_startproc
 1116              		@ args = 0, pretend = 0, frame = 0
 1117              		@ frame_needed = 0, uses_anonymous_args = 0
 805:Drivers/STM32F1xx_HAL_Driver/Src/stm32f1xx_hal_rtc.c **** 
 1118              		.loc 1 805 3 view .LVU344
 808:Drivers/STM32F1xx_HAL_Driver/Src/stm32f1xx_hal_rtc.c ****   {
 1119              		.loc 1 808 3 view .LVU345
 808:Drivers/STM32F1xx_HAL_Driver/Src/stm32f1xx_hal_rtc.c ****   {
 1120              		.loc 1 808 6 is_stmt 0 view .LVU346
 1121 0000 0028     		cmp	r0, #0
 1122 0002 6FD0     		beq	.L84
 804:Drivers/STM32F1xx_HAL_Driver/Src/stm32f1xx_hal_rtc.c ****   uint32_t counter_time = 0U, counter_alarm = 0U, days_elapsed = 0U, hours = 0U;
 1123              		.loc 1 804 1 view .LVU347
 1124 0004 2DE9F843 		push	{r3, r4, r5, r6, r7, r8, r9, lr}
 1125              	.LCFI7:
 1126              		.cfi_def_cfa_offset 32
 1127              		.cfi_offset 3, -32
 1128              		.cfi_offset 4, -28
 1129              		.cfi_offset 5, -24
 1130              		.cfi_offset 6, -20
 1131              		.cfi_offset 7, -16
 1132              		.cfi_offset 8, -12
 1133              		.cfi_offset 9, -8
 1134              		.cfi_offset 14, -4
 1135 0008 0C46     		mov	r4, r1
 1136 000a 1546     		mov	r5, r2
 1137 000c 0746     		mov	r7, r0
 808:Drivers/STM32F1xx_HAL_Driver/Src/stm32f1xx_hal_rtc.c ****   {
ARM GAS  /tmp/ccLN6BmF.s 			page 59


 1138              		.loc 1 808 22 discriminator 1 view .LVU348
 1139 000e 0029     		cmp	r1, #0
 1140 0010 6AD0     		beq	.L85
 814:Drivers/STM32F1xx_HAL_Driver/Src/stm32f1xx_hal_rtc.c **** 
 1141              		.loc 1 814 3 is_stmt 1 view .LVU349
 817:Drivers/STM32F1xx_HAL_Driver/Src/stm32f1xx_hal_rtc.c ****   {
 1142              		.loc 1 817 3 view .LVU350
 817:Drivers/STM32F1xx_HAL_Driver/Src/stm32f1xx_hal_rtc.c ****   {
 1143              		.loc 1 817 7 is_stmt 0 view .LVU351
 1144 0012 0368     		ldr	r3, [r0]
 1145 0014 5B68     		ldr	r3, [r3, #4]
 817:Drivers/STM32F1xx_HAL_Driver/Src/stm32f1xx_hal_rtc.c ****   {
 1146              		.loc 1 817 6 view .LVU352
 1147 0016 13F0040F 		tst	r3, #4
 1148 001a 02D0     		beq	.L96
 819:Drivers/STM32F1xx_HAL_Driver/Src/stm32f1xx_hal_rtc.c ****   }
 1149              		.loc 1 819 12 view .LVU353
 1150 001c 0120     		movs	r0, #1
 1151              	.LVL110:
 1152              	.L78:
 900:Drivers/STM32F1xx_HAL_Driver/Src/stm32f1xx_hal_rtc.c **** 
 1153              		.loc 1 900 1 view .LVU354
 1154 001e BDE8F883 		pop	{r3, r4, r5, r6, r7, r8, r9, pc}
 1155              	.LVL111:
 1156              	.L96:
 823:Drivers/STM32F1xx_HAL_Driver/Src/stm32f1xx_hal_rtc.c **** 
 1157              		.loc 1 823 3 is_stmt 1 view .LVU355
 823:Drivers/STM32F1xx_HAL_Driver/Src/stm32f1xx_hal_rtc.c **** 
 1158              		.loc 1 823 18 is_stmt 0 view .LVU356
 1159 0022 FFF7FEFF 		bl	RTC_ReadTimeCounter
 1160              	.LVL112:
 823:Drivers/STM32F1xx_HAL_Driver/Src/stm32f1xx_hal_rtc.c **** 
 1161              		.loc 1 823 18 view .LVU357
 1162 0026 0646     		mov	r6, r0
 1163              	.LVL113:
 826:Drivers/STM32F1xx_HAL_Driver/Src/stm32f1xx_hal_rtc.c ****   sTime->Minutes  = (uint8_t)((counter_time % 3600U) / 60U);
 1164              		.loc 1 826 3 is_stmt 1 view .LVU358
 826:Drivers/STM32F1xx_HAL_Driver/Src/stm32f1xx_hal_rtc.c ****   sTime->Minutes  = (uint8_t)((counter_time % 3600U) / 60U);
 1165              		.loc 1 826 9 is_stmt 0 view .LVU359
 1166 0028 334B     		ldr	r3, .L99
 1167 002a A3FB0023 		umull	r2, r3, r3, r0
 1168 002e DB0A     		lsrs	r3, r3, #11
 1169              	.LVL114:
 827:Drivers/STM32F1xx_HAL_Driver/Src/stm32f1xx_hal_rtc.c ****   sTime->Seconds  = (uint8_t)((counter_time % 3600U) % 60U);
 1170              		.loc 1 827 3 is_stmt 1 view .LVU360
 827:Drivers/STM32F1xx_HAL_Driver/Src/stm32f1xx_hal_rtc.c ****   sTime->Seconds  = (uint8_t)((counter_time % 3600U) % 60U);
 1171              		.loc 1 827 45 is_stmt 0 view .LVU361
 1172 0030 4FF46162 		mov	r2, #3600
 1173 0034 02FB1302 		mls	r2, r2, r3, r0
 827:Drivers/STM32F1xx_HAL_Driver/Src/stm32f1xx_hal_rtc.c ****   sTime->Seconds  = (uint8_t)((counter_time % 3600U) % 60U);
 1174              		.loc 1 827 54 view .LVU362
 1175 0038 3049     		ldr	r1, .L99+4
 1176 003a A1FB0201 		umull	r0, r1, r1, r2
 1177              	.LVL115:
 827:Drivers/STM32F1xx_HAL_Driver/Src/stm32f1xx_hal_rtc.c ****   sTime->Seconds  = (uint8_t)((counter_time % 3600U) % 60U);
 1178              		.loc 1 827 54 view .LVU363
 1179 003e 4809     		lsrs	r0, r1, #5
ARM GAS  /tmp/ccLN6BmF.s 			page 60


 827:Drivers/STM32F1xx_HAL_Driver/Src/stm32f1xx_hal_rtc.c ****   sTime->Seconds  = (uint8_t)((counter_time % 3600U) % 60U);
 1180              		.loc 1 827 21 view .LVU364
 1181 0040 C1F34711 		ubfx	r1, r1, #5, #8
 827:Drivers/STM32F1xx_HAL_Driver/Src/stm32f1xx_hal_rtc.c ****   sTime->Seconds  = (uint8_t)((counter_time % 3600U) % 60U);
 1182              		.loc 1 827 19 view .LVU365
 1183 0044 6170     		strb	r1, [r4, #1]
 828:Drivers/STM32F1xx_HAL_Driver/Src/stm32f1xx_hal_rtc.c **** 
 1184              		.loc 1 828 3 is_stmt 1 view .LVU366
 828:Drivers/STM32F1xx_HAL_Driver/Src/stm32f1xx_hal_rtc.c **** 
 1185              		.loc 1 828 54 is_stmt 0 view .LVU367
 1186 0046 C0EB0010 		rsb	r0, r0, r0, lsl #4
 1187 004a A2EB8002 		sub	r2, r2, r0, lsl #2
 828:Drivers/STM32F1xx_HAL_Driver/Src/stm32f1xx_hal_rtc.c **** 
 1188              		.loc 1 828 19 view .LVU368
 1189 004e A270     		strb	r2, [r4, #2]
 830:Drivers/STM32F1xx_HAL_Driver/Src/stm32f1xx_hal_rtc.c ****   {
 1190              		.loc 1 830 3 is_stmt 1 view .LVU369
 830:Drivers/STM32F1xx_HAL_Driver/Src/stm32f1xx_hal_rtc.c ****   {
 1191              		.loc 1 830 6 is_stmt 0 view .LVU370
 1192 0050 2B4A     		ldr	r2, .L99+8
 1193 0052 9642     		cmp	r6, r2
 1194 0054 10D8     		bhi	.L97
 887:Drivers/STM32F1xx_HAL_Driver/Src/stm32f1xx_hal_rtc.c ****   }
 1195              		.loc 1 887 5 is_stmt 1 view .LVU371
 887:Drivers/STM32F1xx_HAL_Driver/Src/stm32f1xx_hal_rtc.c ****   }
 1196              		.loc 1 887 18 is_stmt 0 view .LVU372
 1197 0056 2370     		strb	r3, [r4]
 1198              	.LVL116:
 1199              	.L83:
 891:Drivers/STM32F1xx_HAL_Driver/Src/stm32f1xx_hal_rtc.c ****   {
 1200              		.loc 1 891 3 is_stmt 1 view .LVU373
 891:Drivers/STM32F1xx_HAL_Driver/Src/stm32f1xx_hal_rtc.c ****   {
 1201              		.loc 1 891 6 is_stmt 0 view .LVU374
 1202 0058 002D     		cmp	r5, #0
 1203 005a 4BD0     		beq	.L91
 894:Drivers/STM32F1xx_HAL_Driver/Src/stm32f1xx_hal_rtc.c ****     sTime->Minutes  = (uint8_t)RTC_ByteToBcd2(sTime->Minutes);
 1204              		.loc 1 894 5 is_stmt 1 view .LVU375
 894:Drivers/STM32F1xx_HAL_Driver/Src/stm32f1xx_hal_rtc.c ****     sTime->Minutes  = (uint8_t)RTC_ByteToBcd2(sTime->Minutes);
 1205              		.loc 1 894 32 is_stmt 0 view .LVU376
 1206 005c 2078     		ldrb	r0, [r4]	@ zero_extendqisi2
 1207 005e FFF7FEFF 		bl	RTC_ByteToBcd2
 1208              	.LVL117:
 894:Drivers/STM32F1xx_HAL_Driver/Src/stm32f1xx_hal_rtc.c ****     sTime->Minutes  = (uint8_t)RTC_ByteToBcd2(sTime->Minutes);
 1209              		.loc 1 894 21 discriminator 1 view .LVU377
 1210 0062 2070     		strb	r0, [r4]
 895:Drivers/STM32F1xx_HAL_Driver/Src/stm32f1xx_hal_rtc.c ****     sTime->Seconds  = (uint8_t)RTC_ByteToBcd2(sTime->Seconds);
 1211              		.loc 1 895 5 is_stmt 1 view .LVU378
 895:Drivers/STM32F1xx_HAL_Driver/Src/stm32f1xx_hal_rtc.c ****     sTime->Seconds  = (uint8_t)RTC_ByteToBcd2(sTime->Seconds);
 1212              		.loc 1 895 32 is_stmt 0 view .LVU379
 1213 0064 6078     		ldrb	r0, [r4, #1]	@ zero_extendqisi2
 1214 0066 FFF7FEFF 		bl	RTC_ByteToBcd2
 1215              	.LVL118:
 895:Drivers/STM32F1xx_HAL_Driver/Src/stm32f1xx_hal_rtc.c ****     sTime->Seconds  = (uint8_t)RTC_ByteToBcd2(sTime->Seconds);
 1216              		.loc 1 895 21 discriminator 1 view .LVU380
 1217 006a 6070     		strb	r0, [r4, #1]
 896:Drivers/STM32F1xx_HAL_Driver/Src/stm32f1xx_hal_rtc.c ****   }
 1218              		.loc 1 896 5 is_stmt 1 view .LVU381
ARM GAS  /tmp/ccLN6BmF.s 			page 61


 896:Drivers/STM32F1xx_HAL_Driver/Src/stm32f1xx_hal_rtc.c ****   }
 1219              		.loc 1 896 32 is_stmt 0 view .LVU382
 1220 006c A078     		ldrb	r0, [r4, #2]	@ zero_extendqisi2
 1221 006e FFF7FEFF 		bl	RTC_ByteToBcd2
 1222              	.LVL119:
 896:Drivers/STM32F1xx_HAL_Driver/Src/stm32f1xx_hal_rtc.c ****   }
 1223              		.loc 1 896 21 discriminator 1 view .LVU383
 1224 0072 A070     		strb	r0, [r4, #2]
 899:Drivers/STM32F1xx_HAL_Driver/Src/stm32f1xx_hal_rtc.c **** }
 1225              		.loc 1 899 10 view .LVU384
 1226 0074 0020     		movs	r0, #0
 1227 0076 D2E7     		b	.L78
 1228              	.LVL120:
 1229              	.L97:
 833:Drivers/STM32F1xx_HAL_Driver/Src/stm32f1xx_hal_rtc.c **** 
 1230              		.loc 1 833 5 is_stmt 1 view .LVU385
 833:Drivers/STM32F1xx_HAL_Driver/Src/stm32f1xx_hal_rtc.c **** 
 1231              		.loc 1 833 18 is_stmt 0 view .LVU386
 1232 0078 224A     		ldr	r2, .L99+12
 1233 007a A2FB0328 		umull	r2, r8, r2, r3
 1234 007e 4FEA1818 		lsr	r8, r8, #4
 1235              	.LVL121:
 836:Drivers/STM32F1xx_HAL_Driver/Src/stm32f1xx_hal_rtc.c **** 
 1236              		.loc 1 836 5 is_stmt 1 view .LVU387
 836:Drivers/STM32F1xx_HAL_Driver/Src/stm32f1xx_hal_rtc.c **** 
 1237              		.loc 1 836 27 is_stmt 0 view .LVU388
 1238 0082 08EB4802 		add	r2, r8, r8, lsl #1
 1239 0086 A3EBC203 		sub	r3, r3, r2, lsl #3
 1240              	.LVL122:
 836:Drivers/STM32F1xx_HAL_Driver/Src/stm32f1xx_hal_rtc.c **** 
 1241              		.loc 1 836 18 view .LVU389
 1242 008a 2370     		strb	r3, [r4]
 839:Drivers/STM32F1xx_HAL_Driver/Src/stm32f1xx_hal_rtc.c **** 
 1243              		.loc 1 839 5 is_stmt 1 view .LVU390
 839:Drivers/STM32F1xx_HAL_Driver/Src/stm32f1xx_hal_rtc.c **** 
 1244              		.loc 1 839 21 is_stmt 0 view .LVU391
 1245 008c 3846     		mov	r0, r7
 1246 008e FFF7FEFF 		bl	RTC_ReadAlarmCounter
 1247              	.LVL123:
 1248 0092 8146     		mov	r9, r0
 1249              	.LVL124:
 842:Drivers/STM32F1xx_HAL_Driver/Src/stm32f1xx_hal_rtc.c ****     {
 1250              		.loc 1 842 5 is_stmt 1 view .LVU392
 842:Drivers/STM32F1xx_HAL_Driver/Src/stm32f1xx_hal_rtc.c ****     {
 1251              		.loc 1 842 8 is_stmt 0 view .LVU393
 1252 0094 B0F1FF3F 		cmp	r0, #-1
 1253 0098 06D0     		beq	.L80
 842:Drivers/STM32F1xx_HAL_Driver/Src/stm32f1xx_hal_rtc.c ****     {
 1254              		.loc 1 842 49 discriminator 1 view .LVU394
 1255 009a 8642     		cmp	r6, r0
 1256 009c 02D2     		bcs	.L87
 844:Drivers/STM32F1xx_HAL_Driver/Src/stm32f1xx_hal_rtc.c ****     }
 1257              		.loc 1 844 7 is_stmt 1 view .LVU395
 844:Drivers/STM32F1xx_HAL_Driver/Src/stm32f1xx_hal_rtc.c ****     }
 1258              		.loc 1 844 21 is_stmt 0 view .LVU396
 1259 009e A0EB0609 		sub	r9, r0, r6
 1260              	.LVL125:
ARM GAS  /tmp/ccLN6BmF.s 			page 62


 844:Drivers/STM32F1xx_HAL_Driver/Src/stm32f1xx_hal_rtc.c ****     }
 1261              		.loc 1 844 21 view .LVU397
 1262 00a2 01E0     		b	.L80
 1263              	.LVL126:
 1264              	.L87:
 850:Drivers/STM32F1xx_HAL_Driver/Src/stm32f1xx_hal_rtc.c ****     }
 1265              		.loc 1 850 21 view .LVU398
 1266 00a4 4FF0FF39 		mov	r9, #-1
 1267              	.LVL127:
 1268              	.L80:
 854:Drivers/STM32F1xx_HAL_Driver/Src/stm32f1xx_hal_rtc.c **** 
 1269              		.loc 1 854 5 is_stmt 1 view .LVU399
 854:Drivers/STM32F1xx_HAL_Driver/Src/stm32f1xx_hal_rtc.c **** 
 1270              		.loc 1 854 18 is_stmt 0 view .LVU400
 1271 00a8 174B     		ldr	r3, .L99+16
 1272 00aa 03FB1866 		mls	r6, r3, r8, r6
 1273              	.LVL128:
 857:Drivers/STM32F1xx_HAL_Driver/Src/stm32f1xx_hal_rtc.c ****     {
 1274              		.loc 1 857 5 is_stmt 1 view .LVU401
 857:Drivers/STM32F1xx_HAL_Driver/Src/stm32f1xx_hal_rtc.c ****     {
 1275              		.loc 1 857 9 is_stmt 0 view .LVU402
 1276 00ae 3146     		mov	r1, r6
 1277 00b0 3846     		mov	r0, r7
 1278 00b2 FFF7FEFF 		bl	RTC_WriteTimeCounter
 1279              	.LVL129:
 857:Drivers/STM32F1xx_HAL_Driver/Src/stm32f1xx_hal_rtc.c ****     {
 1280              		.loc 1 857 8 discriminator 1 view .LVU403
 1281 00b6 C8B9     		cbnz	r0, .L88
 863:Drivers/STM32F1xx_HAL_Driver/Src/stm32f1xx_hal_rtc.c ****     {
 1282              		.loc 1 863 5 is_stmt 1 view .LVU404
 863:Drivers/STM32F1xx_HAL_Driver/Src/stm32f1xx_hal_rtc.c ****     {
 1283              		.loc 1 863 8 is_stmt 0 view .LVU405
 1284 00b8 B9F1FF3F 		cmp	r9, #-1
 1285 00bc 0AD0     		beq	.L81
 865:Drivers/STM32F1xx_HAL_Driver/Src/stm32f1xx_hal_rtc.c **** 
 1286              		.loc 1 865 7 is_stmt 1 view .LVU406
 1287              	.LVL130:
 868:Drivers/STM32F1xx_HAL_Driver/Src/stm32f1xx_hal_rtc.c ****       {
 1288              		.loc 1 868 7 view .LVU407
 868:Drivers/STM32F1xx_HAL_Driver/Src/stm32f1xx_hal_rtc.c ****       {
 1289              		.loc 1 868 11 is_stmt 0 view .LVU408
 1290 00be 09EB0601 		add	r1, r9, r6
 1291              	.LVL131:
 868:Drivers/STM32F1xx_HAL_Driver/Src/stm32f1xx_hal_rtc.c ****       {
 1292              		.loc 1 868 11 view .LVU409
 1293 00c2 3846     		mov	r0, r7
 1294 00c4 FFF7FEFF 		bl	RTC_WriteAlarmCounter
 1295              	.LVL132:
 868:Drivers/STM32F1xx_HAL_Driver/Src/stm32f1xx_hal_rtc.c ****       {
 1296              		.loc 1 868 10 discriminator 1 view .LVU410
 1297 00c8 90B9     		cbnz	r0, .L98
 1298              	.LVL133:
 1299              	.L82:
 883:Drivers/STM32F1xx_HAL_Driver/Src/stm32f1xx_hal_rtc.c ****   }
 1300              		.loc 1 883 5 is_stmt 1 view .LVU411
 1301 00ca 4146     		mov	r1, r8
 1302 00cc 3846     		mov	r0, r7
ARM GAS  /tmp/ccLN6BmF.s 			page 63


 1303 00ce FFF7FEFF 		bl	RTC_DateUpdate
 1304              	.LVL134:
 1305 00d2 C1E7     		b	.L83
 1306              	.LVL135:
 1307              	.L81:
 876:Drivers/STM32F1xx_HAL_Driver/Src/stm32f1xx_hal_rtc.c ****       {
 1308              		.loc 1 876 7 view .LVU412
 876:Drivers/STM32F1xx_HAL_Driver/Src/stm32f1xx_hal_rtc.c ****       {
 1309              		.loc 1 876 11 is_stmt 0 view .LVU413
 1310 00d4 4946     		mov	r1, r9
 1311 00d6 3846     		mov	r0, r7
 1312 00d8 FFF7FEFF 		bl	RTC_WriteAlarmCounter
 1313              	.LVL136:
 876:Drivers/STM32F1xx_HAL_Driver/Src/stm32f1xx_hal_rtc.c ****       {
 1314              		.loc 1 876 10 discriminator 1 view .LVU414
 1315 00dc 0028     		cmp	r0, #0
 1316 00de F4D0     		beq	.L82
 878:Drivers/STM32F1xx_HAL_Driver/Src/stm32f1xx_hal_rtc.c ****       }
 1317              		.loc 1 878 16 view .LVU415
 1318 00e0 0120     		movs	r0, #1
 1319 00e2 9CE7     		b	.L78
 1320              	.LVL137:
 1321              	.L84:
 1322              	.LCFI8:
 1323              		.cfi_def_cfa_offset 0
 1324              		.cfi_restore 3
 1325              		.cfi_restore 4
 1326              		.cfi_restore 5
 1327              		.cfi_restore 6
 1328              		.cfi_restore 7
 1329              		.cfi_restore 8
 1330              		.cfi_restore 9
 1331              		.cfi_restore 14
 810:Drivers/STM32F1xx_HAL_Driver/Src/stm32f1xx_hal_rtc.c ****   }
 1332              		.loc 1 810 12 view .LVU416
 1333 00e4 0120     		movs	r0, #1
 1334              	.LVL138:
 900:Drivers/STM32F1xx_HAL_Driver/Src/stm32f1xx_hal_rtc.c **** 
 1335              		.loc 1 900 1 view .LVU417
 1336 00e6 7047     		bx	lr
 1337              	.LVL139:
 1338              	.L85:
 1339              	.LCFI9:
 1340              		.cfi_def_cfa_offset 32
 1341              		.cfi_offset 3, -32
 1342              		.cfi_offset 4, -28
 1343              		.cfi_offset 5, -24
 1344              		.cfi_offset 6, -20
 1345              		.cfi_offset 7, -16
 1346              		.cfi_offset 8, -12
 1347              		.cfi_offset 9, -8
 1348              		.cfi_offset 14, -4
 810:Drivers/STM32F1xx_HAL_Driver/Src/stm32f1xx_hal_rtc.c ****   }
 1349              		.loc 1 810 12 view .LVU418
 1350 00e8 0120     		movs	r0, #1
 1351              	.LVL140:
 810:Drivers/STM32F1xx_HAL_Driver/Src/stm32f1xx_hal_rtc.c ****   }
ARM GAS  /tmp/ccLN6BmF.s 			page 64


 1352              		.loc 1 810 12 view .LVU419
 1353 00ea 98E7     		b	.L78
 1354              	.LVL141:
 1355              	.L88:
 859:Drivers/STM32F1xx_HAL_Driver/Src/stm32f1xx_hal_rtc.c ****     }
 1356              		.loc 1 859 14 view .LVU420
 1357 00ec 0120     		movs	r0, #1
 1358 00ee 96E7     		b	.L78
 1359              	.LVL142:
 1360              	.L98:
 870:Drivers/STM32F1xx_HAL_Driver/Src/stm32f1xx_hal_rtc.c ****       }
 1361              		.loc 1 870 16 view .LVU421
 1362 00f0 0120     		movs	r0, #1
 1363 00f2 94E7     		b	.L78
 1364              	.LVL143:
 1365              	.L91:
 899:Drivers/STM32F1xx_HAL_Driver/Src/stm32f1xx_hal_rtc.c **** }
 1366              		.loc 1 899 10 view .LVU422
 1367 00f4 0020     		movs	r0, #0
 1368 00f6 92E7     		b	.L78
 1369              	.L100:
 1370              		.align	2
 1371              	.L99:
 1372 00f8 C5B3A291 		.word	-1851608123
 1373 00fc 89888888 		.word	-2004318071
 1374 0100 7F510100 		.word	86399
 1375 0104 ABAAAAAA 		.word	-1431655765
 1376 0108 80510100 		.word	86400
 1377              		.cfi_endproc
 1378              	.LFE70:
 1380              		.section	.text.HAL_RTC_SetDate,"ax",%progbits
 1381              		.align	1
 1382              		.global	HAL_RTC_SetDate
 1383              		.syntax unified
 1384              		.thumb
 1385              		.thumb_func
 1387              	HAL_RTC_SetDate:
 1388              	.LVL144:
 1389              	.LFB71:
 915:Drivers/STM32F1xx_HAL_Driver/Src/stm32f1xx_hal_rtc.c ****   uint32_t counter_time = 0U, counter_alarm = 0U, hours = 0U;
 1390              		.loc 1 915 1 is_stmt 1 view -0
 1391              		.cfi_startproc
 1392              		@ args = 0, pretend = 0, frame = 0
 1393              		@ frame_needed = 0, uses_anonymous_args = 0
 916:Drivers/STM32F1xx_HAL_Driver/Src/stm32f1xx_hal_rtc.c **** 
 1394              		.loc 1 916 3 view .LVU424
 919:Drivers/STM32F1xx_HAL_Driver/Src/stm32f1xx_hal_rtc.c ****   {
 1395              		.loc 1 919 3 view .LVU425
 919:Drivers/STM32F1xx_HAL_Driver/Src/stm32f1xx_hal_rtc.c ****   {
 1396              		.loc 1 919 6 is_stmt 0 view .LVU426
 1397 0000 0028     		cmp	r0, #0
 1398 0002 5AD0     		beq	.L107
 915:Drivers/STM32F1xx_HAL_Driver/Src/stm32f1xx_hal_rtc.c ****   uint32_t counter_time = 0U, counter_alarm = 0U, hours = 0U;
 1399              		.loc 1 915 1 view .LVU427
 1400 0004 38B5     		push	{r3, r4, r5, lr}
 1401              	.LCFI10:
 1402              		.cfi_def_cfa_offset 16
ARM GAS  /tmp/ccLN6BmF.s 			page 65


 1403              		.cfi_offset 3, -16
 1404              		.cfi_offset 4, -12
 1405              		.cfi_offset 5, -8
 1406              		.cfi_offset 14, -4
 1407 0006 0D46     		mov	r5, r1
 1408 0008 0446     		mov	r4, r0
 919:Drivers/STM32F1xx_HAL_Driver/Src/stm32f1xx_hal_rtc.c ****   {
 1409              		.loc 1 919 22 discriminator 1 view .LVU428
 1410 000a 0029     		cmp	r1, #0
 1411 000c 57D0     		beq	.L108
 925:Drivers/STM32F1xx_HAL_Driver/Src/stm32f1xx_hal_rtc.c **** 
 1412              		.loc 1 925 3 is_stmt 1 view .LVU429
 928:Drivers/STM32F1xx_HAL_Driver/Src/stm32f1xx_hal_rtc.c **** 
 1413              		.loc 1 928 3 view .LVU430
 928:Drivers/STM32F1xx_HAL_Driver/Src/stm32f1xx_hal_rtc.c **** 
 1414              		.loc 1 928 3 view .LVU431
 1415 000e 037C     		ldrb	r3, [r0, #16]	@ zero_extendqisi2
 1416 0010 012B     		cmp	r3, #1
 1417 0012 56D0     		beq	.L109
 928:Drivers/STM32F1xx_HAL_Driver/Src/stm32f1xx_hal_rtc.c **** 
 1418              		.loc 1 928 3 discriminator 2 view .LVU432
 1419 0014 0123     		movs	r3, #1
 1420 0016 0374     		strb	r3, [r0, #16]
 928:Drivers/STM32F1xx_HAL_Driver/Src/stm32f1xx_hal_rtc.c **** 
 1421              		.loc 1 928 3 view .LVU433
 930:Drivers/STM32F1xx_HAL_Driver/Src/stm32f1xx_hal_rtc.c **** 
 1422              		.loc 1 930 3 view .LVU434
 930:Drivers/STM32F1xx_HAL_Driver/Src/stm32f1xx_hal_rtc.c **** 
 1423              		.loc 1 930 15 is_stmt 0 view .LVU435
 1424 0018 0223     		movs	r3, #2
 1425 001a 4374     		strb	r3, [r0, #17]
 932:Drivers/STM32F1xx_HAL_Driver/Src/stm32f1xx_hal_rtc.c ****   {
 1426              		.loc 1 932 3 is_stmt 1 view .LVU436
 932:Drivers/STM32F1xx_HAL_Driver/Src/stm32f1xx_hal_rtc.c ****   {
 1427              		.loc 1 932 6 is_stmt 0 view .LVU437
 1428 001c BAB9     		cbnz	r2, .L103
 934:Drivers/STM32F1xx_HAL_Driver/Src/stm32f1xx_hal_rtc.c ****     assert_param(IS_RTC_MONTH(sDate->Month));
 1429              		.loc 1 934 5 is_stmt 1 view .LVU438
 935:Drivers/STM32F1xx_HAL_Driver/Src/stm32f1xx_hal_rtc.c ****     assert_param(IS_RTC_DATE(sDate->Date));
 1430              		.loc 1 935 5 view .LVU439
 936:Drivers/STM32F1xx_HAL_Driver/Src/stm32f1xx_hal_rtc.c **** 
 1431              		.loc 1 936 5 view .LVU440
 939:Drivers/STM32F1xx_HAL_Driver/Src/stm32f1xx_hal_rtc.c ****     hrtc->DateToUpdate.Month = sDate->Month;
 1432              		.loc 1 939 5 view .LVU441
 939:Drivers/STM32F1xx_HAL_Driver/Src/stm32f1xx_hal_rtc.c ****     hrtc->DateToUpdate.Month = sDate->Month;
 1433              		.loc 1 939 37 is_stmt 0 view .LVU442
 1434 001e CB78     		ldrb	r3, [r1, #3]	@ zero_extendqisi2
 939:Drivers/STM32F1xx_HAL_Driver/Src/stm32f1xx_hal_rtc.c ****     hrtc->DateToUpdate.Month = sDate->Month;
 1435              		.loc 1 939 30 view .LVU443
 1436 0020 C373     		strb	r3, [r0, #15]
 940:Drivers/STM32F1xx_HAL_Driver/Src/stm32f1xx_hal_rtc.c ****     hrtc->DateToUpdate.Date  = sDate->Date;
 1437              		.loc 1 940 5 is_stmt 1 view .LVU444
 940:Drivers/STM32F1xx_HAL_Driver/Src/stm32f1xx_hal_rtc.c ****     hrtc->DateToUpdate.Date  = sDate->Date;
 1438              		.loc 1 940 37 is_stmt 0 view .LVU445
 1439 0022 4B78     		ldrb	r3, [r1, #1]	@ zero_extendqisi2
 940:Drivers/STM32F1xx_HAL_Driver/Src/stm32f1xx_hal_rtc.c ****     hrtc->DateToUpdate.Date  = sDate->Date;
 1440              		.loc 1 940 30 view .LVU446
ARM GAS  /tmp/ccLN6BmF.s 			page 66


 1441 0024 4373     		strb	r3, [r0, #13]
 941:Drivers/STM32F1xx_HAL_Driver/Src/stm32f1xx_hal_rtc.c ****   }
 1442              		.loc 1 941 5 is_stmt 1 view .LVU447
 941:Drivers/STM32F1xx_HAL_Driver/Src/stm32f1xx_hal_rtc.c ****   }
 1443              		.loc 1 941 37 is_stmt 0 view .LVU448
 1444 0026 8B78     		ldrb	r3, [r1, #2]	@ zero_extendqisi2
 941:Drivers/STM32F1xx_HAL_Driver/Src/stm32f1xx_hal_rtc.c ****   }
 1445              		.loc 1 941 30 view .LVU449
 1446 0028 8373     		strb	r3, [r0, #14]
 1447              	.LVL145:
 1448              	.L104:
 956:Drivers/STM32F1xx_HAL_Driver/Src/stm32f1xx_hal_rtc.c ****   sDate->WeekDay = hrtc->DateToUpdate.WeekDay;
 1449              		.loc 1 956 3 is_stmt 1 view .LVU450
 956:Drivers/STM32F1xx_HAL_Driver/Src/stm32f1xx_hal_rtc.c ****   sDate->WeekDay = hrtc->DateToUpdate.WeekDay;
 1450              		.loc 1 956 32 is_stmt 0 view .LVU451
 1451 002a A27B     		ldrb	r2, [r4, #14]	@ zero_extendqisi2
 1452 002c 617B     		ldrb	r1, [r4, #13]	@ zero_extendqisi2
 1453 002e E07B     		ldrb	r0, [r4, #15]	@ zero_extendqisi2
 1454 0030 FFF7FEFF 		bl	RTC_WeekDayNum
 1455              	.LVL146:
 956:Drivers/STM32F1xx_HAL_Driver/Src/stm32f1xx_hal_rtc.c ****   sDate->WeekDay = hrtc->DateToUpdate.WeekDay;
 1456              		.loc 1 956 30 discriminator 1 view .LVU452
 1457 0034 2073     		strb	r0, [r4, #12]
 957:Drivers/STM32F1xx_HAL_Driver/Src/stm32f1xx_hal_rtc.c **** 
 1458              		.loc 1 957 3 is_stmt 1 view .LVU453
 957:Drivers/STM32F1xx_HAL_Driver/Src/stm32f1xx_hal_rtc.c **** 
 1459              		.loc 1 957 18 is_stmt 0 view .LVU454
 1460 0036 2870     		strb	r0, [r5]
 961:Drivers/STM32F1xx_HAL_Driver/Src/stm32f1xx_hal_rtc.c **** 
 1461              		.loc 1 961 3 is_stmt 1 view .LVU455
 961:Drivers/STM32F1xx_HAL_Driver/Src/stm32f1xx_hal_rtc.c **** 
 1462              		.loc 1 961 18 is_stmt 0 view .LVU456
 1463 0038 2046     		mov	r0, r4
 1464 003a FFF7FEFF 		bl	RTC_ReadTimeCounter
 1465              	.LVL147:
 964:Drivers/STM32F1xx_HAL_Driver/Src/stm32f1xx_hal_rtc.c ****   if (hours > 24U)
 1466              		.loc 1 964 3 is_stmt 1 view .LVU457
 965:Drivers/STM32F1xx_HAL_Driver/Src/stm32f1xx_hal_rtc.c ****   {
 1467              		.loc 1 965 3 view .LVU458
 965:Drivers/STM32F1xx_HAL_Driver/Src/stm32f1xx_hal_rtc.c ****   {
 1468              		.loc 1 965 6 is_stmt 0 view .LVU459
 1469 003e 224B     		ldr	r3, .L115
 1470 0040 9842     		cmp	r0, r3
 1471 0042 11D8     		bhi	.L114
 1472              	.LVL148:
 1473              	.L105:
1009:Drivers/STM32F1xx_HAL_Driver/Src/stm32f1xx_hal_rtc.c **** 
 1474              		.loc 1 1009 3 is_stmt 1 view .LVU460
1009:Drivers/STM32F1xx_HAL_Driver/Src/stm32f1xx_hal_rtc.c **** 
 1475              		.loc 1 1009 15 is_stmt 0 view .LVU461
 1476 0044 0123     		movs	r3, #1
 1477 0046 6374     		strb	r3, [r4, #17]
1012:Drivers/STM32F1xx_HAL_Driver/Src/stm32f1xx_hal_rtc.c **** 
 1478              		.loc 1 1012 3 is_stmt 1 view .LVU462
1012:Drivers/STM32F1xx_HAL_Driver/Src/stm32f1xx_hal_rtc.c **** 
 1479              		.loc 1 1012 3 view .LVU463
 1480 0048 0020     		movs	r0, #0
ARM GAS  /tmp/ccLN6BmF.s 			page 67


 1481 004a 2074     		strb	r0, [r4, #16]
1012:Drivers/STM32F1xx_HAL_Driver/Src/stm32f1xx_hal_rtc.c **** 
 1482              		.loc 1 1012 3 view .LVU464
1014:Drivers/STM32F1xx_HAL_Driver/Src/stm32f1xx_hal_rtc.c **** }
 1483              		.loc 1 1014 3 view .LVU465
 1484              	.LVL149:
 1485              	.L102:
1015:Drivers/STM32F1xx_HAL_Driver/Src/stm32f1xx_hal_rtc.c **** 
 1486              		.loc 1 1015 1 is_stmt 0 view .LVU466
 1487 004c 38BD     		pop	{r3, r4, r5, pc}
 1488              	.LVL150:
 1489              	.L103:
 945:Drivers/STM32F1xx_HAL_Driver/Src/stm32f1xx_hal_rtc.c ****     assert_param(IS_RTC_MONTH(RTC_Bcd2ToByte(sDate->Month)));
 1490              		.loc 1 945 5 is_stmt 1 view .LVU467
 946:Drivers/STM32F1xx_HAL_Driver/Src/stm32f1xx_hal_rtc.c ****     assert_param(IS_RTC_DATE(RTC_Bcd2ToByte(sDate->Date)));
 1491              		.loc 1 946 5 view .LVU468
 947:Drivers/STM32F1xx_HAL_Driver/Src/stm32f1xx_hal_rtc.c **** 
 1492              		.loc 1 947 5 view .LVU469
 950:Drivers/STM32F1xx_HAL_Driver/Src/stm32f1xx_hal_rtc.c ****     hrtc->DateToUpdate.Month = RTC_Bcd2ToByte(sDate->Month);
 1493              		.loc 1 950 5 view .LVU470
 950:Drivers/STM32F1xx_HAL_Driver/Src/stm32f1xx_hal_rtc.c ****     hrtc->DateToUpdate.Month = RTC_Bcd2ToByte(sDate->Month);
 1494              		.loc 1 950 32 is_stmt 0 view .LVU471
 1495 004e C878     		ldrb	r0, [r1, #3]	@ zero_extendqisi2
 1496              	.LVL151:
 950:Drivers/STM32F1xx_HAL_Driver/Src/stm32f1xx_hal_rtc.c ****     hrtc->DateToUpdate.Month = RTC_Bcd2ToByte(sDate->Month);
 1497              		.loc 1 950 32 view .LVU472
 1498 0050 FFF7FEFF 		bl	RTC_Bcd2ToByte
 1499              	.LVL152:
 950:Drivers/STM32F1xx_HAL_Driver/Src/stm32f1xx_hal_rtc.c ****     hrtc->DateToUpdate.Month = RTC_Bcd2ToByte(sDate->Month);
 1500              		.loc 1 950 30 discriminator 1 view .LVU473
 1501 0054 E073     		strb	r0, [r4, #15]
 951:Drivers/STM32F1xx_HAL_Driver/Src/stm32f1xx_hal_rtc.c ****     hrtc->DateToUpdate.Date  = RTC_Bcd2ToByte(sDate->Date);
 1502              		.loc 1 951 5 is_stmt 1 view .LVU474
 951:Drivers/STM32F1xx_HAL_Driver/Src/stm32f1xx_hal_rtc.c ****     hrtc->DateToUpdate.Date  = RTC_Bcd2ToByte(sDate->Date);
 1503              		.loc 1 951 32 is_stmt 0 view .LVU475
 1504 0056 6878     		ldrb	r0, [r5, #1]	@ zero_extendqisi2
 1505 0058 FFF7FEFF 		bl	RTC_Bcd2ToByte
 1506              	.LVL153:
 951:Drivers/STM32F1xx_HAL_Driver/Src/stm32f1xx_hal_rtc.c ****     hrtc->DateToUpdate.Date  = RTC_Bcd2ToByte(sDate->Date);
 1507              		.loc 1 951 30 discriminator 1 view .LVU476
 1508 005c 6073     		strb	r0, [r4, #13]
 952:Drivers/STM32F1xx_HAL_Driver/Src/stm32f1xx_hal_rtc.c ****   }
 1509              		.loc 1 952 5 is_stmt 1 view .LVU477
 952:Drivers/STM32F1xx_HAL_Driver/Src/stm32f1xx_hal_rtc.c ****   }
 1510              		.loc 1 952 32 is_stmt 0 view .LVU478
 1511 005e A878     		ldrb	r0, [r5, #2]	@ zero_extendqisi2
 1512 0060 FFF7FEFF 		bl	RTC_Bcd2ToByte
 1513              	.LVL154:
 952:Drivers/STM32F1xx_HAL_Driver/Src/stm32f1xx_hal_rtc.c ****   }
 1514              		.loc 1 952 30 discriminator 1 view .LVU479
 1515 0064 A073     		strb	r0, [r4, #14]
 1516 0066 E0E7     		b	.L104
 1517              	.LVL155:
 1518              	.L114:
 968:Drivers/STM32F1xx_HAL_Driver/Src/stm32f1xx_hal_rtc.c ****     /* Write time counter in RTC registers */
 1519              		.loc 1 968 5 is_stmt 1 view .LVU480
 1520 0068 184D     		ldr	r5, .L115+4
ARM GAS  /tmp/ccLN6BmF.s 			page 68


 1521              	.LVL156:
 968:Drivers/STM32F1xx_HAL_Driver/Src/stm32f1xx_hal_rtc.c ****     /* Write time counter in RTC registers */
 1522              		.loc 1 968 5 is_stmt 0 view .LVU481
 1523 006a A5FB0035 		umull	r3, r5, r5, r0
 1524 006e 2D0C     		lsrs	r5, r5, #16
 1525 0070 174B     		ldr	r3, .L115+8
 1526 0072 03FB1505 		mls	r5, r3, r5, r0
 1527              	.LVL157:
 970:Drivers/STM32F1xx_HAL_Driver/Src/stm32f1xx_hal_rtc.c ****     {
 1528              		.loc 1 970 5 is_stmt 1 view .LVU482
 970:Drivers/STM32F1xx_HAL_Driver/Src/stm32f1xx_hal_rtc.c ****     {
 1529              		.loc 1 970 9 is_stmt 0 view .LVU483
 1530 0076 2946     		mov	r1, r5
 1531 0078 2046     		mov	r0, r4
 1532              	.LVL158:
 970:Drivers/STM32F1xx_HAL_Driver/Src/stm32f1xx_hal_rtc.c ****     {
 1533              		.loc 1 970 9 view .LVU484
 1534 007a FFF7FEFF 		bl	RTC_WriteTimeCounter
 1535              	.LVL159:
 970:Drivers/STM32F1xx_HAL_Driver/Src/stm32f1xx_hal_rtc.c ****     {
 1536              		.loc 1 970 8 discriminator 1 view .LVU485
 1537 007e 28B1     		cbz	r0, .L106
 973:Drivers/STM32F1xx_HAL_Driver/Src/stm32f1xx_hal_rtc.c **** 
 1538              		.loc 1 973 7 is_stmt 1 view .LVU486
 973:Drivers/STM32F1xx_HAL_Driver/Src/stm32f1xx_hal_rtc.c **** 
 1539              		.loc 1 973 19 is_stmt 0 view .LVU487
 1540 0080 0423     		movs	r3, #4
 1541 0082 6374     		strb	r3, [r4, #17]
 976:Drivers/STM32F1xx_HAL_Driver/Src/stm32f1xx_hal_rtc.c **** 
 1542              		.loc 1 976 7 is_stmt 1 view .LVU488
 976:Drivers/STM32F1xx_HAL_Driver/Src/stm32f1xx_hal_rtc.c **** 
 1543              		.loc 1 976 7 view .LVU489
 1544 0084 0023     		movs	r3, #0
 1545 0086 2374     		strb	r3, [r4, #16]
 976:Drivers/STM32F1xx_HAL_Driver/Src/stm32f1xx_hal_rtc.c **** 
 1546              		.loc 1 976 7 view .LVU490
 978:Drivers/STM32F1xx_HAL_Driver/Src/stm32f1xx_hal_rtc.c ****     }
 1547              		.loc 1 978 7 view .LVU491
 978:Drivers/STM32F1xx_HAL_Driver/Src/stm32f1xx_hal_rtc.c ****     }
 1548              		.loc 1 978 14 is_stmt 0 view .LVU492
 1549 0088 0120     		movs	r0, #1
 1550 008a DFE7     		b	.L102
 1551              	.L106:
 982:Drivers/STM32F1xx_HAL_Driver/Src/stm32f1xx_hal_rtc.c **** 
 1552              		.loc 1 982 5 is_stmt 1 view .LVU493
 982:Drivers/STM32F1xx_HAL_Driver/Src/stm32f1xx_hal_rtc.c **** 
 1553              		.loc 1 982 21 is_stmt 0 view .LVU494
 1554 008c 2046     		mov	r0, r4
 1555 008e FFF7FEFF 		bl	RTC_ReadAlarmCounter
 1556              	.LVL160:
 985:Drivers/STM32F1xx_HAL_Driver/Src/stm32f1xx_hal_rtc.c ****     {
 1557              		.loc 1 985 5 is_stmt 1 view .LVU495
 985:Drivers/STM32F1xx_HAL_Driver/Src/stm32f1xx_hal_rtc.c ****     {
 1558              		.loc 1 985 8 is_stmt 0 view .LVU496
 1559 0092 B0F1FF3F 		cmp	r0, #-1
 1560 0096 D5D0     		beq	.L105
 987:Drivers/STM32F1xx_HAL_Driver/Src/stm32f1xx_hal_rtc.c ****       {
ARM GAS  /tmp/ccLN6BmF.s 			page 69


 1561              		.loc 1 987 7 is_stmt 1 view .LVU497
 987:Drivers/STM32F1xx_HAL_Driver/Src/stm32f1xx_hal_rtc.c ****       {
 1562              		.loc 1 987 10 is_stmt 0 view .LVU498
 1563 0098 A842     		cmp	r0, r5
 1564 009a D3D2     		bcs	.L105
 990:Drivers/STM32F1xx_HAL_Driver/Src/stm32f1xx_hal_rtc.c **** 
 1565              		.loc 1 990 9 is_stmt 1 view .LVU499
 1566              	.LVL161:
 993:Drivers/STM32F1xx_HAL_Driver/Src/stm32f1xx_hal_rtc.c ****         {
 1567              		.loc 1 993 9 view .LVU500
 993:Drivers/STM32F1xx_HAL_Driver/Src/stm32f1xx_hal_rtc.c ****         {
 1568              		.loc 1 993 13 is_stmt 0 view .LVU501
 1569 009c 00F5A831 		add	r1, r0, #86016
 1570 00a0 01F5C071 		add	r1, r1, #384
 1571 00a4 2046     		mov	r0, r4
 1572              	.LVL162:
 993:Drivers/STM32F1xx_HAL_Driver/Src/stm32f1xx_hal_rtc.c ****         {
 1573              		.loc 1 993 13 view .LVU502
 1574 00a6 FFF7FEFF 		bl	RTC_WriteAlarmCounter
 1575              	.LVL163:
 993:Drivers/STM32F1xx_HAL_Driver/Src/stm32f1xx_hal_rtc.c ****         {
 1576              		.loc 1 993 12 discriminator 1 view .LVU503
 1577 00aa 0028     		cmp	r0, #0
 1578 00ac CAD0     		beq	.L105
 996:Drivers/STM32F1xx_HAL_Driver/Src/stm32f1xx_hal_rtc.c **** 
 1579              		.loc 1 996 11 is_stmt 1 view .LVU504
 996:Drivers/STM32F1xx_HAL_Driver/Src/stm32f1xx_hal_rtc.c **** 
 1580              		.loc 1 996 23 is_stmt 0 view .LVU505
 1581 00ae 0423     		movs	r3, #4
 1582 00b0 6374     		strb	r3, [r4, #17]
 999:Drivers/STM32F1xx_HAL_Driver/Src/stm32f1xx_hal_rtc.c **** 
 1583              		.loc 1 999 11 is_stmt 1 view .LVU506
 999:Drivers/STM32F1xx_HAL_Driver/Src/stm32f1xx_hal_rtc.c **** 
 1584              		.loc 1 999 11 view .LVU507
 1585 00b2 0023     		movs	r3, #0
 1586 00b4 2374     		strb	r3, [r4, #16]
 999:Drivers/STM32F1xx_HAL_Driver/Src/stm32f1xx_hal_rtc.c **** 
 1587              		.loc 1 999 11 view .LVU508
1001:Drivers/STM32F1xx_HAL_Driver/Src/stm32f1xx_hal_rtc.c ****         }
 1588              		.loc 1 1001 11 view .LVU509
1001:Drivers/STM32F1xx_HAL_Driver/Src/stm32f1xx_hal_rtc.c ****         }
 1589              		.loc 1 1001 18 is_stmt 0 view .LVU510
 1590 00b6 0120     		movs	r0, #1
 1591 00b8 C8E7     		b	.L102
 1592              	.LVL164:
 1593              	.L107:
 1594              	.LCFI11:
 1595              		.cfi_def_cfa_offset 0
 1596              		.cfi_restore 3
 1597              		.cfi_restore 4
 1598              		.cfi_restore 5
 1599              		.cfi_restore 14
 921:Drivers/STM32F1xx_HAL_Driver/Src/stm32f1xx_hal_rtc.c ****   }
 1600              		.loc 1 921 12 view .LVU511
 1601 00ba 0120     		movs	r0, #1
 1602              	.LVL165:
1015:Drivers/STM32F1xx_HAL_Driver/Src/stm32f1xx_hal_rtc.c **** 
ARM GAS  /tmp/ccLN6BmF.s 			page 70


 1603              		.loc 1 1015 1 view .LVU512
 1604 00bc 7047     		bx	lr
 1605              	.LVL166:
 1606              	.L108:
 1607              	.LCFI12:
 1608              		.cfi_def_cfa_offset 16
 1609              		.cfi_offset 3, -16
 1610              		.cfi_offset 4, -12
 1611              		.cfi_offset 5, -8
 1612              		.cfi_offset 14, -4
 921:Drivers/STM32F1xx_HAL_Driver/Src/stm32f1xx_hal_rtc.c ****   }
 1613              		.loc 1 921 12 view .LVU513
 1614 00be 0120     		movs	r0, #1
 1615              	.LVL167:
 921:Drivers/STM32F1xx_HAL_Driver/Src/stm32f1xx_hal_rtc.c ****   }
 1616              		.loc 1 921 12 view .LVU514
 1617 00c0 C4E7     		b	.L102
 1618              	.LVL168:
 1619              	.L109:
 928:Drivers/STM32F1xx_HAL_Driver/Src/stm32f1xx_hal_rtc.c **** 
 1620              		.loc 1 928 3 discriminator 1 view .LVU515
 1621 00c2 0220     		movs	r0, #2
 1622              	.LVL169:
 928:Drivers/STM32F1xx_HAL_Driver/Src/stm32f1xx_hal_rtc.c **** 
 1623              		.loc 1 928 3 discriminator 1 view .LVU516
 1624 00c4 C2E7     		b	.L102
 1625              	.L116:
 1626 00c6 00BF     		.align	2
 1627              	.L115:
 1628 00c8 8F5F0100 		.word	89999
 1629 00cc 07452EC2 		.word	-1037155065
 1630 00d0 80510100 		.word	86400
 1631              		.cfi_endproc
 1632              	.LFE71:
 1634              		.section	.text.HAL_RTC_GetDate,"ax",%progbits
 1635              		.align	1
 1636              		.global	HAL_RTC_GetDate
 1637              		.syntax unified
 1638              		.thumb
 1639              		.thumb_func
 1641              	HAL_RTC_GetDate:
 1642              	.LVL170:
 1643              	.LFB72:
1029:Drivers/STM32F1xx_HAL_Driver/Src/stm32f1xx_hal_rtc.c ****   RTC_TimeTypeDef stime = {0U};
 1644              		.loc 1 1029 1 is_stmt 1 view -0
 1645              		.cfi_startproc
 1646              		@ args = 0, pretend = 0, frame = 8
 1647              		@ frame_needed = 0, uses_anonymous_args = 0
1029:Drivers/STM32F1xx_HAL_Driver/Src/stm32f1xx_hal_rtc.c ****   RTC_TimeTypeDef stime = {0U};
 1648              		.loc 1 1029 1 is_stmt 0 view .LVU518
 1649 0000 2DE9F041 		push	{r4, r5, r6, r7, r8, lr}
 1650              	.LCFI13:
 1651              		.cfi_def_cfa_offset 24
 1652              		.cfi_offset 4, -24
 1653              		.cfi_offset 5, -20
 1654              		.cfi_offset 6, -16
 1655              		.cfi_offset 7, -12
ARM GAS  /tmp/ccLN6BmF.s 			page 71


 1656              		.cfi_offset 8, -8
 1657              		.cfi_offset 14, -4
 1658 0004 82B0     		sub	sp, sp, #8
 1659              	.LCFI14:
 1660              		.cfi_def_cfa_offset 32
1030:Drivers/STM32F1xx_HAL_Driver/Src/stm32f1xx_hal_rtc.c **** 
 1661              		.loc 1 1030 3 is_stmt 1 view .LVU519
1030:Drivers/STM32F1xx_HAL_Driver/Src/stm32f1xx_hal_rtc.c **** 
 1662              		.loc 1 1030 19 is_stmt 0 view .LVU520
 1663 0006 0023     		movs	r3, #0
 1664 0008 ADF80430 		strh	r3, [sp, #4]	@ movhi
 1665 000c 8DF80630 		strb	r3, [sp, #6]
1033:Drivers/STM32F1xx_HAL_Driver/Src/stm32f1xx_hal_rtc.c ****   {
 1666              		.loc 1 1033 3 is_stmt 1 view .LVU521
1033:Drivers/STM32F1xx_HAL_Driver/Src/stm32f1xx_hal_rtc.c ****   {
 1667              		.loc 1 1033 6 is_stmt 0 view .LVU522
 1668 0010 00B3     		cbz	r0, .L119
 1669 0012 0C46     		mov	r4, r1
 1670 0014 1746     		mov	r7, r2
 1671 0016 01A9     		add	r1, sp, #4
 1672              	.LVL171:
1033:Drivers/STM32F1xx_HAL_Driver/Src/stm32f1xx_hal_rtc.c ****   {
 1673              		.loc 1 1033 6 view .LVU523
 1674 0018 0546     		mov	r5, r0
1033:Drivers/STM32F1xx_HAL_Driver/Src/stm32f1xx_hal_rtc.c ****   {
 1675              		.loc 1 1033 22 discriminator 1 view .LVU524
 1676 001a ECB1     		cbz	r4, .L120
1039:Drivers/STM32F1xx_HAL_Driver/Src/stm32f1xx_hal_rtc.c **** 
 1677              		.loc 1 1039 3 is_stmt 1 view .LVU525
1042:Drivers/STM32F1xx_HAL_Driver/Src/stm32f1xx_hal_rtc.c ****   {
 1678              		.loc 1 1042 3 view .LVU526
1042:Drivers/STM32F1xx_HAL_Driver/Src/stm32f1xx_hal_rtc.c ****   {
 1679              		.loc 1 1042 7 is_stmt 0 view .LVU527
 1680 001c 1A46     		mov	r2, r3
 1681              	.LVL172:
1042:Drivers/STM32F1xx_HAL_Driver/Src/stm32f1xx_hal_rtc.c ****   {
 1682              		.loc 1 1042 7 view .LVU528
 1683 001e FFF7FEFF 		bl	HAL_RTC_GetTime
 1684              	.LVL173:
1042:Drivers/STM32F1xx_HAL_Driver/Src/stm32f1xx_hal_rtc.c ****   {
 1685              		.loc 1 1042 6 discriminator 1 view .LVU529
 1686 0022 0646     		mov	r6, r0
 1687 0024 E8B9     		cbnz	r0, .L121
1048:Drivers/STM32F1xx_HAL_Driver/Src/stm32f1xx_hal_rtc.c ****   sDate->Year     = hrtc->DateToUpdate.Year;
 1688              		.loc 1 1048 3 is_stmt 1 view .LVU530
1048:Drivers/STM32F1xx_HAL_Driver/Src/stm32f1xx_hal_rtc.c ****   sDate->Year     = hrtc->DateToUpdate.Year;
 1689              		.loc 1 1048 39 is_stmt 0 view .LVU531
 1690 0026 2B7B     		ldrb	r3, [r5, #12]	@ zero_extendqisi2
1048:Drivers/STM32F1xx_HAL_Driver/Src/stm32f1xx_hal_rtc.c ****   sDate->Year     = hrtc->DateToUpdate.Year;
 1691              		.loc 1 1048 19 view .LVU532
 1692 0028 2370     		strb	r3, [r4]
1049:Drivers/STM32F1xx_HAL_Driver/Src/stm32f1xx_hal_rtc.c ****   sDate->Month    = hrtc->DateToUpdate.Month;
 1693              		.loc 1 1049 3 is_stmt 1 view .LVU533
1049:Drivers/STM32F1xx_HAL_Driver/Src/stm32f1xx_hal_rtc.c ****   sDate->Month    = hrtc->DateToUpdate.Month;
 1694              		.loc 1 1049 39 is_stmt 0 view .LVU534
 1695 002a E87B     		ldrb	r0, [r5, #15]	@ zero_extendqisi2
1049:Drivers/STM32F1xx_HAL_Driver/Src/stm32f1xx_hal_rtc.c ****   sDate->Month    = hrtc->DateToUpdate.Month;
ARM GAS  /tmp/ccLN6BmF.s 			page 72


 1696              		.loc 1 1049 19 view .LVU535
 1697 002c E070     		strb	r0, [r4, #3]
1050:Drivers/STM32F1xx_HAL_Driver/Src/stm32f1xx_hal_rtc.c ****   sDate->Date     = hrtc->DateToUpdate.Date;
 1698              		.loc 1 1050 3 is_stmt 1 view .LVU536
1050:Drivers/STM32F1xx_HAL_Driver/Src/stm32f1xx_hal_rtc.c ****   sDate->Date     = hrtc->DateToUpdate.Date;
 1699              		.loc 1 1050 39 is_stmt 0 view .LVU537
 1700 002e 95F80D80 		ldrb	r8, [r5, #13]	@ zero_extendqisi2
1050:Drivers/STM32F1xx_HAL_Driver/Src/stm32f1xx_hal_rtc.c ****   sDate->Date     = hrtc->DateToUpdate.Date;
 1701              		.loc 1 1050 19 view .LVU538
 1702 0032 84F80180 		strb	r8, [r4, #1]
1051:Drivers/STM32F1xx_HAL_Driver/Src/stm32f1xx_hal_rtc.c **** 
 1703              		.loc 1 1051 3 is_stmt 1 view .LVU539
1051:Drivers/STM32F1xx_HAL_Driver/Src/stm32f1xx_hal_rtc.c **** 
 1704              		.loc 1 1051 39 is_stmt 0 view .LVU540
 1705 0036 AD7B     		ldrb	r5, [r5, #14]	@ zero_extendqisi2
 1706              	.LVL174:
1051:Drivers/STM32F1xx_HAL_Driver/Src/stm32f1xx_hal_rtc.c **** 
 1707              		.loc 1 1051 19 view .LVU541
 1708 0038 A570     		strb	r5, [r4, #2]
1054:Drivers/STM32F1xx_HAL_Driver/Src/stm32f1xx_hal_rtc.c ****   {
 1709              		.loc 1 1054 3 is_stmt 1 view .LVU542
1054:Drivers/STM32F1xx_HAL_Driver/Src/stm32f1xx_hal_rtc.c ****   {
 1710              		.loc 1 1054 6 is_stmt 0 view .LVU543
 1711 003a 77B1     		cbz	r7, .L118
1057:Drivers/STM32F1xx_HAL_Driver/Src/stm32f1xx_hal_rtc.c ****     sDate->Month  = (uint8_t)RTC_ByteToBcd2(sDate->Month);
 1712              		.loc 1 1057 5 is_stmt 1 view .LVU544
1057:Drivers/STM32F1xx_HAL_Driver/Src/stm32f1xx_hal_rtc.c ****     sDate->Month  = (uint8_t)RTC_ByteToBcd2(sDate->Month);
 1713              		.loc 1 1057 30 is_stmt 0 view .LVU545
 1714 003c FFF7FEFF 		bl	RTC_ByteToBcd2
 1715              	.LVL175:
1057:Drivers/STM32F1xx_HAL_Driver/Src/stm32f1xx_hal_rtc.c ****     sDate->Month  = (uint8_t)RTC_ByteToBcd2(sDate->Month);
 1716              		.loc 1 1057 19 discriminator 1 view .LVU546
 1717 0040 E070     		strb	r0, [r4, #3]
1058:Drivers/STM32F1xx_HAL_Driver/Src/stm32f1xx_hal_rtc.c ****     sDate->Date   = (uint8_t)RTC_ByteToBcd2(sDate->Date);
 1718              		.loc 1 1058 5 is_stmt 1 view .LVU547
1058:Drivers/STM32F1xx_HAL_Driver/Src/stm32f1xx_hal_rtc.c ****     sDate->Date   = (uint8_t)RTC_ByteToBcd2(sDate->Date);
 1719              		.loc 1 1058 30 is_stmt 0 view .LVU548
 1720 0042 4046     		mov	r0, r8
 1721 0044 FFF7FEFF 		bl	RTC_ByteToBcd2
 1722              	.LVL176:
1058:Drivers/STM32F1xx_HAL_Driver/Src/stm32f1xx_hal_rtc.c ****     sDate->Date   = (uint8_t)RTC_ByteToBcd2(sDate->Date);
 1723              		.loc 1 1058 19 discriminator 1 view .LVU549
 1724 0048 6070     		strb	r0, [r4, #1]
1059:Drivers/STM32F1xx_HAL_Driver/Src/stm32f1xx_hal_rtc.c ****   }
 1725              		.loc 1 1059 5 is_stmt 1 view .LVU550
1059:Drivers/STM32F1xx_HAL_Driver/Src/stm32f1xx_hal_rtc.c ****   }
 1726              		.loc 1 1059 30 is_stmt 0 view .LVU551
 1727 004a 2846     		mov	r0, r5
 1728 004c FFF7FEFF 		bl	RTC_ByteToBcd2
 1729              	.LVL177:
1059:Drivers/STM32F1xx_HAL_Driver/Src/stm32f1xx_hal_rtc.c ****   }
 1730              		.loc 1 1059 19 discriminator 1 view .LVU552
 1731 0050 A070     		strb	r0, [r4, #2]
 1732 0052 02E0     		b	.L118
 1733              	.LVL178:
 1734              	.L119:
1035:Drivers/STM32F1xx_HAL_Driver/Src/stm32f1xx_hal_rtc.c ****   }
ARM GAS  /tmp/ccLN6BmF.s 			page 73


 1735              		.loc 1 1035 12 view .LVU553
 1736 0054 0126     		movs	r6, #1
 1737 0056 00E0     		b	.L118
 1738              	.LVL179:
 1739              	.L120:
1035:Drivers/STM32F1xx_HAL_Driver/Src/stm32f1xx_hal_rtc.c ****   }
 1740              		.loc 1 1035 12 view .LVU554
 1741 0058 0126     		movs	r6, #1
 1742              	.LVL180:
 1743              	.L118:
1062:Drivers/STM32F1xx_HAL_Driver/Src/stm32f1xx_hal_rtc.c **** 
 1744              		.loc 1 1062 1 view .LVU555
 1745 005a 3046     		mov	r0, r6
 1746 005c 02B0     		add	sp, sp, #8
 1747              	.LCFI15:
 1748              		.cfi_remember_state
 1749              		.cfi_def_cfa_offset 24
 1750              		@ sp needed
 1751 005e BDE8F081 		pop	{r4, r5, r6, r7, r8, pc}
 1752              	.LVL181:
 1753              	.L121:
 1754              	.LCFI16:
 1755              		.cfi_restore_state
1044:Drivers/STM32F1xx_HAL_Driver/Src/stm32f1xx_hal_rtc.c ****   }
 1756              		.loc 1 1044 12 view .LVU556
 1757 0062 0126     		movs	r6, #1
 1758 0064 F9E7     		b	.L118
 1759              		.cfi_endproc
 1760              	.LFE72:
 1762              		.section	.text.HAL_RTC_SetAlarm,"ax",%progbits
 1763              		.align	1
 1764              		.global	HAL_RTC_SetAlarm
 1765              		.syntax unified
 1766              		.thumb
 1767              		.thumb_func
 1769              	HAL_RTC_SetAlarm:
 1770              	.LVL182:
 1771              	.LFB73:
1094:Drivers/STM32F1xx_HAL_Driver/Src/stm32f1xx_hal_rtc.c ****   uint32_t counter_alarm = 0U, counter_time;
 1772              		.loc 1 1094 1 is_stmt 1 view -0
 1773              		.cfi_startproc
 1774              		@ args = 0, pretend = 0, frame = 8
 1775              		@ frame_needed = 0, uses_anonymous_args = 0
1094:Drivers/STM32F1xx_HAL_Driver/Src/stm32f1xx_hal_rtc.c ****   uint32_t counter_alarm = 0U, counter_time;
 1776              		.loc 1 1094 1 is_stmt 0 view .LVU558
 1777 0000 F0B5     		push	{r4, r5, r6, r7, lr}
 1778              	.LCFI17:
 1779              		.cfi_def_cfa_offset 20
 1780              		.cfi_offset 4, -20
 1781              		.cfi_offset 5, -16
 1782              		.cfi_offset 6, -12
 1783              		.cfi_offset 7, -8
 1784              		.cfi_offset 14, -4
 1785 0002 83B0     		sub	sp, sp, #12
 1786              	.LCFI18:
 1787              		.cfi_def_cfa_offset 32
 1788 0004 1546     		mov	r5, r2
ARM GAS  /tmp/ccLN6BmF.s 			page 74


1095:Drivers/STM32F1xx_HAL_Driver/Src/stm32f1xx_hal_rtc.c ****   RTC_TimeTypeDef stime = {0U};
 1789              		.loc 1 1095 3 is_stmt 1 view .LVU559
 1790              	.LVL183:
1096:Drivers/STM32F1xx_HAL_Driver/Src/stm32f1xx_hal_rtc.c **** 
 1791              		.loc 1 1096 3 view .LVU560
1096:Drivers/STM32F1xx_HAL_Driver/Src/stm32f1xx_hal_rtc.c **** 
 1792              		.loc 1 1096 19 is_stmt 0 view .LVU561
 1793 0006 0023     		movs	r3, #0
 1794 0008 ADF80430 		strh	r3, [sp, #4]	@ movhi
 1795 000c 8DF80630 		strb	r3, [sp, #6]
1099:Drivers/STM32F1xx_HAL_Driver/Src/stm32f1xx_hal_rtc.c ****   {
 1796              		.loc 1 1099 3 is_stmt 1 view .LVU562
1099:Drivers/STM32F1xx_HAL_Driver/Src/stm32f1xx_hal_rtc.c ****   {
 1797              		.loc 1 1099 6 is_stmt 0 view .LVU563
 1798 0010 0028     		cmp	r0, #0
 1799 0012 50D0     		beq	.L129
 1800 0014 0C46     		mov	r4, r1
 1801 0016 0646     		mov	r6, r0
1099:Drivers/STM32F1xx_HAL_Driver/Src/stm32f1xx_hal_rtc.c ****   {
 1802              		.loc 1 1099 22 discriminator 1 view .LVU564
 1803 0018 0029     		cmp	r1, #0
 1804 001a 4FD0     		beq	.L130
1105:Drivers/STM32F1xx_HAL_Driver/Src/stm32f1xx_hal_rtc.c ****   assert_param(IS_RTC_ALARM(sAlarm->Alarm));
 1805              		.loc 1 1105 3 is_stmt 1 view .LVU565
1106:Drivers/STM32F1xx_HAL_Driver/Src/stm32f1xx_hal_rtc.c **** 
 1806              		.loc 1 1106 3 view .LVU566
1109:Drivers/STM32F1xx_HAL_Driver/Src/stm32f1xx_hal_rtc.c **** 
 1807              		.loc 1 1109 3 view .LVU567
1109:Drivers/STM32F1xx_HAL_Driver/Src/stm32f1xx_hal_rtc.c **** 
 1808              		.loc 1 1109 3 view .LVU568
 1809 001c 037C     		ldrb	r3, [r0, #16]	@ zero_extendqisi2
 1810 001e 012B     		cmp	r3, #1
 1811 0020 4ED0     		beq	.L131
1109:Drivers/STM32F1xx_HAL_Driver/Src/stm32f1xx_hal_rtc.c **** 
 1812              		.loc 1 1109 3 discriminator 2 view .LVU569
 1813 0022 0123     		movs	r3, #1
 1814 0024 0374     		strb	r3, [r0, #16]
1109:Drivers/STM32F1xx_HAL_Driver/Src/stm32f1xx_hal_rtc.c **** 
 1815              		.loc 1 1109 3 view .LVU570
1111:Drivers/STM32F1xx_HAL_Driver/Src/stm32f1xx_hal_rtc.c **** 
 1816              		.loc 1 1111 3 view .LVU571
1111:Drivers/STM32F1xx_HAL_Driver/Src/stm32f1xx_hal_rtc.c **** 
 1817              		.loc 1 1111 15 is_stmt 0 view .LVU572
 1818 0026 0223     		movs	r3, #2
 1819 0028 4374     		strb	r3, [r0, #17]
1114:Drivers/STM32F1xx_HAL_Driver/Src/stm32f1xx_hal_rtc.c ****   {
 1820              		.loc 1 1114 3 is_stmt 1 view .LVU573
1114:Drivers/STM32F1xx_HAL_Driver/Src/stm32f1xx_hal_rtc.c ****   {
 1821              		.loc 1 1114 7 is_stmt 0 view .LVU574
 1822 002a 0022     		movs	r2, #0
 1823              	.LVL184:
1114:Drivers/STM32F1xx_HAL_Driver/Src/stm32f1xx_hal_rtc.c ****   {
 1824              		.loc 1 1114 7 view .LVU575
 1825 002c 01A9     		add	r1, sp, #4
 1826              	.LVL185:
1114:Drivers/STM32F1xx_HAL_Driver/Src/stm32f1xx_hal_rtc.c ****   {
 1827              		.loc 1 1114 7 view .LVU576
ARM GAS  /tmp/ccLN6BmF.s 			page 75


 1828 002e FFF7FEFF 		bl	HAL_RTC_GetTime
 1829              	.LVL186:
1114:Drivers/STM32F1xx_HAL_Driver/Src/stm32f1xx_hal_rtc.c ****   {
 1830              		.loc 1 1114 6 discriminator 1 view .LVU577
 1831 0032 0028     		cmp	r0, #0
 1832 0034 46D1     		bne	.L132
1120:Drivers/STM32F1xx_HAL_Driver/Src/stm32f1xx_hal_rtc.c ****                             ((uint32_t)stime.Minutes * 60U) + \
 1833              		.loc 1 1120 3 is_stmt 1 view .LVU578
1120:Drivers/STM32F1xx_HAL_Driver/Src/stm32f1xx_hal_rtc.c ****                             ((uint32_t)stime.Minutes * 60U) + \
 1834              		.loc 1 1120 45 is_stmt 0 view .LVU579
 1835 0036 9DF80430 		ldrb	r3, [sp, #4]	@ zero_extendqisi2
1121:Drivers/STM32F1xx_HAL_Driver/Src/stm32f1xx_hal_rtc.c ****                             ((uint32_t)stime.Seconds));
 1836              		.loc 1 1121 45 view .LVU580
 1837 003a 9DF80570 		ldrb	r7, [sp, #5]	@ zero_extendqisi2
1121:Drivers/STM32F1xx_HAL_Driver/Src/stm32f1xx_hal_rtc.c ****                             ((uint32_t)stime.Seconds));
 1838              		.loc 1 1121 54 view .LVU581
 1839 003e C7EB0717 		rsb	r7, r7, r7, lsl #4
 1840 0042 BF00     		lsls	r7, r7, #2
1120:Drivers/STM32F1xx_HAL_Driver/Src/stm32f1xx_hal_rtc.c ****                             ((uint32_t)stime.Minutes * 60U) + \
 1841              		.loc 1 1120 61 view .LVU582
 1842 0044 4FF46162 		mov	r2, #3600
 1843 0048 02FB0377 		mla	r7, r2, r3, r7
1122:Drivers/STM32F1xx_HAL_Driver/Src/stm32f1xx_hal_rtc.c **** 
 1844              		.loc 1 1122 45 view .LVU583
 1845 004c 9DF80630 		ldrb	r3, [sp, #6]	@ zero_extendqisi2
1120:Drivers/STM32F1xx_HAL_Driver/Src/stm32f1xx_hal_rtc.c ****                             ((uint32_t)stime.Minutes * 60U) + \
 1846              		.loc 1 1120 16 view .LVU584
 1847 0050 1F44     		add	r7, r7, r3
 1848              	.LVL187:
1124:Drivers/STM32F1xx_HAL_Driver/Src/stm32f1xx_hal_rtc.c ****   {
 1849              		.loc 1 1124 3 is_stmt 1 view .LVU585
1124:Drivers/STM32F1xx_HAL_Driver/Src/stm32f1xx_hal_rtc.c ****   {
 1850              		.loc 1 1124 6 is_stmt 0 view .LVU586
 1851 0052 C5B9     		cbnz	r5, .L125
1126:Drivers/STM32F1xx_HAL_Driver/Src/stm32f1xx_hal_rtc.c ****     assert_param(IS_RTC_MINUTES(sAlarm->AlarmTime.Minutes));
 1852              		.loc 1 1126 5 is_stmt 1 view .LVU587
1127:Drivers/STM32F1xx_HAL_Driver/Src/stm32f1xx_hal_rtc.c ****     assert_param(IS_RTC_SECONDS(sAlarm->AlarmTime.Seconds));
 1853              		.loc 1 1127 5 view .LVU588
1128:Drivers/STM32F1xx_HAL_Driver/Src/stm32f1xx_hal_rtc.c **** 
 1854              		.loc 1 1128 5 view .LVU589
1130:Drivers/STM32F1xx_HAL_Driver/Src/stm32f1xx_hal_rtc.c ****                                ((uint32_t)sAlarm->AlarmTime.Minutes * 60U) + \
 1855              		.loc 1 1130 5 view .LVU590
1130:Drivers/STM32F1xx_HAL_Driver/Src/stm32f1xx_hal_rtc.c ****                                ((uint32_t)sAlarm->AlarmTime.Minutes * 60U) + \
 1856              		.loc 1 1130 60 is_stmt 0 view .LVU591
 1857 0054 2378     		ldrb	r3, [r4]	@ zero_extendqisi2
1131:Drivers/STM32F1xx_HAL_Driver/Src/stm32f1xx_hal_rtc.c ****                                ((uint32_t)sAlarm->AlarmTime.Seconds));
 1858              		.loc 1 1131 60 view .LVU592
 1859 0056 6178     		ldrb	r1, [r4, #1]	@ zero_extendqisi2
1131:Drivers/STM32F1xx_HAL_Driver/Src/stm32f1xx_hal_rtc.c ****                                ((uint32_t)sAlarm->AlarmTime.Seconds));
 1860              		.loc 1 1131 69 view .LVU593
 1861 0058 C1EB0111 		rsb	r1, r1, r1, lsl #4
 1862 005c 8900     		lsls	r1, r1, #2
1130:Drivers/STM32F1xx_HAL_Driver/Src/stm32f1xx_hal_rtc.c ****                                ((uint32_t)sAlarm->AlarmTime.Minutes * 60U) + \
 1863              		.loc 1 1130 76 view .LVU594
 1864 005e 02FB0311 		mla	r1, r2, r3, r1
1132:Drivers/STM32F1xx_HAL_Driver/Src/stm32f1xx_hal_rtc.c ****   }
 1865              		.loc 1 1132 60 view .LVU595
ARM GAS  /tmp/ccLN6BmF.s 			page 76


 1866 0062 A378     		ldrb	r3, [r4, #2]	@ zero_extendqisi2
1130:Drivers/STM32F1xx_HAL_Driver/Src/stm32f1xx_hal_rtc.c ****                                ((uint32_t)sAlarm->AlarmTime.Minutes * 60U) + \
 1867              		.loc 1 1130 19 view .LVU596
 1868 0064 1944     		add	r1, r1, r3
 1869              	.LVL188:
 1870              	.L126:
1146:Drivers/STM32F1xx_HAL_Driver/Src/stm32f1xx_hal_rtc.c ****   {
 1871              		.loc 1 1146 3 is_stmt 1 view .LVU597
1146:Drivers/STM32F1xx_HAL_Driver/Src/stm32f1xx_hal_rtc.c ****   {
 1872              		.loc 1 1146 6 is_stmt 0 view .LVU598
 1873 0066 B942     		cmp	r1, r7
 1874 0068 03D2     		bcs	.L127
1149:Drivers/STM32F1xx_HAL_Driver/Src/stm32f1xx_hal_rtc.c ****   }
 1875              		.loc 1 1149 5 is_stmt 1 view .LVU599
1149:Drivers/STM32F1xx_HAL_Driver/Src/stm32f1xx_hal_rtc.c ****   }
 1876              		.loc 1 1149 19 is_stmt 0 view .LVU600
 1877 006a 01F5A831 		add	r1, r1, #86016
 1878              	.LVL189:
1149:Drivers/STM32F1xx_HAL_Driver/Src/stm32f1xx_hal_rtc.c ****   }
 1879              		.loc 1 1149 19 view .LVU601
 1880 006e 01F5C071 		add	r1, r1, #384
 1881              	.LVL190:
 1882              	.L127:
1153:Drivers/STM32F1xx_HAL_Driver/Src/stm32f1xx_hal_rtc.c ****   {
 1883              		.loc 1 1153 3 is_stmt 1 view .LVU602
1153:Drivers/STM32F1xx_HAL_Driver/Src/stm32f1xx_hal_rtc.c ****   {
 1884              		.loc 1 1153 7 is_stmt 0 view .LVU603
 1885 0072 3046     		mov	r0, r6
 1886 0074 FFF7FEFF 		bl	RTC_WriteAlarmCounter
 1887              	.LVL191:
1153:Drivers/STM32F1xx_HAL_Driver/Src/stm32f1xx_hal_rtc.c ****   {
 1888              		.loc 1 1153 6 discriminator 1 view .LVU604
 1889 0078 C0B1     		cbz	r0, .L128
1156:Drivers/STM32F1xx_HAL_Driver/Src/stm32f1xx_hal_rtc.c **** 
 1890              		.loc 1 1156 5 is_stmt 1 view .LVU605
1156:Drivers/STM32F1xx_HAL_Driver/Src/stm32f1xx_hal_rtc.c **** 
 1891              		.loc 1 1156 17 is_stmt 0 view .LVU606
 1892 007a 0423     		movs	r3, #4
 1893 007c 7374     		strb	r3, [r6, #17]
1159:Drivers/STM32F1xx_HAL_Driver/Src/stm32f1xx_hal_rtc.c **** 
 1894              		.loc 1 1159 5 is_stmt 1 view .LVU607
1159:Drivers/STM32F1xx_HAL_Driver/Src/stm32f1xx_hal_rtc.c **** 
 1895              		.loc 1 1159 5 view .LVU608
 1896 007e 0023     		movs	r3, #0
 1897 0080 3374     		strb	r3, [r6, #16]
1159:Drivers/STM32F1xx_HAL_Driver/Src/stm32f1xx_hal_rtc.c **** 
 1898              		.loc 1 1159 5 view .LVU609
1161:Drivers/STM32F1xx_HAL_Driver/Src/stm32f1xx_hal_rtc.c ****   }
 1899              		.loc 1 1161 5 view .LVU610
1161:Drivers/STM32F1xx_HAL_Driver/Src/stm32f1xx_hal_rtc.c ****   }
 1900              		.loc 1 1161 12 is_stmt 0 view .LVU611
 1901 0082 0120     		movs	r0, #1
 1902 0084 18E0     		b	.L124
 1903              	.LVL192:
 1904              	.L125:
1136:Drivers/STM32F1xx_HAL_Driver/Src/stm32f1xx_hal_rtc.c ****     assert_param(IS_RTC_MINUTES(RTC_Bcd2ToByte(sAlarm->AlarmTime.Minutes)));
 1905              		.loc 1 1136 5 is_stmt 1 view .LVU612
ARM GAS  /tmp/ccLN6BmF.s 			page 77


1137:Drivers/STM32F1xx_HAL_Driver/Src/stm32f1xx_hal_rtc.c ****     assert_param(IS_RTC_SECONDS(RTC_Bcd2ToByte(sAlarm->AlarmTime.Seconds)));
 1906              		.loc 1 1137 5 view .LVU613
1138:Drivers/STM32F1xx_HAL_Driver/Src/stm32f1xx_hal_rtc.c **** 
 1907              		.loc 1 1138 5 view .LVU614
1140:Drivers/STM32F1xx_HAL_Driver/Src/stm32f1xx_hal_rtc.c ****                      ((uint32_t)(RTC_Bcd2ToByte(sAlarm->AlarmTime.Minutes)) * 60U) + \
 1908              		.loc 1 1140 5 view .LVU615
1140:Drivers/STM32F1xx_HAL_Driver/Src/stm32f1xx_hal_rtc.c ****                      ((uint32_t)(RTC_Bcd2ToByte(sAlarm->AlarmTime.Minutes)) * 60U) + \
 1909              		.loc 1 1140 34 is_stmt 0 view .LVU616
 1910 0086 2078     		ldrb	r0, [r4]	@ zero_extendqisi2
 1911 0088 FFF7FEFF 		bl	RTC_Bcd2ToByte
 1912              	.LVL193:
1140:Drivers/STM32F1xx_HAL_Driver/Src/stm32f1xx_hal_rtc.c ****                      ((uint32_t)(RTC_Bcd2ToByte(sAlarm->AlarmTime.Minutes)) * 60U) + \
 1913              		.loc 1 1140 75 discriminator 1 view .LVU617
 1914 008c 4FF46163 		mov	r3, #3600
 1915 0090 03FB00F5 		mul	r5, r3, r0
 1916              	.LVL194:
1141:Drivers/STM32F1xx_HAL_Driver/Src/stm32f1xx_hal_rtc.c ****                      ((uint32_t)RTC_Bcd2ToByte(sAlarm->AlarmTime.Seconds)));
 1917              		.loc 1 1141 34 view .LVU618
 1918 0094 6078     		ldrb	r0, [r4, #1]	@ zero_extendqisi2
 1919 0096 FFF7FEFF 		bl	RTC_Bcd2ToByte
 1920              	.LVL195:
1141:Drivers/STM32F1xx_HAL_Driver/Src/stm32f1xx_hal_rtc.c ****                      ((uint32_t)RTC_Bcd2ToByte(sAlarm->AlarmTime.Seconds)));
 1921              		.loc 1 1141 77 discriminator 1 view .LVU619
 1922 009a C0EB0010 		rsb	r0, r0, r0, lsl #4
1140:Drivers/STM32F1xx_HAL_Driver/Src/stm32f1xx_hal_rtc.c ****                      ((uint32_t)(RTC_Bcd2ToByte(sAlarm->AlarmTime.Minutes)) * 60U) + \
 1923              		.loc 1 1140 84 view .LVU620
 1924 009e 05EB8005 		add	r5, r5, r0, lsl #2
1142:Drivers/STM32F1xx_HAL_Driver/Src/stm32f1xx_hal_rtc.c ****   }
 1925              		.loc 1 1142 33 view .LVU621
 1926 00a2 A078     		ldrb	r0, [r4, #2]	@ zero_extendqisi2
 1927 00a4 FFF7FEFF 		bl	RTC_Bcd2ToByte
 1928              	.LVL196:
1140:Drivers/STM32F1xx_HAL_Driver/Src/stm32f1xx_hal_rtc.c ****                      ((uint32_t)(RTC_Bcd2ToByte(sAlarm->AlarmTime.Minutes)) * 60U) + \
 1929              		.loc 1 1140 19 view .LVU622
 1930 00a8 2918     		adds	r1, r5, r0
 1931 00aa DCE7     		b	.L126
 1932              	.LVL197:
 1933              	.L128:
1165:Drivers/STM32F1xx_HAL_Driver/Src/stm32f1xx_hal_rtc.c **** 
 1934              		.loc 1 1165 5 is_stmt 1 view .LVU623
1165:Drivers/STM32F1xx_HAL_Driver/Src/stm32f1xx_hal_rtc.c **** 
 1935              		.loc 1 1165 17 is_stmt 0 view .LVU624
 1936 00ac 0123     		movs	r3, #1
 1937 00ae 7374     		strb	r3, [r6, #17]
1167:Drivers/STM32F1xx_HAL_Driver/Src/stm32f1xx_hal_rtc.c **** 
 1938              		.loc 1 1167 5 is_stmt 1 view .LVU625
1167:Drivers/STM32F1xx_HAL_Driver/Src/stm32f1xx_hal_rtc.c **** 
 1939              		.loc 1 1167 5 view .LVU626
 1940 00b0 0023     		movs	r3, #0
 1941 00b2 3374     		strb	r3, [r6, #16]
1167:Drivers/STM32F1xx_HAL_Driver/Src/stm32f1xx_hal_rtc.c **** 
 1942              		.loc 1 1167 5 view .LVU627
1169:Drivers/STM32F1xx_HAL_Driver/Src/stm32f1xx_hal_rtc.c ****   }
 1943              		.loc 1 1169 5 view .LVU628
1169:Drivers/STM32F1xx_HAL_Driver/Src/stm32f1xx_hal_rtc.c ****   }
 1944              		.loc 1 1169 12 is_stmt 0 view .LVU629
 1945 00b4 00E0     		b	.L124
ARM GAS  /tmp/ccLN6BmF.s 			page 78


 1946              	.LVL198:
 1947              	.L129:
1101:Drivers/STM32F1xx_HAL_Driver/Src/stm32f1xx_hal_rtc.c ****   }
 1948              		.loc 1 1101 12 view .LVU630
 1949 00b6 0120     		movs	r0, #1
 1950              	.LVL199:
 1951              	.L124:
1171:Drivers/STM32F1xx_HAL_Driver/Src/stm32f1xx_hal_rtc.c **** 
 1952              		.loc 1 1171 1 view .LVU631
 1953 00b8 03B0     		add	sp, sp, #12
 1954              	.LCFI19:
 1955              		.cfi_remember_state
 1956              		.cfi_def_cfa_offset 20
 1957              		@ sp needed
 1958 00ba F0BD     		pop	{r4, r5, r6, r7, pc}
 1959              	.LVL200:
 1960              	.L130:
 1961              	.LCFI20:
 1962              		.cfi_restore_state
1101:Drivers/STM32F1xx_HAL_Driver/Src/stm32f1xx_hal_rtc.c ****   }
 1963              		.loc 1 1101 12 view .LVU632
 1964 00bc 0120     		movs	r0, #1
 1965              	.LVL201:
1101:Drivers/STM32F1xx_HAL_Driver/Src/stm32f1xx_hal_rtc.c ****   }
 1966              		.loc 1 1101 12 view .LVU633
 1967 00be FBE7     		b	.L124
 1968              	.LVL202:
 1969              	.L131:
1109:Drivers/STM32F1xx_HAL_Driver/Src/stm32f1xx_hal_rtc.c **** 
 1970              		.loc 1 1109 3 discriminator 1 view .LVU634
 1971 00c0 0220     		movs	r0, #2
 1972              	.LVL203:
1109:Drivers/STM32F1xx_HAL_Driver/Src/stm32f1xx_hal_rtc.c **** 
 1973              		.loc 1 1109 3 discriminator 1 view .LVU635
 1974 00c2 F9E7     		b	.L124
 1975              	.LVL204:
 1976              	.L132:
1116:Drivers/STM32F1xx_HAL_Driver/Src/stm32f1xx_hal_rtc.c ****   }
 1977              		.loc 1 1116 12 view .LVU636
 1978 00c4 0120     		movs	r0, #1
 1979 00c6 F7E7     		b	.L124
 1980              		.cfi_endproc
 1981              	.LFE73:
 1983              		.section	.text.HAL_RTC_SetAlarm_IT,"ax",%progbits
 1984              		.align	1
 1985              		.global	HAL_RTC_SetAlarm_IT
 1986              		.syntax unified
 1987              		.thumb
 1988              		.thumb_func
 1990              	HAL_RTC_SetAlarm_IT:
 1991              	.LVL205:
 1992              	.LFB74:
1186:Drivers/STM32F1xx_HAL_Driver/Src/stm32f1xx_hal_rtc.c ****   uint32_t counter_alarm = 0U, counter_time;
 1993              		.loc 1 1186 1 is_stmt 1 view -0
 1994              		.cfi_startproc
 1995              		@ args = 0, pretend = 0, frame = 8
 1996              		@ frame_needed = 0, uses_anonymous_args = 0
ARM GAS  /tmp/ccLN6BmF.s 			page 79


1186:Drivers/STM32F1xx_HAL_Driver/Src/stm32f1xx_hal_rtc.c ****   uint32_t counter_alarm = 0U, counter_time;
 1997              		.loc 1 1186 1 is_stmt 0 view .LVU638
 1998 0000 F0B5     		push	{r4, r5, r6, r7, lr}
 1999              	.LCFI21:
 2000              		.cfi_def_cfa_offset 20
 2001              		.cfi_offset 4, -20
 2002              		.cfi_offset 5, -16
 2003              		.cfi_offset 6, -12
 2004              		.cfi_offset 7, -8
 2005              		.cfi_offset 14, -4
 2006 0002 83B0     		sub	sp, sp, #12
 2007              	.LCFI22:
 2008              		.cfi_def_cfa_offset 32
 2009 0004 1646     		mov	r6, r2
1187:Drivers/STM32F1xx_HAL_Driver/Src/stm32f1xx_hal_rtc.c ****   RTC_TimeTypeDef stime = {0U};
 2010              		.loc 1 1187 3 is_stmt 1 view .LVU639
 2011              	.LVL206:
1188:Drivers/STM32F1xx_HAL_Driver/Src/stm32f1xx_hal_rtc.c **** 
 2012              		.loc 1 1188 3 view .LVU640
1188:Drivers/STM32F1xx_HAL_Driver/Src/stm32f1xx_hal_rtc.c **** 
 2013              		.loc 1 1188 19 is_stmt 0 view .LVU641
 2014 0006 0023     		movs	r3, #0
 2015 0008 ADF80430 		strh	r3, [sp, #4]	@ movhi
 2016 000c 8DF80630 		strb	r3, [sp, #6]
1191:Drivers/STM32F1xx_HAL_Driver/Src/stm32f1xx_hal_rtc.c ****   {
 2017              		.loc 1 1191 3 is_stmt 1 view .LVU642
1191:Drivers/STM32F1xx_HAL_Driver/Src/stm32f1xx_hal_rtc.c ****   {
 2018              		.loc 1 1191 6 is_stmt 0 view .LVU643
 2019 0010 0028     		cmp	r0, #0
 2020 0012 63D0     		beq	.L140
 2021 0014 0C46     		mov	r4, r1
 2022 0016 0546     		mov	r5, r0
1191:Drivers/STM32F1xx_HAL_Driver/Src/stm32f1xx_hal_rtc.c ****   {
 2023              		.loc 1 1191 22 discriminator 1 view .LVU644
 2024 0018 0029     		cmp	r1, #0
 2025 001a 62D0     		beq	.L141
1197:Drivers/STM32F1xx_HAL_Driver/Src/stm32f1xx_hal_rtc.c ****   assert_param(IS_RTC_ALARM(sAlarm->Alarm));
 2026              		.loc 1 1197 3 is_stmt 1 view .LVU645
1198:Drivers/STM32F1xx_HAL_Driver/Src/stm32f1xx_hal_rtc.c **** 
 2027              		.loc 1 1198 3 view .LVU646
1201:Drivers/STM32F1xx_HAL_Driver/Src/stm32f1xx_hal_rtc.c **** 
 2028              		.loc 1 1201 3 view .LVU647
1201:Drivers/STM32F1xx_HAL_Driver/Src/stm32f1xx_hal_rtc.c **** 
 2029              		.loc 1 1201 3 view .LVU648
 2030 001c 037C     		ldrb	r3, [r0, #16]	@ zero_extendqisi2
 2031 001e 012B     		cmp	r3, #1
 2032 0020 61D0     		beq	.L142
1201:Drivers/STM32F1xx_HAL_Driver/Src/stm32f1xx_hal_rtc.c **** 
 2033              		.loc 1 1201 3 discriminator 2 view .LVU649
 2034 0022 0123     		movs	r3, #1
 2035 0024 0374     		strb	r3, [r0, #16]
1201:Drivers/STM32F1xx_HAL_Driver/Src/stm32f1xx_hal_rtc.c **** 
 2036              		.loc 1 1201 3 view .LVU650
1203:Drivers/STM32F1xx_HAL_Driver/Src/stm32f1xx_hal_rtc.c **** 
 2037              		.loc 1 1203 3 view .LVU651
1203:Drivers/STM32F1xx_HAL_Driver/Src/stm32f1xx_hal_rtc.c **** 
 2038              		.loc 1 1203 15 is_stmt 0 view .LVU652
ARM GAS  /tmp/ccLN6BmF.s 			page 80


 2039 0026 0223     		movs	r3, #2
 2040 0028 4374     		strb	r3, [r0, #17]
1206:Drivers/STM32F1xx_HAL_Driver/Src/stm32f1xx_hal_rtc.c ****   {
 2041              		.loc 1 1206 3 is_stmt 1 view .LVU653
1206:Drivers/STM32F1xx_HAL_Driver/Src/stm32f1xx_hal_rtc.c ****   {
 2042              		.loc 1 1206 7 is_stmt 0 view .LVU654
 2043 002a 0022     		movs	r2, #0
 2044              	.LVL207:
1206:Drivers/STM32F1xx_HAL_Driver/Src/stm32f1xx_hal_rtc.c ****   {
 2045              		.loc 1 1206 7 view .LVU655
 2046 002c 01A9     		add	r1, sp, #4
 2047              	.LVL208:
1206:Drivers/STM32F1xx_HAL_Driver/Src/stm32f1xx_hal_rtc.c ****   {
 2048              		.loc 1 1206 7 view .LVU656
 2049 002e FFF7FEFF 		bl	HAL_RTC_GetTime
 2050              	.LVL209:
1206:Drivers/STM32F1xx_HAL_Driver/Src/stm32f1xx_hal_rtc.c ****   {
 2051              		.loc 1 1206 6 discriminator 1 view .LVU657
 2052 0032 0028     		cmp	r0, #0
 2053 0034 59D1     		bne	.L143
1212:Drivers/STM32F1xx_HAL_Driver/Src/stm32f1xx_hal_rtc.c ****                             ((uint32_t)stime.Minutes * 60U) + \
 2054              		.loc 1 1212 3 is_stmt 1 view .LVU658
1212:Drivers/STM32F1xx_HAL_Driver/Src/stm32f1xx_hal_rtc.c ****                             ((uint32_t)stime.Minutes * 60U) + \
 2055              		.loc 1 1212 45 is_stmt 0 view .LVU659
 2056 0036 9DF80430 		ldrb	r3, [sp, #4]	@ zero_extendqisi2
1213:Drivers/STM32F1xx_HAL_Driver/Src/stm32f1xx_hal_rtc.c ****                             ((uint32_t)stime.Seconds));
 2057              		.loc 1 1213 45 view .LVU660
 2058 003a 9DF80570 		ldrb	r7, [sp, #5]	@ zero_extendqisi2
1213:Drivers/STM32F1xx_HAL_Driver/Src/stm32f1xx_hal_rtc.c ****                             ((uint32_t)stime.Seconds));
 2059              		.loc 1 1213 54 view .LVU661
 2060 003e C7EB0717 		rsb	r7, r7, r7, lsl #4
 2061 0042 BF00     		lsls	r7, r7, #2
1212:Drivers/STM32F1xx_HAL_Driver/Src/stm32f1xx_hal_rtc.c ****                             ((uint32_t)stime.Minutes * 60U) + \
 2062              		.loc 1 1212 61 view .LVU662
 2063 0044 4FF46162 		mov	r2, #3600
 2064 0048 02FB0377 		mla	r7, r2, r3, r7
1214:Drivers/STM32F1xx_HAL_Driver/Src/stm32f1xx_hal_rtc.c **** 
 2065              		.loc 1 1214 45 view .LVU663
 2066 004c 9DF80630 		ldrb	r3, [sp, #6]	@ zero_extendqisi2
1212:Drivers/STM32F1xx_HAL_Driver/Src/stm32f1xx_hal_rtc.c ****                             ((uint32_t)stime.Minutes * 60U) + \
 2067              		.loc 1 1212 16 view .LVU664
 2068 0050 1F44     		add	r7, r7, r3
 2069              	.LVL210:
1216:Drivers/STM32F1xx_HAL_Driver/Src/stm32f1xx_hal_rtc.c ****   {
 2070              		.loc 1 1216 3 is_stmt 1 view .LVU665
1216:Drivers/STM32F1xx_HAL_Driver/Src/stm32f1xx_hal_rtc.c ****   {
 2071              		.loc 1 1216 6 is_stmt 0 view .LVU666
 2072 0052 C6B9     		cbnz	r6, .L136
1218:Drivers/STM32F1xx_HAL_Driver/Src/stm32f1xx_hal_rtc.c ****     assert_param(IS_RTC_MINUTES(sAlarm->AlarmTime.Minutes));
 2073              		.loc 1 1218 5 is_stmt 1 view .LVU667
1219:Drivers/STM32F1xx_HAL_Driver/Src/stm32f1xx_hal_rtc.c ****     assert_param(IS_RTC_SECONDS(sAlarm->AlarmTime.Seconds));
 2074              		.loc 1 1219 5 view .LVU668
1220:Drivers/STM32F1xx_HAL_Driver/Src/stm32f1xx_hal_rtc.c **** 
 2075              		.loc 1 1220 5 view .LVU669
1222:Drivers/STM32F1xx_HAL_Driver/Src/stm32f1xx_hal_rtc.c ****                                ((uint32_t)sAlarm->AlarmTime.Minutes * 60U) + \
 2076              		.loc 1 1222 5 view .LVU670
1222:Drivers/STM32F1xx_HAL_Driver/Src/stm32f1xx_hal_rtc.c ****                                ((uint32_t)sAlarm->AlarmTime.Minutes * 60U) + \
ARM GAS  /tmp/ccLN6BmF.s 			page 81


 2077              		.loc 1 1222 60 is_stmt 0 view .LVU671
 2078 0054 2378     		ldrb	r3, [r4]	@ zero_extendqisi2
1223:Drivers/STM32F1xx_HAL_Driver/Src/stm32f1xx_hal_rtc.c ****                                ((uint32_t)sAlarm->AlarmTime.Seconds));
 2079              		.loc 1 1223 60 view .LVU672
 2080 0056 6178     		ldrb	r1, [r4, #1]	@ zero_extendqisi2
1223:Drivers/STM32F1xx_HAL_Driver/Src/stm32f1xx_hal_rtc.c ****                                ((uint32_t)sAlarm->AlarmTime.Seconds));
 2081              		.loc 1 1223 69 view .LVU673
 2082 0058 C1EB0111 		rsb	r1, r1, r1, lsl #4
 2083 005c 8900     		lsls	r1, r1, #2
1222:Drivers/STM32F1xx_HAL_Driver/Src/stm32f1xx_hal_rtc.c ****                                ((uint32_t)sAlarm->AlarmTime.Minutes * 60U) + \
 2084              		.loc 1 1222 76 view .LVU674
 2085 005e 02FB0311 		mla	r1, r2, r3, r1
1224:Drivers/STM32F1xx_HAL_Driver/Src/stm32f1xx_hal_rtc.c ****   }
 2086              		.loc 1 1224 60 view .LVU675
 2087 0062 A378     		ldrb	r3, [r4, #2]	@ zero_extendqisi2
1222:Drivers/STM32F1xx_HAL_Driver/Src/stm32f1xx_hal_rtc.c ****                                ((uint32_t)sAlarm->AlarmTime.Minutes * 60U) + \
 2088              		.loc 1 1222 19 view .LVU676
 2089 0064 1944     		add	r1, r1, r3
 2090              	.LVL211:
 2091              	.L137:
1238:Drivers/STM32F1xx_HAL_Driver/Src/stm32f1xx_hal_rtc.c ****   {
 2092              		.loc 1 1238 3 is_stmt 1 view .LVU677
1238:Drivers/STM32F1xx_HAL_Driver/Src/stm32f1xx_hal_rtc.c ****   {
 2093              		.loc 1 1238 6 is_stmt 0 view .LVU678
 2094 0066 B942     		cmp	r1, r7
 2095 0068 03D2     		bcs	.L138
1241:Drivers/STM32F1xx_HAL_Driver/Src/stm32f1xx_hal_rtc.c ****   }
 2096              		.loc 1 1241 5 is_stmt 1 view .LVU679
1241:Drivers/STM32F1xx_HAL_Driver/Src/stm32f1xx_hal_rtc.c ****   }
 2097              		.loc 1 1241 19 is_stmt 0 view .LVU680
 2098 006a 01F5A831 		add	r1, r1, #86016
 2099              	.LVL212:
1241:Drivers/STM32F1xx_HAL_Driver/Src/stm32f1xx_hal_rtc.c ****   }
 2100              		.loc 1 1241 19 view .LVU681
 2101 006e 01F5C071 		add	r1, r1, #384
 2102              	.LVL213:
 2103              	.L138:
1245:Drivers/STM32F1xx_HAL_Driver/Src/stm32f1xx_hal_rtc.c ****   {
 2104              		.loc 1 1245 3 is_stmt 1 view .LVU682
1245:Drivers/STM32F1xx_HAL_Driver/Src/stm32f1xx_hal_rtc.c ****   {
 2105              		.loc 1 1245 7 is_stmt 0 view .LVU683
 2106 0072 2846     		mov	r0, r5
 2107 0074 FFF7FEFF 		bl	RTC_WriteAlarmCounter
 2108              	.LVL214:
1245:Drivers/STM32F1xx_HAL_Driver/Src/stm32f1xx_hal_rtc.c ****   {
 2109              		.loc 1 1245 6 discriminator 1 view .LVU684
 2110 0078 C0B1     		cbz	r0, .L139
1248:Drivers/STM32F1xx_HAL_Driver/Src/stm32f1xx_hal_rtc.c **** 
 2111              		.loc 1 1248 5 is_stmt 1 view .LVU685
1248:Drivers/STM32F1xx_HAL_Driver/Src/stm32f1xx_hal_rtc.c **** 
 2112              		.loc 1 1248 17 is_stmt 0 view .LVU686
 2113 007a 0423     		movs	r3, #4
 2114 007c 6B74     		strb	r3, [r5, #17]
1251:Drivers/STM32F1xx_HAL_Driver/Src/stm32f1xx_hal_rtc.c **** 
 2115              		.loc 1 1251 5 is_stmt 1 view .LVU687
1251:Drivers/STM32F1xx_HAL_Driver/Src/stm32f1xx_hal_rtc.c **** 
 2116              		.loc 1 1251 5 view .LVU688
ARM GAS  /tmp/ccLN6BmF.s 			page 82


 2117 007e 0023     		movs	r3, #0
 2118 0080 2B74     		strb	r3, [r5, #16]
1251:Drivers/STM32F1xx_HAL_Driver/Src/stm32f1xx_hal_rtc.c **** 
 2119              		.loc 1 1251 5 view .LVU689
1253:Drivers/STM32F1xx_HAL_Driver/Src/stm32f1xx_hal_rtc.c ****   }
 2120              		.loc 1 1253 5 view .LVU690
1253:Drivers/STM32F1xx_HAL_Driver/Src/stm32f1xx_hal_rtc.c ****   }
 2121              		.loc 1 1253 12 is_stmt 0 view .LVU691
 2122 0082 0120     		movs	r0, #1
 2123 0084 2BE0     		b	.L135
 2124              	.LVL215:
 2125              	.L136:
1228:Drivers/STM32F1xx_HAL_Driver/Src/stm32f1xx_hal_rtc.c ****     assert_param(IS_RTC_MINUTES(RTC_Bcd2ToByte(sAlarm->AlarmTime.Minutes)));
 2126              		.loc 1 1228 5 is_stmt 1 view .LVU692
1229:Drivers/STM32F1xx_HAL_Driver/Src/stm32f1xx_hal_rtc.c ****     assert_param(IS_RTC_SECONDS(RTC_Bcd2ToByte(sAlarm->AlarmTime.Seconds)));
 2127              		.loc 1 1229 5 view .LVU693
1230:Drivers/STM32F1xx_HAL_Driver/Src/stm32f1xx_hal_rtc.c **** 
 2128              		.loc 1 1230 5 view .LVU694
1232:Drivers/STM32F1xx_HAL_Driver/Src/stm32f1xx_hal_rtc.c ****                      ((uint32_t)(RTC_Bcd2ToByte(sAlarm->AlarmTime.Minutes)) * 60U) + \
 2129              		.loc 1 1232 5 view .LVU695
1232:Drivers/STM32F1xx_HAL_Driver/Src/stm32f1xx_hal_rtc.c ****                      ((uint32_t)(RTC_Bcd2ToByte(sAlarm->AlarmTime.Minutes)) * 60U) + \
 2130              		.loc 1 1232 34 is_stmt 0 view .LVU696
 2131 0086 2078     		ldrb	r0, [r4]	@ zero_extendqisi2
 2132 0088 FFF7FEFF 		bl	RTC_Bcd2ToByte
 2133              	.LVL216:
1232:Drivers/STM32F1xx_HAL_Driver/Src/stm32f1xx_hal_rtc.c ****                      ((uint32_t)(RTC_Bcd2ToByte(sAlarm->AlarmTime.Minutes)) * 60U) + \
 2134              		.loc 1 1232 75 discriminator 1 view .LVU697
 2135 008c 4FF46163 		mov	r3, #3600
 2136 0090 03FB00F6 		mul	r6, r3, r0
 2137              	.LVL217:
1233:Drivers/STM32F1xx_HAL_Driver/Src/stm32f1xx_hal_rtc.c ****                      ((uint32_t)RTC_Bcd2ToByte(sAlarm->AlarmTime.Seconds)));
 2138              		.loc 1 1233 34 view .LVU698
 2139 0094 6078     		ldrb	r0, [r4, #1]	@ zero_extendqisi2
 2140 0096 FFF7FEFF 		bl	RTC_Bcd2ToByte
 2141              	.LVL218:
1233:Drivers/STM32F1xx_HAL_Driver/Src/stm32f1xx_hal_rtc.c ****                      ((uint32_t)RTC_Bcd2ToByte(sAlarm->AlarmTime.Seconds)));
 2142              		.loc 1 1233 77 discriminator 1 view .LVU699
 2143 009a C0EB0010 		rsb	r0, r0, r0, lsl #4
1232:Drivers/STM32F1xx_HAL_Driver/Src/stm32f1xx_hal_rtc.c ****                      ((uint32_t)(RTC_Bcd2ToByte(sAlarm->AlarmTime.Minutes)) * 60U) + \
 2144              		.loc 1 1232 84 view .LVU700
 2145 009e 06EB8006 		add	r6, r6, r0, lsl #2
1234:Drivers/STM32F1xx_HAL_Driver/Src/stm32f1xx_hal_rtc.c ****   }
 2146              		.loc 1 1234 33 view .LVU701
 2147 00a2 A078     		ldrb	r0, [r4, #2]	@ zero_extendqisi2
 2148 00a4 FFF7FEFF 		bl	RTC_Bcd2ToByte
 2149              	.LVL219:
1232:Drivers/STM32F1xx_HAL_Driver/Src/stm32f1xx_hal_rtc.c ****                      ((uint32_t)(RTC_Bcd2ToByte(sAlarm->AlarmTime.Minutes)) * 60U) + \
 2150              		.loc 1 1232 19 view .LVU702
 2151 00a8 3118     		adds	r1, r6, r0
 2152 00aa DCE7     		b	.L137
 2153              	.LVL220:
 2154              	.L139:
1258:Drivers/STM32F1xx_HAL_Driver/Src/stm32f1xx_hal_rtc.c **** 
 2155              		.loc 1 1258 5 is_stmt 1 view .LVU703
 2156 00ac 2A68     		ldr	r2, [r5]
 2157 00ae 5368     		ldr	r3, [r2, #4]
 2158 00b0 23F00203 		bic	r3, r3, #2
ARM GAS  /tmp/ccLN6BmF.s 			page 83


 2159 00b4 5360     		str	r3, [r2, #4]
1261:Drivers/STM32F1xx_HAL_Driver/Src/stm32f1xx_hal_rtc.c **** 
 2160              		.loc 1 1261 5 view .LVU704
 2161 00b6 2A68     		ldr	r2, [r5]
 2162 00b8 1368     		ldr	r3, [r2]
 2163 00ba 43F00203 		orr	r3, r3, #2
 2164 00be 1360     		str	r3, [r2]
1264:Drivers/STM32F1xx_HAL_Driver/Src/stm32f1xx_hal_rtc.c **** 
 2165              		.loc 1 1264 5 view .LVU705
 2166 00c0 0B4B     		ldr	r3, .L145
 2167 00c2 1A68     		ldr	r2, [r3]
 2168 00c4 42F40032 		orr	r2, r2, #131072
 2169 00c8 1A60     		str	r2, [r3]
1266:Drivers/STM32F1xx_HAL_Driver/Src/stm32f1xx_hal_rtc.c **** 
 2170              		.loc 1 1266 5 view .LVU706
 2171 00ca 9A68     		ldr	r2, [r3, #8]
 2172 00cc 42F40032 		orr	r2, r2, #131072
 2173 00d0 9A60     		str	r2, [r3, #8]
1268:Drivers/STM32F1xx_HAL_Driver/Src/stm32f1xx_hal_rtc.c **** 
 2174              		.loc 1 1268 5 view .LVU707
1268:Drivers/STM32F1xx_HAL_Driver/Src/stm32f1xx_hal_rtc.c **** 
 2175              		.loc 1 1268 17 is_stmt 0 view .LVU708
 2176 00d2 0123     		movs	r3, #1
 2177 00d4 6B74     		strb	r3, [r5, #17]
1270:Drivers/STM32F1xx_HAL_Driver/Src/stm32f1xx_hal_rtc.c **** 
 2178              		.loc 1 1270 5 is_stmt 1 view .LVU709
1270:Drivers/STM32F1xx_HAL_Driver/Src/stm32f1xx_hal_rtc.c **** 
 2179              		.loc 1 1270 5 view .LVU710
 2180 00d6 0023     		movs	r3, #0
 2181 00d8 2B74     		strb	r3, [r5, #16]
1270:Drivers/STM32F1xx_HAL_Driver/Src/stm32f1xx_hal_rtc.c **** 
 2182              		.loc 1 1270 5 view .LVU711
1272:Drivers/STM32F1xx_HAL_Driver/Src/stm32f1xx_hal_rtc.c ****   }
 2183              		.loc 1 1272 5 view .LVU712
1272:Drivers/STM32F1xx_HAL_Driver/Src/stm32f1xx_hal_rtc.c ****   }
 2184              		.loc 1 1272 12 is_stmt 0 view .LVU713
 2185 00da 00E0     		b	.L135
 2186              	.LVL221:
 2187              	.L140:
1193:Drivers/STM32F1xx_HAL_Driver/Src/stm32f1xx_hal_rtc.c ****   }
 2188              		.loc 1 1193 12 view .LVU714
 2189 00dc 0120     		movs	r0, #1
 2190              	.LVL222:
 2191              	.L135:
1274:Drivers/STM32F1xx_HAL_Driver/Src/stm32f1xx_hal_rtc.c **** 
 2192              		.loc 1 1274 1 view .LVU715
 2193 00de 03B0     		add	sp, sp, #12
 2194              	.LCFI23:
 2195              		.cfi_remember_state
 2196              		.cfi_def_cfa_offset 20
 2197              		@ sp needed
 2198 00e0 F0BD     		pop	{r4, r5, r6, r7, pc}
 2199              	.LVL223:
 2200              	.L141:
 2201              	.LCFI24:
 2202              		.cfi_restore_state
1193:Drivers/STM32F1xx_HAL_Driver/Src/stm32f1xx_hal_rtc.c ****   }
ARM GAS  /tmp/ccLN6BmF.s 			page 84


 2203              		.loc 1 1193 12 view .LVU716
 2204 00e2 0120     		movs	r0, #1
 2205              	.LVL224:
1193:Drivers/STM32F1xx_HAL_Driver/Src/stm32f1xx_hal_rtc.c ****   }
 2206              		.loc 1 1193 12 view .LVU717
 2207 00e4 FBE7     		b	.L135
 2208              	.LVL225:
 2209              	.L142:
1201:Drivers/STM32F1xx_HAL_Driver/Src/stm32f1xx_hal_rtc.c **** 
 2210              		.loc 1 1201 3 discriminator 1 view .LVU718
 2211 00e6 0220     		movs	r0, #2
 2212              	.LVL226:
1201:Drivers/STM32F1xx_HAL_Driver/Src/stm32f1xx_hal_rtc.c **** 
 2213              		.loc 1 1201 3 discriminator 1 view .LVU719
 2214 00e8 F9E7     		b	.L135
 2215              	.LVL227:
 2216              	.L143:
1208:Drivers/STM32F1xx_HAL_Driver/Src/stm32f1xx_hal_rtc.c ****   }
 2217              		.loc 1 1208 12 view .LVU720
 2218 00ea 0120     		movs	r0, #1
 2219 00ec F7E7     		b	.L135
 2220              	.L146:
 2221 00ee 00BF     		.align	2
 2222              	.L145:
 2223 00f0 00040140 		.word	1073808384
 2224              		.cfi_endproc
 2225              	.LFE74:
 2227              		.section	.text.HAL_RTC_GetAlarm,"ax",%progbits
 2228              		.align	1
 2229              		.global	HAL_RTC_GetAlarm
 2230              		.syntax unified
 2231              		.thumb
 2232              		.thumb_func
 2234              	HAL_RTC_GetAlarm:
 2235              	.LVL228:
 2236              	.LFB75:
1291:Drivers/STM32F1xx_HAL_Driver/Src/stm32f1xx_hal_rtc.c ****   uint32_t counter_alarm = 0U;
 2237              		.loc 1 1291 1 is_stmt 1 view -0
 2238              		.cfi_startproc
 2239              		@ args = 0, pretend = 0, frame = 0
 2240              		@ frame_needed = 0, uses_anonymous_args = 0
1292:Drivers/STM32F1xx_HAL_Driver/Src/stm32f1xx_hal_rtc.c **** 
 2241              		.loc 1 1292 3 view .LVU722
1295:Drivers/STM32F1xx_HAL_Driver/Src/stm32f1xx_hal_rtc.c **** 
 2242              		.loc 1 1295 3 view .LVU723
1298:Drivers/STM32F1xx_HAL_Driver/Src/stm32f1xx_hal_rtc.c ****   {
 2243              		.loc 1 1298 3 view .LVU724
1298:Drivers/STM32F1xx_HAL_Driver/Src/stm32f1xx_hal_rtc.c ****   {
 2244              		.loc 1 1298 6 is_stmt 0 view .LVU725
 2245 0000 98B3     		cbz	r0, .L149
1291:Drivers/STM32F1xx_HAL_Driver/Src/stm32f1xx_hal_rtc.c ****   uint32_t counter_alarm = 0U;
 2246              		.loc 1 1291 1 view .LVU726
 2247 0002 F8B5     		push	{r3, r4, r5, r6, r7, lr}
 2248              	.LCFI25:
 2249              		.cfi_def_cfa_offset 24
 2250              		.cfi_offset 3, -24
 2251              		.cfi_offset 4, -20
ARM GAS  /tmp/ccLN6BmF.s 			page 85


 2252              		.cfi_offset 5, -16
 2253              		.cfi_offset 6, -12
 2254              		.cfi_offset 7, -8
 2255              		.cfi_offset 14, -4
 2256 0004 0D46     		mov	r5, r1
 2257 0006 1E46     		mov	r6, r3
1298:Drivers/STM32F1xx_HAL_Driver/Src/stm32f1xx_hal_rtc.c ****   {
 2258              		.loc 1 1298 22 discriminator 1 view .LVU727
 2259 0008 89B3     		cbz	r1, .L150
1304:Drivers/STM32F1xx_HAL_Driver/Src/stm32f1xx_hal_rtc.c ****   assert_param(IS_RTC_ALARM(Alarm));
 2260              		.loc 1 1304 3 is_stmt 1 view .LVU728
1305:Drivers/STM32F1xx_HAL_Driver/Src/stm32f1xx_hal_rtc.c **** 
 2261              		.loc 1 1305 3 view .LVU729
1308:Drivers/STM32F1xx_HAL_Driver/Src/stm32f1xx_hal_rtc.c **** 
 2262              		.loc 1 1308 3 view .LVU730
1308:Drivers/STM32F1xx_HAL_Driver/Src/stm32f1xx_hal_rtc.c **** 
 2263              		.loc 1 1308 19 is_stmt 0 view .LVU731
 2264 000a FFF7FEFF 		bl	RTC_ReadAlarmCounter
 2265              	.LVL229:
1308:Drivers/STM32F1xx_HAL_Driver/Src/stm32f1xx_hal_rtc.c **** 
 2266              		.loc 1 1308 19 view .LVU732
 2267 000e 0246     		mov	r2, r0
 2268              	.LVL230:
1312:Drivers/STM32F1xx_HAL_Driver/Src/stm32f1xx_hal_rtc.c ****   sAlarm->AlarmTime.Minutes = (uint32_t)((counter_alarm % 3600U) / 60U);
 2269              		.loc 1 1312 3 is_stmt 1 view .LVU733
1312:Drivers/STM32F1xx_HAL_Driver/Src/stm32f1xx_hal_rtc.c ****   sAlarm->AlarmTime.Minutes = (uint32_t)((counter_alarm % 3600U) / 60U);
 2270              		.loc 1 1312 57 is_stmt 0 view .LVU734
 2271 0010 194B     		ldr	r3, .L156
 2272 0012 A3FB0013 		umull	r1, r3, r3, r0
 2273 0016 DB0A     		lsrs	r3, r3, #11
1312:Drivers/STM32F1xx_HAL_Driver/Src/stm32f1xx_hal_rtc.c ****   sAlarm->AlarmTime.Minutes = (uint32_t)((counter_alarm % 3600U) / 60U);
 2274              		.loc 1 1312 31 view .LVU735
 2275 0018 1848     		ldr	r0, .L156+4
 2276              	.LVL231:
1312:Drivers/STM32F1xx_HAL_Driver/Src/stm32f1xx_hal_rtc.c ****   sAlarm->AlarmTime.Minutes = (uint32_t)((counter_alarm % 3600U) / 60U);
 2277              		.loc 1 1312 31 view .LVU736
 2278 001a A0FB0310 		umull	r1, r0, r0, r3
 2279 001e 0009     		lsrs	r0, r0, #4
 2280 0020 00EB4000 		add	r0, r0, r0, lsl #1
 2281 0024 A3EBC000 		sub	r0, r3, r0, lsl #3
1312:Drivers/STM32F1xx_HAL_Driver/Src/stm32f1xx_hal_rtc.c ****   sAlarm->AlarmTime.Minutes = (uint32_t)((counter_alarm % 3600U) / 60U);
 2282              		.loc 1 1312 29 view .LVU737
 2283 0028 C0B2     		uxtb	r0, r0
 2284 002a 2870     		strb	r0, [r5]
1313:Drivers/STM32F1xx_HAL_Driver/Src/stm32f1xx_hal_rtc.c ****   sAlarm->AlarmTime.Seconds = (uint32_t)((counter_alarm % 3600U) % 60U);
 2285              		.loc 1 1313 3 is_stmt 1 view .LVU738
1313:Drivers/STM32F1xx_HAL_Driver/Src/stm32f1xx_hal_rtc.c ****   sAlarm->AlarmTime.Seconds = (uint32_t)((counter_alarm % 3600U) % 60U);
 2286              		.loc 1 1313 57 is_stmt 0 view .LVU739
 2287 002c 4FF46161 		mov	r1, #3600
 2288 0030 01FB1322 		mls	r2, r1, r3, r2
 2289              	.LVL232:
1313:Drivers/STM32F1xx_HAL_Driver/Src/stm32f1xx_hal_rtc.c ****   sAlarm->AlarmTime.Seconds = (uint32_t)((counter_alarm % 3600U) % 60U);
 2290              		.loc 1 1313 31 view .LVU740
 2291 0034 124F     		ldr	r7, .L156+8
 2292 0036 A7FB0237 		umull	r3, r7, r7, r2
 2293 003a 7B09     		lsrs	r3, r7, #5
1313:Drivers/STM32F1xx_HAL_Driver/Src/stm32f1xx_hal_rtc.c ****   sAlarm->AlarmTime.Seconds = (uint32_t)((counter_alarm % 3600U) % 60U);
ARM GAS  /tmp/ccLN6BmF.s 			page 86


 2294              		.loc 1 1313 29 view .LVU741
 2295 003c C7F34717 		ubfx	r7, r7, #5, #8
 2296 0040 6F70     		strb	r7, [r5, #1]
1314:Drivers/STM32F1xx_HAL_Driver/Src/stm32f1xx_hal_rtc.c **** 
 2297              		.loc 1 1314 3 is_stmt 1 view .LVU742
1314:Drivers/STM32F1xx_HAL_Driver/Src/stm32f1xx_hal_rtc.c **** 
 2298              		.loc 1 1314 31 is_stmt 0 view .LVU743
 2299 0042 C3EB0313 		rsb	r3, r3, r3, lsl #4
 2300 0046 A2EB8302 		sub	r2, r2, r3, lsl #2
1314:Drivers/STM32F1xx_HAL_Driver/Src/stm32f1xx_hal_rtc.c **** 
 2301              		.loc 1 1314 29 view .LVU744
 2302 004a D4B2     		uxtb	r4, r2
 2303 004c AC70     		strb	r4, [r5, #2]
1316:Drivers/STM32F1xx_HAL_Driver/Src/stm32f1xx_hal_rtc.c ****   {
 2304              		.loc 1 1316 3 is_stmt 1 view .LVU745
1316:Drivers/STM32F1xx_HAL_Driver/Src/stm32f1xx_hal_rtc.c ****   {
 2305              		.loc 1 1316 6 is_stmt 0 view .LVU746
 2306 004e 86B1     		cbz	r6, .L151
1318:Drivers/STM32F1xx_HAL_Driver/Src/stm32f1xx_hal_rtc.c ****     sAlarm->AlarmTime.Minutes = RTC_ByteToBcd2(sAlarm->AlarmTime.Minutes);
 2307              		.loc 1 1318 5 is_stmt 1 view .LVU747
1318:Drivers/STM32F1xx_HAL_Driver/Src/stm32f1xx_hal_rtc.c ****     sAlarm->AlarmTime.Minutes = RTC_ByteToBcd2(sAlarm->AlarmTime.Minutes);
 2308              		.loc 1 1318 33 is_stmt 0 view .LVU748
 2309 0050 FFF7FEFF 		bl	RTC_ByteToBcd2
 2310              	.LVL233:
1318:Drivers/STM32F1xx_HAL_Driver/Src/stm32f1xx_hal_rtc.c ****     sAlarm->AlarmTime.Minutes = RTC_ByteToBcd2(sAlarm->AlarmTime.Minutes);
 2311              		.loc 1 1318 31 discriminator 1 view .LVU749
 2312 0054 2870     		strb	r0, [r5]
1319:Drivers/STM32F1xx_HAL_Driver/Src/stm32f1xx_hal_rtc.c ****     sAlarm->AlarmTime.Seconds = RTC_ByteToBcd2(sAlarm->AlarmTime.Seconds);
 2313              		.loc 1 1319 5 is_stmt 1 view .LVU750
1319:Drivers/STM32F1xx_HAL_Driver/Src/stm32f1xx_hal_rtc.c ****     sAlarm->AlarmTime.Seconds = RTC_ByteToBcd2(sAlarm->AlarmTime.Seconds);
 2314              		.loc 1 1319 33 is_stmt 0 view .LVU751
 2315 0056 3846     		mov	r0, r7
 2316 0058 FFF7FEFF 		bl	RTC_ByteToBcd2
 2317              	.LVL234:
1319:Drivers/STM32F1xx_HAL_Driver/Src/stm32f1xx_hal_rtc.c ****     sAlarm->AlarmTime.Seconds = RTC_ByteToBcd2(sAlarm->AlarmTime.Seconds);
 2318              		.loc 1 1319 31 discriminator 1 view .LVU752
 2319 005c 6870     		strb	r0, [r5, #1]
1320:Drivers/STM32F1xx_HAL_Driver/Src/stm32f1xx_hal_rtc.c ****   }
 2320              		.loc 1 1320 5 is_stmt 1 view .LVU753
1320:Drivers/STM32F1xx_HAL_Driver/Src/stm32f1xx_hal_rtc.c ****   }
 2321              		.loc 1 1320 33 is_stmt 0 view .LVU754
 2322 005e 2046     		mov	r0, r4
 2323 0060 FFF7FEFF 		bl	RTC_ByteToBcd2
 2324              	.LVL235:
1320:Drivers/STM32F1xx_HAL_Driver/Src/stm32f1xx_hal_rtc.c ****   }
 2325              		.loc 1 1320 31 discriminator 1 view .LVU755
 2326 0064 A870     		strb	r0, [r5, #2]
1323:Drivers/STM32F1xx_HAL_Driver/Src/stm32f1xx_hal_rtc.c **** }
 2327              		.loc 1 1323 10 view .LVU756
 2328 0066 0020     		movs	r0, #0
 2329              	.LVL236:
 2330              	.L148:
1324:Drivers/STM32F1xx_HAL_Driver/Src/stm32f1xx_hal_rtc.c **** 
 2331              		.loc 1 1324 1 view .LVU757
 2332 0068 F8BD     		pop	{r3, r4, r5, r6, r7, pc}
 2333              	.LVL237:
 2334              	.L149:
ARM GAS  /tmp/ccLN6BmF.s 			page 87


 2335              	.LCFI26:
 2336              		.cfi_def_cfa_offset 0
 2337              		.cfi_restore 3
 2338              		.cfi_restore 4
 2339              		.cfi_restore 5
 2340              		.cfi_restore 6
 2341              		.cfi_restore 7
 2342              		.cfi_restore 14
1300:Drivers/STM32F1xx_HAL_Driver/Src/stm32f1xx_hal_rtc.c ****   }
 2343              		.loc 1 1300 12 view .LVU758
 2344 006a 0120     		movs	r0, #1
 2345              	.LVL238:
1324:Drivers/STM32F1xx_HAL_Driver/Src/stm32f1xx_hal_rtc.c **** 
 2346              		.loc 1 1324 1 view .LVU759
 2347 006c 7047     		bx	lr
 2348              	.LVL239:
 2349              	.L150:
 2350              	.LCFI27:
 2351              		.cfi_def_cfa_offset 24
 2352              		.cfi_offset 3, -24
 2353              		.cfi_offset 4, -20
 2354              		.cfi_offset 5, -16
 2355              		.cfi_offset 6, -12
 2356              		.cfi_offset 7, -8
 2357              		.cfi_offset 14, -4
1300:Drivers/STM32F1xx_HAL_Driver/Src/stm32f1xx_hal_rtc.c ****   }
 2358              		.loc 1 1300 12 view .LVU760
 2359 006e 0120     		movs	r0, #1
 2360              	.LVL240:
1300:Drivers/STM32F1xx_HAL_Driver/Src/stm32f1xx_hal_rtc.c ****   }
 2361              		.loc 1 1300 12 view .LVU761
 2362 0070 FAE7     		b	.L148
 2363              	.LVL241:
 2364              	.L151:
1323:Drivers/STM32F1xx_HAL_Driver/Src/stm32f1xx_hal_rtc.c **** }
 2365              		.loc 1 1323 10 view .LVU762
 2366 0072 0020     		movs	r0, #0
 2367 0074 F8E7     		b	.L148
 2368              	.L157:
 2369 0076 00BF     		.align	2
 2370              	.L156:
 2371 0078 C5B3A291 		.word	-1851608123
 2372 007c ABAAAAAA 		.word	-1431655765
 2373 0080 89888888 		.word	-2004318071
 2374              		.cfi_endproc
 2375              	.LFE75:
 2377              		.section	.text.HAL_RTC_DeactivateAlarm,"ax",%progbits
 2378              		.align	1
 2379              		.global	HAL_RTC_DeactivateAlarm
 2380              		.syntax unified
 2381              		.thumb
 2382              		.thumb_func
 2384              	HAL_RTC_DeactivateAlarm:
 2385              	.LVL242:
 2386              	.LFB76:
1336:Drivers/STM32F1xx_HAL_Driver/Src/stm32f1xx_hal_rtc.c ****   /* Prevent unused argument(s) compilation warning */
 2387              		.loc 1 1336 1 is_stmt 1 view -0
ARM GAS  /tmp/ccLN6BmF.s 			page 88


 2388              		.cfi_startproc
 2389              		@ args = 0, pretend = 0, frame = 0
 2390              		@ frame_needed = 0, uses_anonymous_args = 0
1338:Drivers/STM32F1xx_HAL_Driver/Src/stm32f1xx_hal_rtc.c **** 
 2391              		.loc 1 1338 3 view .LVU764
1341:Drivers/STM32F1xx_HAL_Driver/Src/stm32f1xx_hal_rtc.c **** 
 2392              		.loc 1 1341 3 view .LVU765
1344:Drivers/STM32F1xx_HAL_Driver/Src/stm32f1xx_hal_rtc.c ****   {
 2393              		.loc 1 1344 3 view .LVU766
1344:Drivers/STM32F1xx_HAL_Driver/Src/stm32f1xx_hal_rtc.c ****   {
 2394              		.loc 1 1344 6 is_stmt 0 view .LVU767
 2395 0000 0028     		cmp	r0, #0
 2396 0002 35D0     		beq	.L162
1336:Drivers/STM32F1xx_HAL_Driver/Src/stm32f1xx_hal_rtc.c ****   /* Prevent unused argument(s) compilation warning */
 2397              		.loc 1 1336 1 view .LVU768
 2398 0004 10B5     		push	{r4, lr}
 2399              	.LCFI28:
 2400              		.cfi_def_cfa_offset 8
 2401              		.cfi_offset 4, -8
 2402              		.cfi_offset 14, -4
 2403 0006 0446     		mov	r4, r0
1350:Drivers/STM32F1xx_HAL_Driver/Src/stm32f1xx_hal_rtc.c **** 
 2404              		.loc 1 1350 3 is_stmt 1 view .LVU769
1350:Drivers/STM32F1xx_HAL_Driver/Src/stm32f1xx_hal_rtc.c **** 
 2405              		.loc 1 1350 3 view .LVU770
 2406 0008 037C     		ldrb	r3, [r0, #16]	@ zero_extendqisi2
 2407 000a 012B     		cmp	r3, #1
 2408 000c 32D0     		beq	.L163
1350:Drivers/STM32F1xx_HAL_Driver/Src/stm32f1xx_hal_rtc.c **** 
 2409              		.loc 1 1350 3 discriminator 2 view .LVU771
 2410 000e 0123     		movs	r3, #1
 2411 0010 0374     		strb	r3, [r0, #16]
1350:Drivers/STM32F1xx_HAL_Driver/Src/stm32f1xx_hal_rtc.c **** 
 2412              		.loc 1 1350 3 view .LVU772
1352:Drivers/STM32F1xx_HAL_Driver/Src/stm32f1xx_hal_rtc.c **** 
 2413              		.loc 1 1352 3 view .LVU773
1352:Drivers/STM32F1xx_HAL_Driver/Src/stm32f1xx_hal_rtc.c **** 
 2414              		.loc 1 1352 15 is_stmt 0 view .LVU774
 2415 0012 0223     		movs	r3, #2
 2416 0014 4374     		strb	r3, [r0, #17]
1355:Drivers/STM32F1xx_HAL_Driver/Src/stm32f1xx_hal_rtc.c **** 
 2417              		.loc 1 1355 3 is_stmt 1 view .LVU775
 2418 0016 0268     		ldr	r2, [r0]
 2419 0018 1368     		ldr	r3, [r2]
 2420 001a 23F00203 		bic	r3, r3, #2
 2421 001e 1360     		str	r3, [r2]
1358:Drivers/STM32F1xx_HAL_Driver/Src/stm32f1xx_hal_rtc.c ****   {
 2422              		.loc 1 1358 3 view .LVU776
1358:Drivers/STM32F1xx_HAL_Driver/Src/stm32f1xx_hal_rtc.c ****   {
 2423              		.loc 1 1358 7 is_stmt 0 view .LVU777
 2424 0020 FFF7FEFF 		bl	RTC_EnterInitMode
 2425              	.LVL243:
1358:Drivers/STM32F1xx_HAL_Driver/Src/stm32f1xx_hal_rtc.c ****   {
 2426              		.loc 1 1358 6 discriminator 1 view .LVU778
 2427 0024 28B1     		cbz	r0, .L160
1361:Drivers/STM32F1xx_HAL_Driver/Src/stm32f1xx_hal_rtc.c **** 
 2428              		.loc 1 1361 5 is_stmt 1 view .LVU779
ARM GAS  /tmp/ccLN6BmF.s 			page 89


1361:Drivers/STM32F1xx_HAL_Driver/Src/stm32f1xx_hal_rtc.c **** 
 2429              		.loc 1 1361 17 is_stmt 0 view .LVU780
 2430 0026 0423     		movs	r3, #4
 2431 0028 6374     		strb	r3, [r4, #17]
1364:Drivers/STM32F1xx_HAL_Driver/Src/stm32f1xx_hal_rtc.c **** 
 2432              		.loc 1 1364 5 is_stmt 1 view .LVU781
1364:Drivers/STM32F1xx_HAL_Driver/Src/stm32f1xx_hal_rtc.c **** 
 2433              		.loc 1 1364 5 view .LVU782
 2434 002a 0023     		movs	r3, #0
 2435 002c 2374     		strb	r3, [r4, #16]
1364:Drivers/STM32F1xx_HAL_Driver/Src/stm32f1xx_hal_rtc.c **** 
 2436              		.loc 1 1364 5 view .LVU783
1366:Drivers/STM32F1xx_HAL_Driver/Src/stm32f1xx_hal_rtc.c ****   }
 2437              		.loc 1 1366 5 view .LVU784
1366:Drivers/STM32F1xx_HAL_Driver/Src/stm32f1xx_hal_rtc.c ****   }
 2438              		.loc 1 1366 12 is_stmt 0 view .LVU785
 2439 002e 0120     		movs	r0, #1
 2440              	.L159:
1397:Drivers/STM32F1xx_HAL_Driver/Src/stm32f1xx_hal_rtc.c **** 
 2441              		.loc 1 1397 1 view .LVU786
 2442 0030 10BD     		pop	{r4, pc}
 2443              	.LVL244:
 2444              	.L160:
1371:Drivers/STM32F1xx_HAL_Driver/Src/stm32f1xx_hal_rtc.c **** 
 2445              		.loc 1 1371 5 is_stmt 1 view .LVU787
 2446 0032 2268     		ldr	r2, [r4]
 2447 0034 5368     		ldr	r3, [r2, #4]
 2448 0036 23F00203 		bic	r3, r3, #2
 2449 003a 5360     		str	r3, [r2, #4]
1374:Drivers/STM32F1xx_HAL_Driver/Src/stm32f1xx_hal_rtc.c ****     WRITE_REG(hrtc->Instance->ALRL, RTC_ALARM_RESETVALUE_REGISTER);
 2450              		.loc 1 1374 5 view .LVU788
 2451 003c 2268     		ldr	r2, [r4]
 2452 003e 4FF6FF73 		movw	r3, #65535
 2453 0042 1362     		str	r3, [r2, #32]
1375:Drivers/STM32F1xx_HAL_Driver/Src/stm32f1xx_hal_rtc.c **** 
 2454              		.loc 1 1375 5 view .LVU789
 2455 0044 2268     		ldr	r2, [r4]
 2456 0046 5362     		str	r3, [r2, #36]
1378:Drivers/STM32F1xx_HAL_Driver/Src/stm32f1xx_hal_rtc.c **** 
 2457              		.loc 1 1378 5 view .LVU790
 2458 0048 0B4A     		ldr	r2, .L169
 2459 004a 1368     		ldr	r3, [r2]
 2460 004c 23F40033 		bic	r3, r3, #131072
 2461 0050 1360     		str	r3, [r2]
1381:Drivers/STM32F1xx_HAL_Driver/Src/stm32f1xx_hal_rtc.c ****     {
 2462              		.loc 1 1381 5 view .LVU791
1381:Drivers/STM32F1xx_HAL_Driver/Src/stm32f1xx_hal_rtc.c ****     {
 2463              		.loc 1 1381 9 is_stmt 0 view .LVU792
 2464 0052 2046     		mov	r0, r4
 2465 0054 FFF7FEFF 		bl	RTC_ExitInitMode
 2466              	.LVL245:
1381:Drivers/STM32F1xx_HAL_Driver/Src/stm32f1xx_hal_rtc.c ****     {
 2467              		.loc 1 1381 8 discriminator 1 view .LVU793
 2468 0058 20B9     		cbnz	r0, .L168
1391:Drivers/STM32F1xx_HAL_Driver/Src/stm32f1xx_hal_rtc.c **** 
 2469              		.loc 1 1391 3 is_stmt 1 view .LVU794
1391:Drivers/STM32F1xx_HAL_Driver/Src/stm32f1xx_hal_rtc.c **** 
ARM GAS  /tmp/ccLN6BmF.s 			page 90


 2470              		.loc 1 1391 15 is_stmt 0 view .LVU795
 2471 005a 0123     		movs	r3, #1
 2472 005c 6374     		strb	r3, [r4, #17]
1394:Drivers/STM32F1xx_HAL_Driver/Src/stm32f1xx_hal_rtc.c **** 
 2473              		.loc 1 1394 3 is_stmt 1 view .LVU796
1394:Drivers/STM32F1xx_HAL_Driver/Src/stm32f1xx_hal_rtc.c **** 
 2474              		.loc 1 1394 3 view .LVU797
 2475 005e 0023     		movs	r3, #0
 2476 0060 2374     		strb	r3, [r4, #16]
1394:Drivers/STM32F1xx_HAL_Driver/Src/stm32f1xx_hal_rtc.c **** 
 2477              		.loc 1 1394 3 view .LVU798
1396:Drivers/STM32F1xx_HAL_Driver/Src/stm32f1xx_hal_rtc.c **** }
 2478              		.loc 1 1396 3 view .LVU799
1396:Drivers/STM32F1xx_HAL_Driver/Src/stm32f1xx_hal_rtc.c **** }
 2479              		.loc 1 1396 10 is_stmt 0 view .LVU800
 2480 0062 E5E7     		b	.L159
 2481              	.L168:
1383:Drivers/STM32F1xx_HAL_Driver/Src/stm32f1xx_hal_rtc.c **** 
 2482              		.loc 1 1383 7 is_stmt 1 view .LVU801
1383:Drivers/STM32F1xx_HAL_Driver/Src/stm32f1xx_hal_rtc.c **** 
 2483              		.loc 1 1383 19 is_stmt 0 view .LVU802
 2484 0064 0423     		movs	r3, #4
 2485 0066 6374     		strb	r3, [r4, #17]
1386:Drivers/STM32F1xx_HAL_Driver/Src/stm32f1xx_hal_rtc.c **** 
 2486              		.loc 1 1386 7 is_stmt 1 view .LVU803
1386:Drivers/STM32F1xx_HAL_Driver/Src/stm32f1xx_hal_rtc.c **** 
 2487              		.loc 1 1386 7 view .LVU804
 2488 0068 0023     		movs	r3, #0
 2489 006a 2374     		strb	r3, [r4, #16]
1386:Drivers/STM32F1xx_HAL_Driver/Src/stm32f1xx_hal_rtc.c **** 
 2490              		.loc 1 1386 7 view .LVU805
1388:Drivers/STM32F1xx_HAL_Driver/Src/stm32f1xx_hal_rtc.c ****     }
 2491              		.loc 1 1388 7 view .LVU806
1388:Drivers/STM32F1xx_HAL_Driver/Src/stm32f1xx_hal_rtc.c ****     }
 2492              		.loc 1 1388 14 is_stmt 0 view .LVU807
 2493 006c 0120     		movs	r0, #1
 2494 006e DFE7     		b	.L159
 2495              	.LVL246:
 2496              	.L162:
 2497              	.LCFI29:
 2498              		.cfi_def_cfa_offset 0
 2499              		.cfi_restore 4
 2500              		.cfi_restore 14
1346:Drivers/STM32F1xx_HAL_Driver/Src/stm32f1xx_hal_rtc.c ****   }
 2501              		.loc 1 1346 12 view .LVU808
 2502 0070 0120     		movs	r0, #1
 2503              	.LVL247:
1397:Drivers/STM32F1xx_HAL_Driver/Src/stm32f1xx_hal_rtc.c **** 
 2504              		.loc 1 1397 1 view .LVU809
 2505 0072 7047     		bx	lr
 2506              	.LVL248:
 2507              	.L163:
 2508              	.LCFI30:
 2509              		.cfi_def_cfa_offset 8
 2510              		.cfi_offset 4, -8
 2511              		.cfi_offset 14, -4
1350:Drivers/STM32F1xx_HAL_Driver/Src/stm32f1xx_hal_rtc.c **** 
ARM GAS  /tmp/ccLN6BmF.s 			page 91


 2512              		.loc 1 1350 3 discriminator 1 view .LVU810
 2513 0074 0220     		movs	r0, #2
 2514              	.LVL249:
1350:Drivers/STM32F1xx_HAL_Driver/Src/stm32f1xx_hal_rtc.c **** 
 2515              		.loc 1 1350 3 discriminator 1 view .LVU811
 2516 0076 DBE7     		b	.L159
 2517              	.L170:
 2518              		.align	2
 2519              	.L169:
 2520 0078 00040140 		.word	1073808384
 2521              		.cfi_endproc
 2522              	.LFE76:
 2524              		.section	.text.HAL_RTC_AlarmAEventCallback,"ax",%progbits
 2525              		.align	1
 2526              		.weak	HAL_RTC_AlarmAEventCallback
 2527              		.syntax unified
 2528              		.thumb
 2529              		.thumb_func
 2531              	HAL_RTC_AlarmAEventCallback:
 2532              	.LVL250:
 2533              	.LFB78:
1438:Drivers/STM32F1xx_HAL_Driver/Src/stm32f1xx_hal_rtc.c ****   /* Prevent unused argument(s) compilation warning */
 2534              		.loc 1 1438 1 is_stmt 1 view -0
 2535              		.cfi_startproc
 2536              		@ args = 0, pretend = 0, frame = 0
 2537              		@ frame_needed = 0, uses_anonymous_args = 0
 2538              		@ link register save eliminated.
1440:Drivers/STM32F1xx_HAL_Driver/Src/stm32f1xx_hal_rtc.c ****   /* NOTE : This function Should not be modified, when the callback is needed,
 2539              		.loc 1 1440 3 view .LVU813
1444:Drivers/STM32F1xx_HAL_Driver/Src/stm32f1xx_hal_rtc.c **** 
 2540              		.loc 1 1444 1 is_stmt 0 view .LVU814
 2541 0000 7047     		bx	lr
 2542              		.cfi_endproc
 2543              	.LFE78:
 2545              		.section	.text.HAL_RTC_AlarmIRQHandler,"ax",%progbits
 2546              		.align	1
 2547              		.global	HAL_RTC_AlarmIRQHandler
 2548              		.syntax unified
 2549              		.thumb
 2550              		.thumb_func
 2552              	HAL_RTC_AlarmIRQHandler:
 2553              	.LVL251:
 2554              	.LFB77:
1406:Drivers/STM32F1xx_HAL_Driver/Src/stm32f1xx_hal_rtc.c ****   if (__HAL_RTC_ALARM_GET_IT_SOURCE(hrtc, RTC_IT_ALRA))
 2555              		.loc 1 1406 1 is_stmt 1 view -0
 2556              		.cfi_startproc
 2557              		@ args = 0, pretend = 0, frame = 0
 2558              		@ frame_needed = 0, uses_anonymous_args = 0
1406:Drivers/STM32F1xx_HAL_Driver/Src/stm32f1xx_hal_rtc.c ****   if (__HAL_RTC_ALARM_GET_IT_SOURCE(hrtc, RTC_IT_ALRA))
 2559              		.loc 1 1406 1 is_stmt 0 view .LVU816
 2560 0000 10B5     		push	{r4, lr}
 2561              	.LCFI31:
 2562              		.cfi_def_cfa_offset 8
 2563              		.cfi_offset 4, -8
 2564              		.cfi_offset 14, -4
 2565 0002 0446     		mov	r4, r0
1407:Drivers/STM32F1xx_HAL_Driver/Src/stm32f1xx_hal_rtc.c ****   {
ARM GAS  /tmp/ccLN6BmF.s 			page 92


 2566              		.loc 1 1407 3 is_stmt 1 view .LVU817
1407:Drivers/STM32F1xx_HAL_Driver/Src/stm32f1xx_hal_rtc.c ****   {
 2567              		.loc 1 1407 7 is_stmt 0 view .LVU818
 2568 0004 0368     		ldr	r3, [r0]
 2569 0006 1A68     		ldr	r2, [r3]
1407:Drivers/STM32F1xx_HAL_Driver/Src/stm32f1xx_hal_rtc.c ****   {
 2570              		.loc 1 1407 6 view .LVU819
 2571 0008 12F0020F 		tst	r2, #2
 2572 000c 03D0     		beq	.L173
1410:Drivers/STM32F1xx_HAL_Driver/Src/stm32f1xx_hal_rtc.c ****     {
 2573              		.loc 1 1410 5 is_stmt 1 view .LVU820
1410:Drivers/STM32F1xx_HAL_Driver/Src/stm32f1xx_hal_rtc.c ****     {
 2574              		.loc 1 1410 9 is_stmt 0 view .LVU821
 2575 000e 5B68     		ldr	r3, [r3, #4]
1410:Drivers/STM32F1xx_HAL_Driver/Src/stm32f1xx_hal_rtc.c ****     {
 2576              		.loc 1 1410 8 view .LVU822
 2577 0010 13F0020F 		tst	r3, #2
 2578 0014 06D1     		bne	.L175
 2579              	.LVL252:
 2580              	.L173:
1425:Drivers/STM32F1xx_HAL_Driver/Src/stm32f1xx_hal_rtc.c **** 
 2581              		.loc 1 1425 3 is_stmt 1 view .LVU823
 2582 0016 074B     		ldr	r3, .L176
 2583 0018 4FF40032 		mov	r2, #131072
 2584 001c 5A61     		str	r2, [r3, #20]
1428:Drivers/STM32F1xx_HAL_Driver/Src/stm32f1xx_hal_rtc.c **** }
 2585              		.loc 1 1428 3 view .LVU824
1428:Drivers/STM32F1xx_HAL_Driver/Src/stm32f1xx_hal_rtc.c **** }
 2586              		.loc 1 1428 15 is_stmt 0 view .LVU825
 2587 001e 0123     		movs	r3, #1
 2588 0020 6374     		strb	r3, [r4, #17]
1429:Drivers/STM32F1xx_HAL_Driver/Src/stm32f1xx_hal_rtc.c **** 
 2589              		.loc 1 1429 1 view .LVU826
 2590 0022 10BD     		pop	{r4, pc}
 2591              	.LVL253:
 2592              	.L175:
1416:Drivers/STM32F1xx_HAL_Driver/Src/stm32f1xx_hal_rtc.c **** #endif /* USE_HAL_RTC_REGISTER_CALLBACKS */
 2593              		.loc 1 1416 7 is_stmt 1 view .LVU827
 2594 0024 FFF7FEFF 		bl	HAL_RTC_AlarmAEventCallback
 2595              	.LVL254:
1420:Drivers/STM32F1xx_HAL_Driver/Src/stm32f1xx_hal_rtc.c ****     }
 2596              		.loc 1 1420 7 view .LVU828
 2597 0028 2268     		ldr	r2, [r4]
 2598 002a 5368     		ldr	r3, [r2, #4]
 2599 002c 23F00203 		bic	r3, r3, #2
 2600 0030 5360     		str	r3, [r2, #4]
 2601 0032 F0E7     		b	.L173
 2602              	.L177:
 2603              		.align	2
 2604              	.L176:
 2605 0034 00040140 		.word	1073808384
 2606              		.cfi_endproc
 2607              	.LFE77:
 2609              		.section	.text.HAL_RTC_PollForAlarmAEvent,"ax",%progbits
 2610              		.align	1
 2611              		.global	HAL_RTC_PollForAlarmAEvent
 2612              		.syntax unified
ARM GAS  /tmp/ccLN6BmF.s 			page 93


 2613              		.thumb
 2614              		.thumb_func
 2616              	HAL_RTC_PollForAlarmAEvent:
 2617              	.LVL255:
 2618              	.LFB79:
1454:Drivers/STM32F1xx_HAL_Driver/Src/stm32f1xx_hal_rtc.c ****   uint32_t tickstart = HAL_GetTick();
 2619              		.loc 1 1454 1 view -0
 2620              		.cfi_startproc
 2621              		@ args = 0, pretend = 0, frame = 0
 2622              		@ frame_needed = 0, uses_anonymous_args = 0
1454:Drivers/STM32F1xx_HAL_Driver/Src/stm32f1xx_hal_rtc.c ****   uint32_t tickstart = HAL_GetTick();
 2623              		.loc 1 1454 1 is_stmt 0 view .LVU830
 2624 0000 70B5     		push	{r4, r5, r6, lr}
 2625              	.LCFI32:
 2626              		.cfi_def_cfa_offset 16
 2627              		.cfi_offset 4, -16
 2628              		.cfi_offset 5, -12
 2629              		.cfi_offset 6, -8
 2630              		.cfi_offset 14, -4
 2631 0002 0446     		mov	r4, r0
 2632 0004 0D46     		mov	r5, r1
1455:Drivers/STM32F1xx_HAL_Driver/Src/stm32f1xx_hal_rtc.c **** 
 2633              		.loc 1 1455 3 is_stmt 1 view .LVU831
1455:Drivers/STM32F1xx_HAL_Driver/Src/stm32f1xx_hal_rtc.c **** 
 2634              		.loc 1 1455 24 is_stmt 0 view .LVU832
 2635 0006 FFF7FEFF 		bl	HAL_GetTick
 2636              	.LVL256:
1455:Drivers/STM32F1xx_HAL_Driver/Src/stm32f1xx_hal_rtc.c **** 
 2637              		.loc 1 1455 24 view .LVU833
 2638 000a 0646     		mov	r6, r0
 2639              	.LVL257:
1458:Drivers/STM32F1xx_HAL_Driver/Src/stm32f1xx_hal_rtc.c ****   {
 2640              		.loc 1 1458 3 is_stmt 1 view .LVU834
1458:Drivers/STM32F1xx_HAL_Driver/Src/stm32f1xx_hal_rtc.c ****   {
 2641              		.loc 1 1458 6 is_stmt 0 view .LVU835
 2642 000c C4B1     		cbz	r4, .L186
 2643              	.LVL258:
 2644              	.L181:
1463:Drivers/STM32F1xx_HAL_Driver/Src/stm32f1xx_hal_rtc.c ****   {
 2645              		.loc 1 1463 57 is_stmt 1 view .LVU836
1463:Drivers/STM32F1xx_HAL_Driver/Src/stm32f1xx_hal_rtc.c ****   {
 2646              		.loc 1 1463 10 is_stmt 0 view .LVU837
 2647 000e 2368     		ldr	r3, [r4]
 2648 0010 5A68     		ldr	r2, [r3, #4]
1463:Drivers/STM32F1xx_HAL_Driver/Src/stm32f1xx_hal_rtc.c ****   {
 2649              		.loc 1 1463 57 view .LVU838
 2650 0012 12F0020F 		tst	r2, #2
 2651 0016 0BD1     		bne	.L187
1465:Drivers/STM32F1xx_HAL_Driver/Src/stm32f1xx_hal_rtc.c ****     {
 2652              		.loc 1 1465 5 is_stmt 1 view .LVU839
1465:Drivers/STM32F1xx_HAL_Driver/Src/stm32f1xx_hal_rtc.c ****     {
 2653              		.loc 1 1465 8 is_stmt 0 view .LVU840
 2654 0018 B5F1FF3F 		cmp	r5, #-1
 2655 001c F7D0     		beq	.L181
1467:Drivers/STM32F1xx_HAL_Driver/Src/stm32f1xx_hal_rtc.c ****       {
 2656              		.loc 1 1467 7 is_stmt 1 view .LVU841
1467:Drivers/STM32F1xx_HAL_Driver/Src/stm32f1xx_hal_rtc.c ****       {
ARM GAS  /tmp/ccLN6BmF.s 			page 94


 2657              		.loc 1 1467 10 is_stmt 0 view .LVU842
 2658 001e 25B1     		cbz	r5, .L182
1467:Drivers/STM32F1xx_HAL_Driver/Src/stm32f1xx_hal_rtc.c ****       {
 2659              		.loc 1 1467 31 discriminator 1 view .LVU843
 2660 0020 FFF7FEFF 		bl	HAL_GetTick
 2661              	.LVL259:
1467:Drivers/STM32F1xx_HAL_Driver/Src/stm32f1xx_hal_rtc.c ****       {
 2662              		.loc 1 1467 45 discriminator 1 view .LVU844
 2663 0024 801B     		subs	r0, r0, r6
1467:Drivers/STM32F1xx_HAL_Driver/Src/stm32f1xx_hal_rtc.c ****       {
 2664              		.loc 1 1467 26 discriminator 1 view .LVU845
 2665 0026 A842     		cmp	r0, r5
 2666 0028 F1D9     		bls	.L181
 2667              	.L182:
1469:Drivers/STM32F1xx_HAL_Driver/Src/stm32f1xx_hal_rtc.c ****         return HAL_TIMEOUT;
 2668              		.loc 1 1469 9 is_stmt 1 view .LVU846
1469:Drivers/STM32F1xx_HAL_Driver/Src/stm32f1xx_hal_rtc.c ****         return HAL_TIMEOUT;
 2669              		.loc 1 1469 21 is_stmt 0 view .LVU847
 2670 002a 0320     		movs	r0, #3
 2671 002c 6074     		strb	r0, [r4, #17]
1470:Drivers/STM32F1xx_HAL_Driver/Src/stm32f1xx_hal_rtc.c ****       }
 2672              		.loc 1 1470 9 is_stmt 1 view .LVU848
1470:Drivers/STM32F1xx_HAL_Driver/Src/stm32f1xx_hal_rtc.c ****       }
 2673              		.loc 1 1470 16 is_stmt 0 view .LVU849
 2674 002e 06E0     		b	.L179
 2675              	.L187:
1476:Drivers/STM32F1xx_HAL_Driver/Src/stm32f1xx_hal_rtc.c **** 
 2676              		.loc 1 1476 3 is_stmt 1 view .LVU850
 2677 0030 5A68     		ldr	r2, [r3, #4]
 2678 0032 22F00202 		bic	r2, r2, #2
 2679 0036 5A60     		str	r2, [r3, #4]
1479:Drivers/STM32F1xx_HAL_Driver/Src/stm32f1xx_hal_rtc.c **** 
 2680              		.loc 1 1479 3 view .LVU851
1479:Drivers/STM32F1xx_HAL_Driver/Src/stm32f1xx_hal_rtc.c **** 
 2681              		.loc 1 1479 15 is_stmt 0 view .LVU852
 2682 0038 0123     		movs	r3, #1
 2683 003a 6374     		strb	r3, [r4, #17]
1481:Drivers/STM32F1xx_HAL_Driver/Src/stm32f1xx_hal_rtc.c **** }
 2684              		.loc 1 1481 3 is_stmt 1 view .LVU853
1481:Drivers/STM32F1xx_HAL_Driver/Src/stm32f1xx_hal_rtc.c **** }
 2685              		.loc 1 1481 10 is_stmt 0 view .LVU854
 2686 003c 0020     		movs	r0, #0
 2687              	.L179:
1482:Drivers/STM32F1xx_HAL_Driver/Src/stm32f1xx_hal_rtc.c **** 
 2688              		.loc 1 1482 1 view .LVU855
 2689 003e 70BD     		pop	{r4, r5, r6, pc}
 2690              	.LVL260:
 2691              	.L186:
1460:Drivers/STM32F1xx_HAL_Driver/Src/stm32f1xx_hal_rtc.c ****   }
 2692              		.loc 1 1460 12 view .LVU856
 2693 0040 0120     		movs	r0, #1
 2694              	.LVL261:
1460:Drivers/STM32F1xx_HAL_Driver/Src/stm32f1xx_hal_rtc.c ****   }
 2695              		.loc 1 1460 12 view .LVU857
 2696 0042 FCE7     		b	.L179
 2697              		.cfi_endproc
 2698              	.LFE79:
ARM GAS  /tmp/ccLN6BmF.s 			page 95


 2700              		.section	.text.HAL_RTC_GetState,"ax",%progbits
 2701              		.align	1
 2702              		.global	HAL_RTC_GetState
 2703              		.syntax unified
 2704              		.thumb
 2705              		.thumb_func
 2707              	HAL_RTC_GetState:
 2708              	.LVL262:
 2709              	.LFB80:
1509:Drivers/STM32F1xx_HAL_Driver/Src/stm32f1xx_hal_rtc.c ****   return hrtc->State;
 2710              		.loc 1 1509 1 is_stmt 1 view -0
 2711              		.cfi_startproc
 2712              		@ args = 0, pretend = 0, frame = 0
 2713              		@ frame_needed = 0, uses_anonymous_args = 0
 2714              		@ link register save eliminated.
1510:Drivers/STM32F1xx_HAL_Driver/Src/stm32f1xx_hal_rtc.c **** }
 2715              		.loc 1 1510 3 view .LVU859
1510:Drivers/STM32F1xx_HAL_Driver/Src/stm32f1xx_hal_rtc.c **** }
 2716              		.loc 1 1510 14 is_stmt 0 view .LVU860
 2717 0000 407C     		ldrb	r0, [r0, #17]	@ zero_extendqisi2
 2718              	.LVL263:
1511:Drivers/STM32F1xx_HAL_Driver/Src/stm32f1xx_hal_rtc.c **** 
 2719              		.loc 1 1511 1 view .LVU861
 2720 0002 7047     		bx	lr
 2721              		.cfi_endproc
 2722              	.LFE80:
 2724              		.section	.text.HAL_RTC_WaitForSynchro,"ax",%progbits
 2725              		.align	1
 2726              		.global	HAL_RTC_WaitForSynchro
 2727              		.syntax unified
 2728              		.thumb
 2729              		.thumb_func
 2731              	HAL_RTC_WaitForSynchro:
 2732              	.LVL264:
 2733              	.LFB81:
1542:Drivers/STM32F1xx_HAL_Driver/Src/stm32f1xx_hal_rtc.c ****   uint32_t tickstart = 0U;
 2734              		.loc 1 1542 1 is_stmt 1 view -0
 2735              		.cfi_startproc
 2736              		@ args = 0, pretend = 0, frame = 0
 2737              		@ frame_needed = 0, uses_anonymous_args = 0
1543:Drivers/STM32F1xx_HAL_Driver/Src/stm32f1xx_hal_rtc.c **** 
 2738              		.loc 1 1543 3 view .LVU863
1546:Drivers/STM32F1xx_HAL_Driver/Src/stm32f1xx_hal_rtc.c ****   {
 2739              		.loc 1 1546 3 view .LVU864
1546:Drivers/STM32F1xx_HAL_Driver/Src/stm32f1xx_hal_rtc.c ****   {
 2740              		.loc 1 1546 6 is_stmt 0 view .LVU865
 2741 0000 C0B1     		cbz	r0, .L193
1542:Drivers/STM32F1xx_HAL_Driver/Src/stm32f1xx_hal_rtc.c ****   uint32_t tickstart = 0U;
 2742              		.loc 1 1542 1 view .LVU866
 2743 0002 38B5     		push	{r3, r4, r5, lr}
 2744              	.LCFI33:
 2745              		.cfi_def_cfa_offset 16
 2746              		.cfi_offset 3, -16
 2747              		.cfi_offset 4, -12
 2748              		.cfi_offset 5, -8
 2749              		.cfi_offset 14, -4
 2750 0004 0546     		mov	r5, r0
ARM GAS  /tmp/ccLN6BmF.s 			page 96


1552:Drivers/STM32F1xx_HAL_Driver/Src/stm32f1xx_hal_rtc.c **** 
 2751              		.loc 1 1552 3 is_stmt 1 view .LVU867
 2752 0006 0268     		ldr	r2, [r0]
 2753 0008 5368     		ldr	r3, [r2, #4]
 2754 000a 23F00803 		bic	r3, r3, #8
 2755 000e 5360     		str	r3, [r2, #4]
1554:Drivers/STM32F1xx_HAL_Driver/Src/stm32f1xx_hal_rtc.c **** 
 2756              		.loc 1 1554 3 view .LVU868
1554:Drivers/STM32F1xx_HAL_Driver/Src/stm32f1xx_hal_rtc.c **** 
 2757              		.loc 1 1554 15 is_stmt 0 view .LVU869
 2758 0010 FFF7FEFF 		bl	HAL_GetTick
 2759              	.LVL265:
1554:Drivers/STM32F1xx_HAL_Driver/Src/stm32f1xx_hal_rtc.c **** 
 2760              		.loc 1 1554 15 view .LVU870
 2761 0014 0446     		mov	r4, r0
 2762              	.LVL266:
1557:Drivers/STM32F1xx_HAL_Driver/Src/stm32f1xx_hal_rtc.c ****   {
 2763              		.loc 1 1557 3 is_stmt 1 view .LVU871
 2764              	.L191:
1557:Drivers/STM32F1xx_HAL_Driver/Src/stm32f1xx_hal_rtc.c ****   {
 2765              		.loc 1 1557 47 view .LVU872
1557:Drivers/STM32F1xx_HAL_Driver/Src/stm32f1xx_hal_rtc.c ****   {
 2766              		.loc 1 1557 15 is_stmt 0 view .LVU873
 2767 0016 2B68     		ldr	r3, [r5]
1557:Drivers/STM32F1xx_HAL_Driver/Src/stm32f1xx_hal_rtc.c ****   {
 2768              		.loc 1 1557 25 view .LVU874
 2769 0018 5B68     		ldr	r3, [r3, #4]
1557:Drivers/STM32F1xx_HAL_Driver/Src/stm32f1xx_hal_rtc.c ****   {
 2770              		.loc 1 1557 47 view .LVU875
 2771 001a 13F0080F 		tst	r3, #8
 2772 001e 07D1     		bne	.L199
1559:Drivers/STM32F1xx_HAL_Driver/Src/stm32f1xx_hal_rtc.c ****     {
 2773              		.loc 1 1559 5 is_stmt 1 view .LVU876
1559:Drivers/STM32F1xx_HAL_Driver/Src/stm32f1xx_hal_rtc.c ****     {
 2774              		.loc 1 1559 10 is_stmt 0 view .LVU877
 2775 0020 FFF7FEFF 		bl	HAL_GetTick
 2776              	.LVL267:
1559:Drivers/STM32F1xx_HAL_Driver/Src/stm32f1xx_hal_rtc.c ****     {
 2777              		.loc 1 1559 24 discriminator 1 view .LVU878
 2778 0024 001B     		subs	r0, r0, r4
1559:Drivers/STM32F1xx_HAL_Driver/Src/stm32f1xx_hal_rtc.c ****     {
 2779              		.loc 1 1559 8 discriminator 1 view .LVU879
 2780 0026 B0F57A7F 		cmp	r0, #1000
 2781 002a F4D9     		bls	.L191
1561:Drivers/STM32F1xx_HAL_Driver/Src/stm32f1xx_hal_rtc.c ****     }
 2782              		.loc 1 1561 14 view .LVU880
 2783 002c 0320     		movs	r0, #3
 2784 002e 00E0     		b	.L190
 2785              	.L199:
1565:Drivers/STM32F1xx_HAL_Driver/Src/stm32f1xx_hal_rtc.c **** }
 2786              		.loc 1 1565 10 view .LVU881
 2787 0030 0020     		movs	r0, #0
 2788              	.L190:
1566:Drivers/STM32F1xx_HAL_Driver/Src/stm32f1xx_hal_rtc.c **** 
 2789              		.loc 1 1566 1 view .LVU882
 2790 0032 38BD     		pop	{r3, r4, r5, pc}
 2791              	.LVL268:
ARM GAS  /tmp/ccLN6BmF.s 			page 97


 2792              	.L193:
 2793              	.LCFI34:
 2794              		.cfi_def_cfa_offset 0
 2795              		.cfi_restore 3
 2796              		.cfi_restore 4
 2797              		.cfi_restore 5
 2798              		.cfi_restore 14
1548:Drivers/STM32F1xx_HAL_Driver/Src/stm32f1xx_hal_rtc.c ****   }
 2799              		.loc 1 1548 12 view .LVU883
 2800 0034 0120     		movs	r0, #1
 2801              	.LVL269:
1566:Drivers/STM32F1xx_HAL_Driver/Src/stm32f1xx_hal_rtc.c **** 
 2802              		.loc 1 1566 1 view .LVU884
 2803 0036 7047     		bx	lr
 2804              		.cfi_endproc
 2805              	.LFE81:
 2807              		.section	.text.HAL_RTC_Init,"ax",%progbits
 2808              		.align	1
 2809              		.global	HAL_RTC_Init
 2810              		.syntax unified
 2811              		.thumb
 2812              		.thumb_func
 2814              	HAL_RTC_Init:
 2815              	.LVL270:
 2816              	.LFB65:
 277:Drivers/STM32F1xx_HAL_Driver/Src/stm32f1xx_hal_rtc.c ****   uint32_t prescaler = 0U;
 2817              		.loc 1 277 1 is_stmt 1 view -0
 2818              		.cfi_startproc
 2819              		@ args = 0, pretend = 0, frame = 0
 2820              		@ frame_needed = 0, uses_anonymous_args = 0
 278:Drivers/STM32F1xx_HAL_Driver/Src/stm32f1xx_hal_rtc.c ****   /* Check input parameters */
 2821              		.loc 1 278 3 view .LVU886
 280:Drivers/STM32F1xx_HAL_Driver/Src/stm32f1xx_hal_rtc.c ****   {
 2822              		.loc 1 280 3 view .LVU887
 280:Drivers/STM32F1xx_HAL_Driver/Src/stm32f1xx_hal_rtc.c ****   {
 2823              		.loc 1 280 6 is_stmt 0 view .LVU888
 2824 0000 0028     		cmp	r0, #0
 2825 0002 50D0     		beq	.L209
 277:Drivers/STM32F1xx_HAL_Driver/Src/stm32f1xx_hal_rtc.c ****   uint32_t prescaler = 0U;
 2826              		.loc 1 277 1 view .LVU889
 2827 0004 10B5     		push	{r4, lr}
 2828              	.LCFI35:
 2829              		.cfi_def_cfa_offset 8
 2830              		.cfi_offset 4, -8
 2831              		.cfi_offset 14, -4
 2832 0006 0446     		mov	r4, r0
 286:Drivers/STM32F1xx_HAL_Driver/Src/stm32f1xx_hal_rtc.c ****   assert_param(IS_RTC_CALIB_OUTPUT(hrtc->Init.OutPut));
 2833              		.loc 1 286 3 is_stmt 1 view .LVU890
 287:Drivers/STM32F1xx_HAL_Driver/Src/stm32f1xx_hal_rtc.c ****   assert_param(IS_RTC_ASYNCH_PREDIV(hrtc->Init.AsynchPrediv));
 2834              		.loc 1 287 3 view .LVU891
 288:Drivers/STM32F1xx_HAL_Driver/Src/stm32f1xx_hal_rtc.c **** 
 2835              		.loc 1 288 3 view .LVU892
 312:Drivers/STM32F1xx_HAL_Driver/Src/stm32f1xx_hal_rtc.c ****   {
 2836              		.loc 1 312 3 view .LVU893
 312:Drivers/STM32F1xx_HAL_Driver/Src/stm32f1xx_hal_rtc.c ****   {
 2837              		.loc 1 312 11 is_stmt 0 view .LVU894
 2838 0008 437C     		ldrb	r3, [r0, #17]	@ zero_extendqisi2
ARM GAS  /tmp/ccLN6BmF.s 			page 98


 312:Drivers/STM32F1xx_HAL_Driver/Src/stm32f1xx_hal_rtc.c ****   {
 2839              		.loc 1 312 6 view .LVU895
 2840 000a 4BB1     		cbz	r3, .L214
 2841              	.LVL271:
 2842              	.L202:
 323:Drivers/STM32F1xx_HAL_Driver/Src/stm32f1xx_hal_rtc.c **** 
 2843              		.loc 1 323 3 is_stmt 1 view .LVU896
 323:Drivers/STM32F1xx_HAL_Driver/Src/stm32f1xx_hal_rtc.c **** 
 2844              		.loc 1 323 15 is_stmt 0 view .LVU897
 2845 000c 0223     		movs	r3, #2
 2846 000e 6374     		strb	r3, [r4, #17]
 326:Drivers/STM32F1xx_HAL_Driver/Src/stm32f1xx_hal_rtc.c ****   {
 2847              		.loc 1 326 3 is_stmt 1 view .LVU898
 326:Drivers/STM32F1xx_HAL_Driver/Src/stm32f1xx_hal_rtc.c ****   {
 2848              		.loc 1 326 7 is_stmt 0 view .LVU899
 2849 0010 2046     		mov	r0, r4
 2850 0012 FFF7FEFF 		bl	HAL_RTC_WaitForSynchro
 2851              	.LVL272:
 326:Drivers/STM32F1xx_HAL_Driver/Src/stm32f1xx_hal_rtc.c ****   {
 2852              		.loc 1 326 6 discriminator 1 view .LVU900
 2853 0016 38B1     		cbz	r0, .L203
 329:Drivers/STM32F1xx_HAL_Driver/Src/stm32f1xx_hal_rtc.c **** 
 2854              		.loc 1 329 5 is_stmt 1 view .LVU901
 329:Drivers/STM32F1xx_HAL_Driver/Src/stm32f1xx_hal_rtc.c **** 
 2855              		.loc 1 329 17 is_stmt 0 view .LVU902
 2856 0018 0423     		movs	r3, #4
 2857 001a 6374     		strb	r3, [r4, #17]
 331:Drivers/STM32F1xx_HAL_Driver/Src/stm32f1xx_hal_rtc.c ****   }
 2858              		.loc 1 331 5 is_stmt 1 view .LVU903
 331:Drivers/STM32F1xx_HAL_Driver/Src/stm32f1xx_hal_rtc.c ****   }
 2859              		.loc 1 331 12 is_stmt 0 view .LVU904
 2860 001c 0120     		movs	r0, #1
 2861              	.LVL273:
 2862              	.L201:
 403:Drivers/STM32F1xx_HAL_Driver/Src/stm32f1xx_hal_rtc.c **** 
 2863              		.loc 1 403 1 view .LVU905
 2864 001e 10BD     		pop	{r4, pc}
 2865              	.LVL274:
 2866              	.L214:
 315:Drivers/STM32F1xx_HAL_Driver/Src/stm32f1xx_hal_rtc.c **** 
 2867              		.loc 1 315 5 is_stmt 1 view .LVU906
 315:Drivers/STM32F1xx_HAL_Driver/Src/stm32f1xx_hal_rtc.c **** 
 2868              		.loc 1 315 16 is_stmt 0 view .LVU907
 2869 0020 0374     		strb	r3, [r0, #16]
 318:Drivers/STM32F1xx_HAL_Driver/Src/stm32f1xx_hal_rtc.c ****   }
 2870              		.loc 1 318 5 is_stmt 1 view .LVU908
 2871 0022 FFF7FEFF 		bl	HAL_RTC_MspInit
 2872              	.LVL275:
 318:Drivers/STM32F1xx_HAL_Driver/Src/stm32f1xx_hal_rtc.c ****   }
 2873              		.loc 1 318 5 is_stmt 0 view .LVU909
 2874 0026 F1E7     		b	.L202
 2875              	.L203:
 335:Drivers/STM32F1xx_HAL_Driver/Src/stm32f1xx_hal_rtc.c ****   {
 2876              		.loc 1 335 3 is_stmt 1 view .LVU910
 335:Drivers/STM32F1xx_HAL_Driver/Src/stm32f1xx_hal_rtc.c ****   {
 2877              		.loc 1 335 7 is_stmt 0 view .LVU911
 2878 0028 2046     		mov	r0, r4
ARM GAS  /tmp/ccLN6BmF.s 			page 99


 2879 002a FFF7FEFF 		bl	RTC_EnterInitMode
 2880              	.LVL276:
 335:Drivers/STM32F1xx_HAL_Driver/Src/stm32f1xx_hal_rtc.c ****   {
 2881              		.loc 1 335 6 discriminator 1 view .LVU912
 2882 002e 28BB     		cbnz	r0, .L215
 345:Drivers/STM32F1xx_HAL_Driver/Src/stm32f1xx_hal_rtc.c **** 
 2883              		.loc 1 345 5 is_stmt 1 view .LVU913
 2884 0030 2268     		ldr	r2, [r4]
 2885 0032 5368     		ldr	r3, [r2, #4]
 2886 0034 23F00703 		bic	r3, r3, #7
 2887 0038 5360     		str	r3, [r2, #4]
 347:Drivers/STM32F1xx_HAL_Driver/Src/stm32f1xx_hal_rtc.c ****     {
 2888              		.loc 1 347 5 view .LVU914
 347:Drivers/STM32F1xx_HAL_Driver/Src/stm32f1xx_hal_rtc.c ****     {
 2889              		.loc 1 347 19 is_stmt 0 view .LVU915
 2890 003a A368     		ldr	r3, [r4, #8]
 347:Drivers/STM32F1xx_HAL_Driver/Src/stm32f1xx_hal_rtc.c ****     {
 2891              		.loc 1 347 8 view .LVU916
 2892 003c 23B1     		cbz	r3, .L205
 350:Drivers/STM32F1xx_HAL_Driver/Src/stm32f1xx_hal_rtc.c ****     }
 2893              		.loc 1 350 7 is_stmt 1 view .LVU917
 2894 003e 1B4A     		ldr	r2, .L218
 2895 0040 136B     		ldr	r3, [r2, #48]
 2896 0042 23F00103 		bic	r3, r3, #1
 2897 0046 1363     		str	r3, [r2, #48]
 2898              	.L205:
 354:Drivers/STM32F1xx_HAL_Driver/Src/stm32f1xx_hal_rtc.c **** 
 2899              		.loc 1 354 5 view .LVU918
 2900 0048 184A     		ldr	r2, .L218
 2901 004a D36A     		ldr	r3, [r2, #44]
 2902 004c 23F46073 		bic	r3, r3, #896
 2903 0050 A168     		ldr	r1, [r4, #8]
 2904 0052 0B43     		orrs	r3, r3, r1
 2905 0054 D362     		str	r3, [r2, #44]
 356:Drivers/STM32F1xx_HAL_Driver/Src/stm32f1xx_hal_rtc.c ****     {
 2906              		.loc 1 356 5 view .LVU919
 356:Drivers/STM32F1xx_HAL_Driver/Src/stm32f1xx_hal_rtc.c ****     {
 2907              		.loc 1 356 19 is_stmt 0 view .LVU920
 2908 0056 6368     		ldr	r3, [r4, #4]
 356:Drivers/STM32F1xx_HAL_Driver/Src/stm32f1xx_hal_rtc.c ****     {
 2909              		.loc 1 356 8 view .LVU921
 2910 0058 B3F1FF3F 		cmp	r3, #-1
 2911 005c 12D0     		beq	.L216
 2912              	.LVL277:
 2913              	.L206:
 382:Drivers/STM32F1xx_HAL_Driver/Src/stm32f1xx_hal_rtc.c ****     WRITE_REG(hrtc->Instance->PRLL, (prescaler & RTC_PRLL_PRL));
 2914              		.loc 1 382 5 is_stmt 1 view .LVU922
 2915 005e 2268     		ldr	r2, [r4]
 2916 0060 C3F30341 		ubfx	r1, r3, #16, #4
 2917 0064 9160     		str	r1, [r2, #8]
 383:Drivers/STM32F1xx_HAL_Driver/Src/stm32f1xx_hal_rtc.c **** 
 2918              		.loc 1 383 5 view .LVU923
 2919 0066 2268     		ldr	r2, [r4]
 2920 0068 9BB2     		uxth	r3, r3
 2921              	.LVL278:
 383:Drivers/STM32F1xx_HAL_Driver/Src/stm32f1xx_hal_rtc.c **** 
 2922              		.loc 1 383 5 is_stmt 0 view .LVU924
ARM GAS  /tmp/ccLN6BmF.s 			page 100


 2923 006a D360     		str	r3, [r2, #12]
 386:Drivers/STM32F1xx_HAL_Driver/Src/stm32f1xx_hal_rtc.c ****     {
 2924              		.loc 1 386 5 is_stmt 1 view .LVU925
 386:Drivers/STM32F1xx_HAL_Driver/Src/stm32f1xx_hal_rtc.c ****     {
 2925              		.loc 1 386 9 is_stmt 0 view .LVU926
 2926 006c 2046     		mov	r0, r4
 2927 006e FFF7FEFF 		bl	RTC_ExitInitMode
 2928              	.LVL279:
 386:Drivers/STM32F1xx_HAL_Driver/Src/stm32f1xx_hal_rtc.c ****     {
 2929              		.loc 1 386 8 discriminator 1 view .LVU927
 2930 0072 88B1     		cbz	r0, .L208
 388:Drivers/STM32F1xx_HAL_Driver/Src/stm32f1xx_hal_rtc.c **** 
 2931              		.loc 1 388 7 is_stmt 1 view .LVU928
 388:Drivers/STM32F1xx_HAL_Driver/Src/stm32f1xx_hal_rtc.c **** 
 2932              		.loc 1 388 19 is_stmt 0 view .LVU929
 2933 0074 0423     		movs	r3, #4
 2934 0076 6374     		strb	r3, [r4, #17]
 390:Drivers/STM32F1xx_HAL_Driver/Src/stm32f1xx_hal_rtc.c ****     }
 2935              		.loc 1 390 7 is_stmt 1 view .LVU930
 390:Drivers/STM32F1xx_HAL_Driver/Src/stm32f1xx_hal_rtc.c ****     }
 2936              		.loc 1 390 14 is_stmt 0 view .LVU931
 2937 0078 0120     		movs	r0, #1
 2938 007a D0E7     		b	.L201
 2939              	.LVL280:
 2940              	.L215:
 338:Drivers/STM32F1xx_HAL_Driver/Src/stm32f1xx_hal_rtc.c **** 
 2941              		.loc 1 338 5 is_stmt 1 view .LVU932
 338:Drivers/STM32F1xx_HAL_Driver/Src/stm32f1xx_hal_rtc.c **** 
 2942              		.loc 1 338 17 is_stmt 0 view .LVU933
 2943 007c 0423     		movs	r3, #4
 2944 007e 6374     		strb	r3, [r4, #17]
 340:Drivers/STM32F1xx_HAL_Driver/Src/stm32f1xx_hal_rtc.c ****   }
 2945              		.loc 1 340 5 is_stmt 1 view .LVU934
 340:Drivers/STM32F1xx_HAL_Driver/Src/stm32f1xx_hal_rtc.c ****   }
 2946              		.loc 1 340 12 is_stmt 0 view .LVU935
 2947 0080 0120     		movs	r0, #1
 2948 0082 CCE7     		b	.L201
 2949              	.L216:
 365:Drivers/STM32F1xx_HAL_Driver/Src/stm32f1xx_hal_rtc.c **** 
 2950              		.loc 1 365 7 is_stmt 1 view .LVU936
 365:Drivers/STM32F1xx_HAL_Driver/Src/stm32f1xx_hal_rtc.c **** 
 2951              		.loc 1 365 19 is_stmt 0 view .LVU937
 2952 0084 0120     		movs	r0, #1
 2953 0086 FFF7FEFF 		bl	HAL_RCCEx_GetPeriphCLKFreq
 2954              	.LVL281:
 368:Drivers/STM32F1xx_HAL_Driver/Src/stm32f1xx_hal_rtc.c ****       {
 2955              		.loc 1 368 7 is_stmt 1 view .LVU938
 368:Drivers/STM32F1xx_HAL_Driver/Src/stm32f1xx_hal_rtc.c ****       {
 2956              		.loc 1 368 10 is_stmt 0 view .LVU939
 2957 008a 08B1     		cbz	r0, .L217
 377:Drivers/STM32F1xx_HAL_Driver/Src/stm32f1xx_hal_rtc.c ****       }
 2958              		.loc 1 377 9 is_stmt 1 view .LVU940
 377:Drivers/STM32F1xx_HAL_Driver/Src/stm32f1xx_hal_rtc.c ****       }
 2959              		.loc 1 377 19 is_stmt 0 view .LVU941
 2960 008c 431E     		subs	r3, r0, #1
 2961 008e E6E7     		b	.L206
 2962              	.L217:
ARM GAS  /tmp/ccLN6BmF.s 			page 101


 371:Drivers/STM32F1xx_HAL_Driver/Src/stm32f1xx_hal_rtc.c ****         return HAL_ERROR;
 2963              		.loc 1 371 9 is_stmt 1 view .LVU942
 371:Drivers/STM32F1xx_HAL_Driver/Src/stm32f1xx_hal_rtc.c ****         return HAL_ERROR;
 2964              		.loc 1 371 21 is_stmt 0 view .LVU943
 2965 0090 0423     		movs	r3, #4
 2966 0092 6374     		strb	r3, [r4, #17]
 372:Drivers/STM32F1xx_HAL_Driver/Src/stm32f1xx_hal_rtc.c ****       }
 2967              		.loc 1 372 9 is_stmt 1 view .LVU944
 372:Drivers/STM32F1xx_HAL_Driver/Src/stm32f1xx_hal_rtc.c ****       }
 2968              		.loc 1 372 16 is_stmt 0 view .LVU945
 2969 0094 0120     		movs	r0, #1
 2970              	.LVL282:
 372:Drivers/STM32F1xx_HAL_Driver/Src/stm32f1xx_hal_rtc.c ****       }
 2971              		.loc 1 372 16 view .LVU946
 2972 0096 C2E7     		b	.L201
 2973              	.L208:
 394:Drivers/STM32F1xx_HAL_Driver/Src/stm32f1xx_hal_rtc.c ****     hrtc->DateToUpdate.Month = RTC_MONTH_JANUARY;
 2974              		.loc 1 394 5 is_stmt 1 view .LVU947
 394:Drivers/STM32F1xx_HAL_Driver/Src/stm32f1xx_hal_rtc.c ****     hrtc->DateToUpdate.Month = RTC_MONTH_JANUARY;
 2975              		.loc 1 394 29 is_stmt 0 view .LVU948
 2976 0098 0023     		movs	r3, #0
 2977 009a E373     		strb	r3, [r4, #15]
 395:Drivers/STM32F1xx_HAL_Driver/Src/stm32f1xx_hal_rtc.c ****     hrtc->DateToUpdate.Date = 0x01U;
 2978              		.loc 1 395 5 is_stmt 1 view .LVU949
 395:Drivers/STM32F1xx_HAL_Driver/Src/stm32f1xx_hal_rtc.c ****     hrtc->DateToUpdate.Date = 0x01U;
 2979              		.loc 1 395 30 is_stmt 0 view .LVU950
 2980 009c 0123     		movs	r3, #1
 2981 009e 6373     		strb	r3, [r4, #13]
 396:Drivers/STM32F1xx_HAL_Driver/Src/stm32f1xx_hal_rtc.c **** 
 2982              		.loc 1 396 5 is_stmt 1 view .LVU951
 396:Drivers/STM32F1xx_HAL_Driver/Src/stm32f1xx_hal_rtc.c **** 
 2983              		.loc 1 396 29 is_stmt 0 view .LVU952
 2984 00a0 A373     		strb	r3, [r4, #14]
 399:Drivers/STM32F1xx_HAL_Driver/Src/stm32f1xx_hal_rtc.c **** 
 2985              		.loc 1 399 5 is_stmt 1 view .LVU953
 399:Drivers/STM32F1xx_HAL_Driver/Src/stm32f1xx_hal_rtc.c **** 
 2986              		.loc 1 399 17 is_stmt 0 view .LVU954
 2987 00a2 6374     		strb	r3, [r4, #17]
 401:Drivers/STM32F1xx_HAL_Driver/Src/stm32f1xx_hal_rtc.c ****   }
 2988              		.loc 1 401 5 is_stmt 1 view .LVU955
 401:Drivers/STM32F1xx_HAL_Driver/Src/stm32f1xx_hal_rtc.c ****   }
 2989              		.loc 1 401 12 is_stmt 0 view .LVU956
 2990 00a4 BBE7     		b	.L201
 2991              	.LVL283:
 2992              	.L209:
 2993              	.LCFI36:
 2994              		.cfi_def_cfa_offset 0
 2995              		.cfi_restore 4
 2996              		.cfi_restore 14
 282:Drivers/STM32F1xx_HAL_Driver/Src/stm32f1xx_hal_rtc.c ****   }
 2997              		.loc 1 282 12 view .LVU957
 2998 00a6 0120     		movs	r0, #1
 2999              	.LVL284:
 403:Drivers/STM32F1xx_HAL_Driver/Src/stm32f1xx_hal_rtc.c **** 
 3000              		.loc 1 403 1 view .LVU958
 3001 00a8 7047     		bx	lr
 3002              	.L219:
ARM GAS  /tmp/ccLN6BmF.s 			page 102


 3003 00aa 00BF     		.align	2
 3004              	.L218:
 3005 00ac 006C0040 		.word	1073769472
 3006              		.cfi_endproc
 3007              	.LFE65:
 3009              		.section	.text.HAL_RTC_DeInit,"ax",%progbits
 3010              		.align	1
 3011              		.global	HAL_RTC_DeInit
 3012              		.syntax unified
 3013              		.thumb
 3014              		.thumb_func
 3016              	HAL_RTC_DeInit:
 3017              	.LVL285:
 3018              	.LFB66:
 413:Drivers/STM32F1xx_HAL_Driver/Src/stm32f1xx_hal_rtc.c ****   /* Check input parameters */
 3019              		.loc 1 413 1 is_stmt 1 view -0
 3020              		.cfi_startproc
 3021              		@ args = 0, pretend = 0, frame = 0
 3022              		@ frame_needed = 0, uses_anonymous_args = 0
 413:Drivers/STM32F1xx_HAL_Driver/Src/stm32f1xx_hal_rtc.c ****   /* Check input parameters */
 3023              		.loc 1 413 1 is_stmt 0 view .LVU960
 3024 0000 38B5     		push	{r3, r4, r5, lr}
 3025              	.LCFI37:
 3026              		.cfi_def_cfa_offset 16
 3027              		.cfi_offset 3, -16
 3028              		.cfi_offset 4, -12
 3029              		.cfi_offset 5, -8
 3030              		.cfi_offset 14, -4
 415:Drivers/STM32F1xx_HAL_Driver/Src/stm32f1xx_hal_rtc.c ****   {
 3031              		.loc 1 415 3 is_stmt 1 view .LVU961
 415:Drivers/STM32F1xx_HAL_Driver/Src/stm32f1xx_hal_rtc.c ****   {
 3032              		.loc 1 415 6 is_stmt 0 view .LVU962
 3033 0002 0028     		cmp	r0, #0
 3034 0004 35D0     		beq	.L224
 3035 0006 0446     		mov	r4, r0
 421:Drivers/STM32F1xx_HAL_Driver/Src/stm32f1xx_hal_rtc.c **** 
 3036              		.loc 1 421 3 is_stmt 1 view .LVU963
 424:Drivers/STM32F1xx_HAL_Driver/Src/stm32f1xx_hal_rtc.c **** 
 3037              		.loc 1 424 3 view .LVU964
 424:Drivers/STM32F1xx_HAL_Driver/Src/stm32f1xx_hal_rtc.c **** 
 3038              		.loc 1 424 15 is_stmt 0 view .LVU965
 3039 0008 0223     		movs	r3, #2
 3040 000a 4374     		strb	r3, [r0, #17]
 427:Drivers/STM32F1xx_HAL_Driver/Src/stm32f1xx_hal_rtc.c ****   {
 3041              		.loc 1 427 3 is_stmt 1 view .LVU966
 427:Drivers/STM32F1xx_HAL_Driver/Src/stm32f1xx_hal_rtc.c ****   {
 3042              		.loc 1 427 7 is_stmt 0 view .LVU967
 3043 000c FFF7FEFF 		bl	RTC_EnterInitMode
 3044              	.LVL286:
 427:Drivers/STM32F1xx_HAL_Driver/Src/stm32f1xx_hal_rtc.c ****   {
 3045              		.loc 1 427 6 discriminator 1 view .LVU968
 3046 0010 30B1     		cbz	r0, .L222
 430:Drivers/STM32F1xx_HAL_Driver/Src/stm32f1xx_hal_rtc.c **** 
 3047              		.loc 1 430 5 is_stmt 1 view .LVU969
 430:Drivers/STM32F1xx_HAL_Driver/Src/stm32f1xx_hal_rtc.c **** 
 3048              		.loc 1 430 17 is_stmt 0 view .LVU970
 3049 0012 0423     		movs	r3, #4
ARM GAS  /tmp/ccLN6BmF.s 			page 103


 3050 0014 6374     		strb	r3, [r4, #17]
 433:Drivers/STM32F1xx_HAL_Driver/Src/stm32f1xx_hal_rtc.c **** 
 3051              		.loc 1 433 5 is_stmt 1 view .LVU971
 433:Drivers/STM32F1xx_HAL_Driver/Src/stm32f1xx_hal_rtc.c **** 
 3052              		.loc 1 433 5 view .LVU972
 3053 0016 0023     		movs	r3, #0
 3054 0018 2374     		strb	r3, [r4, #16]
 433:Drivers/STM32F1xx_HAL_Driver/Src/stm32f1xx_hal_rtc.c **** 
 3055              		.loc 1 433 5 view .LVU973
 435:Drivers/STM32F1xx_HAL_Driver/Src/stm32f1xx_hal_rtc.c ****   }
 3056              		.loc 1 435 5 view .LVU974
 435:Drivers/STM32F1xx_HAL_Driver/Src/stm32f1xx_hal_rtc.c ****   }
 3057              		.loc 1 435 12 is_stmt 0 view .LVU975
 3058 001a 0125     		movs	r5, #1
 3059              	.LVL287:
 3060              	.L221:
 485:Drivers/STM32F1xx_HAL_Driver/Src/stm32f1xx_hal_rtc.c **** 
 3061              		.loc 1 485 1 view .LVU976
 3062 001c 2846     		mov	r0, r5
 3063 001e 38BD     		pop	{r3, r4, r5, pc}
 3064              	.LVL288:
 3065              	.L222:
 439:Drivers/STM32F1xx_HAL_Driver/Src/stm32f1xx_hal_rtc.c ****     CLEAR_REG(hrtc->Instance->CNTH);
 3066              		.loc 1 439 5 is_stmt 1 view .LVU977
 3067 0020 2268     		ldr	r2, [r4]
 3068 0022 0023     		movs	r3, #0
 3069 0024 D361     		str	r3, [r2, #28]
 440:Drivers/STM32F1xx_HAL_Driver/Src/stm32f1xx_hal_rtc.c ****     WRITE_REG(hrtc->Instance->PRLL, 0x00008000U);
 3070              		.loc 1 440 5 view .LVU978
 3071 0026 2268     		ldr	r2, [r4]
 3072 0028 9361     		str	r3, [r2, #24]
 441:Drivers/STM32F1xx_HAL_Driver/Src/stm32f1xx_hal_rtc.c ****     CLEAR_REG(hrtc->Instance->PRLH);
 3073              		.loc 1 441 5 view .LVU979
 3074 002a 2268     		ldr	r2, [r4]
 3075 002c 4FF40041 		mov	r1, #32768
 3076 0030 D160     		str	r1, [r2, #12]
 442:Drivers/STM32F1xx_HAL_Driver/Src/stm32f1xx_hal_rtc.c **** 
 3077              		.loc 1 442 5 view .LVU980
 3078 0032 2268     		ldr	r2, [r4]
 3079 0034 9360     		str	r3, [r2, #8]
 445:Drivers/STM32F1xx_HAL_Driver/Src/stm32f1xx_hal_rtc.c ****     CLEAR_REG(hrtc->Instance->CRL);
 3080              		.loc 1 445 5 view .LVU981
 3081 0036 2268     		ldr	r2, [r4]
 3082 0038 1360     		str	r3, [r2]
 446:Drivers/STM32F1xx_HAL_Driver/Src/stm32f1xx_hal_rtc.c **** 
 3083              		.loc 1 446 5 view .LVU982
 3084 003a 2268     		ldr	r2, [r4]
 3085 003c 5360     		str	r3, [r2, #4]
 448:Drivers/STM32F1xx_HAL_Driver/Src/stm32f1xx_hal_rtc.c ****     {
 3086              		.loc 1 448 5 view .LVU983
 448:Drivers/STM32F1xx_HAL_Driver/Src/stm32f1xx_hal_rtc.c ****     {
 3087              		.loc 1 448 9 is_stmt 0 view .LVU984
 3088 003e 2046     		mov	r0, r4
 3089 0040 FFF7FEFF 		bl	RTC_ExitInitMode
 3090              	.LVL289:
 448:Drivers/STM32F1xx_HAL_Driver/Src/stm32f1xx_hal_rtc.c ****     {
 3091              		.loc 1 448 8 discriminator 1 view .LVU985
ARM GAS  /tmp/ccLN6BmF.s 			page 104


 3092 0044 0546     		mov	r5, r0
 3093 0046 28B1     		cbz	r0, .L223
 450:Drivers/STM32F1xx_HAL_Driver/Src/stm32f1xx_hal_rtc.c **** 
 3094              		.loc 1 450 7 is_stmt 1 view .LVU986
 450:Drivers/STM32F1xx_HAL_Driver/Src/stm32f1xx_hal_rtc.c **** 
 3095              		.loc 1 450 19 is_stmt 0 view .LVU987
 3096 0048 0423     		movs	r3, #4
 3097 004a 6374     		strb	r3, [r4, #17]
 453:Drivers/STM32F1xx_HAL_Driver/Src/stm32f1xx_hal_rtc.c **** 
 3098              		.loc 1 453 7 is_stmt 1 view .LVU988
 453:Drivers/STM32F1xx_HAL_Driver/Src/stm32f1xx_hal_rtc.c **** 
 3099              		.loc 1 453 7 view .LVU989
 3100 004c 0023     		movs	r3, #0
 3101 004e 2374     		strb	r3, [r4, #16]
 453:Drivers/STM32F1xx_HAL_Driver/Src/stm32f1xx_hal_rtc.c **** 
 3102              		.loc 1 453 7 view .LVU990
 455:Drivers/STM32F1xx_HAL_Driver/Src/stm32f1xx_hal_rtc.c ****     }
 3103              		.loc 1 455 7 view .LVU991
 455:Drivers/STM32F1xx_HAL_Driver/Src/stm32f1xx_hal_rtc.c ****     }
 3104              		.loc 1 455 14 is_stmt 0 view .LVU992
 3105 0050 0125     		movs	r5, #1
 3106 0052 E3E7     		b	.L221
 3107              	.L223:
 460:Drivers/STM32F1xx_HAL_Driver/Src/stm32f1xx_hal_rtc.c **** 
 3108              		.loc 1 460 3 is_stmt 1 view .LVU993
 3109 0054 2046     		mov	r0, r4
 3110 0056 FFF7FEFF 		bl	HAL_RTC_WaitForSynchro
 3111              	.LVL290:
 463:Drivers/STM32F1xx_HAL_Driver/Src/stm32f1xx_hal_rtc.c **** 
 3112              		.loc 1 463 3 view .LVU994
 3113 005a 2268     		ldr	r2, [r4]
 3114 005c 5368     		ldr	r3, [r2, #4]
 3115 005e 23F00803 		bic	r3, r3, #8
 3116 0062 5360     		str	r3, [r2, #4]
 476:Drivers/STM32F1xx_HAL_Driver/Src/stm32f1xx_hal_rtc.c **** #endif /* (USE_HAL_RTC_REGISTER_CALLBACKS) */
 3117              		.loc 1 476 3 view .LVU995
 3118 0064 2046     		mov	r0, r4
 3119 0066 FFF7FEFF 		bl	HAL_RTC_MspDeInit
 3120              	.LVL291:
 479:Drivers/STM32F1xx_HAL_Driver/Src/stm32f1xx_hal_rtc.c **** 
 3121              		.loc 1 479 3 view .LVU996
 479:Drivers/STM32F1xx_HAL_Driver/Src/stm32f1xx_hal_rtc.c **** 
 3122              		.loc 1 479 15 is_stmt 0 view .LVU997
 3123 006a 0023     		movs	r3, #0
 3124 006c 6374     		strb	r3, [r4, #17]
 482:Drivers/STM32F1xx_HAL_Driver/Src/stm32f1xx_hal_rtc.c **** 
 3125              		.loc 1 482 3 is_stmt 1 view .LVU998
 482:Drivers/STM32F1xx_HAL_Driver/Src/stm32f1xx_hal_rtc.c **** 
 3126              		.loc 1 482 3 view .LVU999
 3127 006e 2374     		strb	r3, [r4, #16]
 482:Drivers/STM32F1xx_HAL_Driver/Src/stm32f1xx_hal_rtc.c **** 
 3128              		.loc 1 482 3 view .LVU1000
 484:Drivers/STM32F1xx_HAL_Driver/Src/stm32f1xx_hal_rtc.c **** }
 3129              		.loc 1 484 3 view .LVU1001
 484:Drivers/STM32F1xx_HAL_Driver/Src/stm32f1xx_hal_rtc.c **** }
 3130              		.loc 1 484 10 is_stmt 0 view .LVU1002
 3131 0070 D4E7     		b	.L221
ARM GAS  /tmp/ccLN6BmF.s 			page 105


 3132              	.LVL292:
 3133              	.L224:
 417:Drivers/STM32F1xx_HAL_Driver/Src/stm32f1xx_hal_rtc.c ****   }
 3134              		.loc 1 417 12 view .LVU1003
 3135 0072 0125     		movs	r5, #1
 3136 0074 D2E7     		b	.L221
 3137              		.cfi_endproc
 3138              	.LFE66:
 3140              		.text
 3141              	.Letext0:
 3142              		.file 2 "/usr/lib/gcc/arm-none-eabi/14.2.1/include/stdint.h"
 3143              		.file 3 "Drivers/CMSIS/Device/ST/STM32F1xx/Include/stm32f103xb.h"
 3144              		.file 4 "Drivers/CMSIS/Device/ST/STM32F1xx/Include/stm32f1xx.h"
 3145              		.file 5 "Drivers/STM32F1xx_HAL_Driver/Inc/stm32f1xx_hal_def.h"
 3146              		.file 6 "Drivers/STM32F1xx_HAL_Driver/Inc/stm32f1xx_hal_rtc.h"
 3147              		.file 7 "Drivers/STM32F1xx_HAL_Driver/Inc/stm32f1xx_hal.h"
 3148              		.file 8 "Drivers/STM32F1xx_HAL_Driver/Inc/stm32f1xx_hal_rcc_ex.h"
ARM GAS  /tmp/ccLN6BmF.s 			page 106


DEFINED SYMBOLS
                            *ABS*:00000000 stm32f1xx_hal_rtc.c
     /tmp/ccLN6BmF.s:19     .text.RTC_ReadTimeCounter:00000000 $t
     /tmp/ccLN6BmF.s:24     .text.RTC_ReadTimeCounter:00000000 RTC_ReadTimeCounter
     /tmp/ccLN6BmF.s:87     .text.RTC_ReadAlarmCounter:00000000 $t
     /tmp/ccLN6BmF.s:92     .text.RTC_ReadAlarmCounter:00000000 RTC_ReadAlarmCounter
     /tmp/ccLN6BmF.s:122    .text.RTC_ByteToBcd2:00000000 $t
     /tmp/ccLN6BmF.s:127    .text.RTC_ByteToBcd2:00000000 RTC_ByteToBcd2
     /tmp/ccLN6BmF.s:173    .text.RTC_Bcd2ToByte:00000000 $t
     /tmp/ccLN6BmF.s:178    .text.RTC_Bcd2ToByte:00000000 RTC_Bcd2ToByte
     /tmp/ccLN6BmF.s:206    .text.RTC_IsLeapYear:00000000 $t
     /tmp/ccLN6BmF.s:211    .text.RTC_IsLeapYear:00000000 RTC_IsLeapYear
     /tmp/ccLN6BmF.s:270    .text.RTC_IsLeapYear:0000003c $d
     /tmp/ccLN6BmF.s:275    .text.RTC_WeekDayNum:00000000 $t
     /tmp/ccLN6BmF.s:280    .text.RTC_WeekDayNum:00000000 RTC_WeekDayNum
     /tmp/ccLN6BmF.s:382    .text.RTC_WeekDayNum:0000008c $d
     /tmp/ccLN6BmF.s:389    .text.RTC_DateUpdate:00000000 $t
     /tmp/ccLN6BmF.s:394    .text.RTC_DateUpdate:00000000 RTC_DateUpdate
     /tmp/ccLN6BmF.s:591    .text.RTC_EnterInitMode:00000000 $t
     /tmp/ccLN6BmF.s:596    .text.RTC_EnterInitMode:00000000 RTC_EnterInitMode
     /tmp/ccLN6BmF.s:659    .text.RTC_ExitInitMode:00000000 $t
     /tmp/ccLN6BmF.s:664    .text.RTC_ExitInitMode:00000000 RTC_ExitInitMode
     /tmp/ccLN6BmF.s:727    .text.RTC_WriteTimeCounter:00000000 $t
     /tmp/ccLN6BmF.s:732    .text.RTC_WriteTimeCounter:00000000 RTC_WriteTimeCounter
     /tmp/ccLN6BmF.s:791    .text.RTC_WriteAlarmCounter:00000000 $t
     /tmp/ccLN6BmF.s:796    .text.RTC_WriteAlarmCounter:00000000 RTC_WriteAlarmCounter
     /tmp/ccLN6BmF.s:855    .text.HAL_RTC_MspInit:00000000 $t
     /tmp/ccLN6BmF.s:861    .text.HAL_RTC_MspInit:00000000 HAL_RTC_MspInit
     /tmp/ccLN6BmF.s:876    .text.HAL_RTC_MspDeInit:00000000 $t
     /tmp/ccLN6BmF.s:882    .text.HAL_RTC_MspDeInit:00000000 HAL_RTC_MspDeInit
     /tmp/ccLN6BmF.s:897    .text.HAL_RTC_SetTime:00000000 $t
     /tmp/ccLN6BmF.s:903    .text.HAL_RTC_SetTime:00000000 HAL_RTC_SetTime
     /tmp/ccLN6BmF.s:1105   .text.HAL_RTC_GetTime:00000000 $t
     /tmp/ccLN6BmF.s:1111   .text.HAL_RTC_GetTime:00000000 HAL_RTC_GetTime
     /tmp/ccLN6BmF.s:1372   .text.HAL_RTC_GetTime:000000f8 $d
     /tmp/ccLN6BmF.s:1381   .text.HAL_RTC_SetDate:00000000 $t
     /tmp/ccLN6BmF.s:1387   .text.HAL_RTC_SetDate:00000000 HAL_RTC_SetDate
     /tmp/ccLN6BmF.s:1628   .text.HAL_RTC_SetDate:000000c8 $d
     /tmp/ccLN6BmF.s:1635   .text.HAL_RTC_GetDate:00000000 $t
     /tmp/ccLN6BmF.s:1641   .text.HAL_RTC_GetDate:00000000 HAL_RTC_GetDate
     /tmp/ccLN6BmF.s:1763   .text.HAL_RTC_SetAlarm:00000000 $t
     /tmp/ccLN6BmF.s:1769   .text.HAL_RTC_SetAlarm:00000000 HAL_RTC_SetAlarm
     /tmp/ccLN6BmF.s:1984   .text.HAL_RTC_SetAlarm_IT:00000000 $t
     /tmp/ccLN6BmF.s:1990   .text.HAL_RTC_SetAlarm_IT:00000000 HAL_RTC_SetAlarm_IT
     /tmp/ccLN6BmF.s:2223   .text.HAL_RTC_SetAlarm_IT:000000f0 $d
     /tmp/ccLN6BmF.s:2228   .text.HAL_RTC_GetAlarm:00000000 $t
     /tmp/ccLN6BmF.s:2234   .text.HAL_RTC_GetAlarm:00000000 HAL_RTC_GetAlarm
     /tmp/ccLN6BmF.s:2371   .text.HAL_RTC_GetAlarm:00000078 $d
     /tmp/ccLN6BmF.s:2378   .text.HAL_RTC_DeactivateAlarm:00000000 $t
     /tmp/ccLN6BmF.s:2384   .text.HAL_RTC_DeactivateAlarm:00000000 HAL_RTC_DeactivateAlarm
     /tmp/ccLN6BmF.s:2520   .text.HAL_RTC_DeactivateAlarm:00000078 $d
     /tmp/ccLN6BmF.s:2525   .text.HAL_RTC_AlarmAEventCallback:00000000 $t
     /tmp/ccLN6BmF.s:2531   .text.HAL_RTC_AlarmAEventCallback:00000000 HAL_RTC_AlarmAEventCallback
     /tmp/ccLN6BmF.s:2546   .text.HAL_RTC_AlarmIRQHandler:00000000 $t
     /tmp/ccLN6BmF.s:2552   .text.HAL_RTC_AlarmIRQHandler:00000000 HAL_RTC_AlarmIRQHandler
     /tmp/ccLN6BmF.s:2605   .text.HAL_RTC_AlarmIRQHandler:00000034 $d
     /tmp/ccLN6BmF.s:2610   .text.HAL_RTC_PollForAlarmAEvent:00000000 $t
ARM GAS  /tmp/ccLN6BmF.s 			page 107


     /tmp/ccLN6BmF.s:2616   .text.HAL_RTC_PollForAlarmAEvent:00000000 HAL_RTC_PollForAlarmAEvent
     /tmp/ccLN6BmF.s:2701   .text.HAL_RTC_GetState:00000000 $t
     /tmp/ccLN6BmF.s:2707   .text.HAL_RTC_GetState:00000000 HAL_RTC_GetState
     /tmp/ccLN6BmF.s:2725   .text.HAL_RTC_WaitForSynchro:00000000 $t
     /tmp/ccLN6BmF.s:2731   .text.HAL_RTC_WaitForSynchro:00000000 HAL_RTC_WaitForSynchro
     /tmp/ccLN6BmF.s:2808   .text.HAL_RTC_Init:00000000 $t
     /tmp/ccLN6BmF.s:2814   .text.HAL_RTC_Init:00000000 HAL_RTC_Init
     /tmp/ccLN6BmF.s:3005   .text.HAL_RTC_Init:000000ac $d
     /tmp/ccLN6BmF.s:3010   .text.HAL_RTC_DeInit:00000000 $t
     /tmp/ccLN6BmF.s:3016   .text.HAL_RTC_DeInit:00000000 HAL_RTC_DeInit

UNDEFINED SYMBOLS
HAL_GetTick
HAL_RCCEx_GetPeriphCLKFreq
