ARM GAS  C:\Users\jonar\AppData\Local\Temp\cciTohkI.s 			page 1


   1              		.cpu cortex-m3
   2              		.arch armv7-m
   3              		.fpu softvfp
   4              		.eabi_attribute 20, 1
   5              		.eabi_attribute 21, 1
   6              		.eabi_attribute 23, 3
   7              		.eabi_attribute 24, 1
   8              		.eabi_attribute 25, 1
   9              		.eabi_attribute 26, 1
  10              		.eabi_attribute 30, 1
  11              		.eabi_attribute 34, 1
  12              		.eabi_attribute 18, 4
  13              		.file	"usbd_hid.c"
  14              		.text
  15              	.Ltext0:
  16              		.cfi_sections	.debug_frame
  17              		.file 1 "Middlewares/ST/STM32_USB_Device_Library/Class/HID/Src/usbd_hid.c"
  18              		.section	.text.USBD_HID_GetFSCfgDesc,"ax",%progbits
  19              		.align	1
  20              		.syntax unified
  21              		.thumb
  22              		.thumb_func
  24              	USBD_HID_GetFSCfgDesc:
  25              	.LVL0:
  26              	.LFB73:
   1:Middlewares/ST/STM32_USB_Device_Library/Class/HID/Src/usbd_hid.c **** /**
   2:Middlewares/ST/STM32_USB_Device_Library/Class/HID/Src/usbd_hid.c ****   ******************************************************************************
   3:Middlewares/ST/STM32_USB_Device_Library/Class/HID/Src/usbd_hid.c ****   * @file    usbd_hid.c
   4:Middlewares/ST/STM32_USB_Device_Library/Class/HID/Src/usbd_hid.c ****   * @author  MCD Application Team
   5:Middlewares/ST/STM32_USB_Device_Library/Class/HID/Src/usbd_hid.c ****   * @brief   This file provides the HID core functions.
   6:Middlewares/ST/STM32_USB_Device_Library/Class/HID/Src/usbd_hid.c ****   *
   7:Middlewares/ST/STM32_USB_Device_Library/Class/HID/Src/usbd_hid.c ****   * @verbatim
   8:Middlewares/ST/STM32_USB_Device_Library/Class/HID/Src/usbd_hid.c ****   *
   9:Middlewares/ST/STM32_USB_Device_Library/Class/HID/Src/usbd_hid.c ****   *          ===================================================================
  10:Middlewares/ST/STM32_USB_Device_Library/Class/HID/Src/usbd_hid.c ****   *                                HID Class  Description
  11:Middlewares/ST/STM32_USB_Device_Library/Class/HID/Src/usbd_hid.c ****   *          ===================================================================
  12:Middlewares/ST/STM32_USB_Device_Library/Class/HID/Src/usbd_hid.c ****   *           This module manages the HID class V1.11 following the "Device Class Definition
  13:Middlewares/ST/STM32_USB_Device_Library/Class/HID/Src/usbd_hid.c ****   *           for Human Interface Devices (HID) Version 1.11 Jun 27, 2001".
  14:Middlewares/ST/STM32_USB_Device_Library/Class/HID/Src/usbd_hid.c ****   *           This driver implements the following aspects of the specification:
  15:Middlewares/ST/STM32_USB_Device_Library/Class/HID/Src/usbd_hid.c ****   *             - The Boot Interface Subclass
  16:Middlewares/ST/STM32_USB_Device_Library/Class/HID/Src/usbd_hid.c ****   *             - The Mouse protocol
  17:Middlewares/ST/STM32_USB_Device_Library/Class/HID/Src/usbd_hid.c ****   *             - Usage Page : Generic Desktop
  18:Middlewares/ST/STM32_USB_Device_Library/Class/HID/Src/usbd_hid.c ****   *             - Usage : Joystick
  19:Middlewares/ST/STM32_USB_Device_Library/Class/HID/Src/usbd_hid.c ****   *             - Collection : Application
  20:Middlewares/ST/STM32_USB_Device_Library/Class/HID/Src/usbd_hid.c ****   *
  21:Middlewares/ST/STM32_USB_Device_Library/Class/HID/Src/usbd_hid.c ****   * @note     In HS mode and when the DMA is used, all variables and data structures
  22:Middlewares/ST/STM32_USB_Device_Library/Class/HID/Src/usbd_hid.c ****   *           dealing with the DMA during the transaction process should be 32-bit aligned.
  23:Middlewares/ST/STM32_USB_Device_Library/Class/HID/Src/usbd_hid.c ****   *
  24:Middlewares/ST/STM32_USB_Device_Library/Class/HID/Src/usbd_hid.c ****   *
  25:Middlewares/ST/STM32_USB_Device_Library/Class/HID/Src/usbd_hid.c ****   *  @endverbatim
  26:Middlewares/ST/STM32_USB_Device_Library/Class/HID/Src/usbd_hid.c ****   *
  27:Middlewares/ST/STM32_USB_Device_Library/Class/HID/Src/usbd_hid.c ****   ******************************************************************************
  28:Middlewares/ST/STM32_USB_Device_Library/Class/HID/Src/usbd_hid.c ****   * @attention
  29:Middlewares/ST/STM32_USB_Device_Library/Class/HID/Src/usbd_hid.c ****   *
  30:Middlewares/ST/STM32_USB_Device_Library/Class/HID/Src/usbd_hid.c ****   * <h2><center>&copy; Copyright (c) 2015 STMicroelectronics.
  31:Middlewares/ST/STM32_USB_Device_Library/Class/HID/Src/usbd_hid.c ****   * All rights reserved.</center></h2>
  32:Middlewares/ST/STM32_USB_Device_Library/Class/HID/Src/usbd_hid.c ****   *
ARM GAS  C:\Users\jonar\AppData\Local\Temp\cciTohkI.s 			page 2


  33:Middlewares/ST/STM32_USB_Device_Library/Class/HID/Src/usbd_hid.c ****   * This software component is licensed by ST under Ultimate Liberty license
  34:Middlewares/ST/STM32_USB_Device_Library/Class/HID/Src/usbd_hid.c ****   * SLA0044, the "License"; You may not use this file except in compliance with
  35:Middlewares/ST/STM32_USB_Device_Library/Class/HID/Src/usbd_hid.c ****   * the License. You may obtain a copy of the License at:
  36:Middlewares/ST/STM32_USB_Device_Library/Class/HID/Src/usbd_hid.c ****   *                      www.st.com/SLA0044
  37:Middlewares/ST/STM32_USB_Device_Library/Class/HID/Src/usbd_hid.c ****   *
  38:Middlewares/ST/STM32_USB_Device_Library/Class/HID/Src/usbd_hid.c ****   ******************************************************************************
  39:Middlewares/ST/STM32_USB_Device_Library/Class/HID/Src/usbd_hid.c ****   */
  40:Middlewares/ST/STM32_USB_Device_Library/Class/HID/Src/usbd_hid.c **** 
  41:Middlewares/ST/STM32_USB_Device_Library/Class/HID/Src/usbd_hid.c **** /* BSPDependencies
  42:Middlewares/ST/STM32_USB_Device_Library/Class/HID/Src/usbd_hid.c **** - "stm32xxxxx_{eval}{discovery}{nucleo_144}.c"
  43:Middlewares/ST/STM32_USB_Device_Library/Class/HID/Src/usbd_hid.c **** - "stm32xxxxx_{eval}{discovery}_io.c"
  44:Middlewares/ST/STM32_USB_Device_Library/Class/HID/Src/usbd_hid.c **** EndBSPDependencies */
  45:Middlewares/ST/STM32_USB_Device_Library/Class/HID/Src/usbd_hid.c **** 
  46:Middlewares/ST/STM32_USB_Device_Library/Class/HID/Src/usbd_hid.c **** /* Includes ------------------------------------------------------------------*/
  47:Middlewares/ST/STM32_USB_Device_Library/Class/HID/Src/usbd_hid.c **** #include "usbd_hid.h"
  48:Middlewares/ST/STM32_USB_Device_Library/Class/HID/Src/usbd_hid.c **** #include "usbd_ctlreq.h"
  49:Middlewares/ST/STM32_USB_Device_Library/Class/HID/Src/usbd_hid.c **** 
  50:Middlewares/ST/STM32_USB_Device_Library/Class/HID/Src/usbd_hid.c **** 
  51:Middlewares/ST/STM32_USB_Device_Library/Class/HID/Src/usbd_hid.c **** /** @addtogroup STM32_USB_DEVICE_LIBRARY
  52:Middlewares/ST/STM32_USB_Device_Library/Class/HID/Src/usbd_hid.c ****   * @{
  53:Middlewares/ST/STM32_USB_Device_Library/Class/HID/Src/usbd_hid.c ****   */
  54:Middlewares/ST/STM32_USB_Device_Library/Class/HID/Src/usbd_hid.c **** 
  55:Middlewares/ST/STM32_USB_Device_Library/Class/HID/Src/usbd_hid.c **** 
  56:Middlewares/ST/STM32_USB_Device_Library/Class/HID/Src/usbd_hid.c **** /** @defgroup USBD_HID
  57:Middlewares/ST/STM32_USB_Device_Library/Class/HID/Src/usbd_hid.c ****   * @brief usbd core module
  58:Middlewares/ST/STM32_USB_Device_Library/Class/HID/Src/usbd_hid.c ****   * @{
  59:Middlewares/ST/STM32_USB_Device_Library/Class/HID/Src/usbd_hid.c ****   */
  60:Middlewares/ST/STM32_USB_Device_Library/Class/HID/Src/usbd_hid.c **** 
  61:Middlewares/ST/STM32_USB_Device_Library/Class/HID/Src/usbd_hid.c **** /** @defgroup USBD_HID_Private_TypesDefinitions
  62:Middlewares/ST/STM32_USB_Device_Library/Class/HID/Src/usbd_hid.c ****   * @{
  63:Middlewares/ST/STM32_USB_Device_Library/Class/HID/Src/usbd_hid.c ****   */
  64:Middlewares/ST/STM32_USB_Device_Library/Class/HID/Src/usbd_hid.c **** /**
  65:Middlewares/ST/STM32_USB_Device_Library/Class/HID/Src/usbd_hid.c ****   * @}
  66:Middlewares/ST/STM32_USB_Device_Library/Class/HID/Src/usbd_hid.c ****   */
  67:Middlewares/ST/STM32_USB_Device_Library/Class/HID/Src/usbd_hid.c **** 
  68:Middlewares/ST/STM32_USB_Device_Library/Class/HID/Src/usbd_hid.c **** 
  69:Middlewares/ST/STM32_USB_Device_Library/Class/HID/Src/usbd_hid.c **** /** @defgroup USBD_HID_Private_Defines
  70:Middlewares/ST/STM32_USB_Device_Library/Class/HID/Src/usbd_hid.c ****   * @{
  71:Middlewares/ST/STM32_USB_Device_Library/Class/HID/Src/usbd_hid.c ****   */
  72:Middlewares/ST/STM32_USB_Device_Library/Class/HID/Src/usbd_hid.c **** 
  73:Middlewares/ST/STM32_USB_Device_Library/Class/HID/Src/usbd_hid.c **** /**
  74:Middlewares/ST/STM32_USB_Device_Library/Class/HID/Src/usbd_hid.c ****   * @}
  75:Middlewares/ST/STM32_USB_Device_Library/Class/HID/Src/usbd_hid.c ****   */
  76:Middlewares/ST/STM32_USB_Device_Library/Class/HID/Src/usbd_hid.c **** 
  77:Middlewares/ST/STM32_USB_Device_Library/Class/HID/Src/usbd_hid.c **** 
  78:Middlewares/ST/STM32_USB_Device_Library/Class/HID/Src/usbd_hid.c **** /** @defgroup USBD_HID_Private_Macros
  79:Middlewares/ST/STM32_USB_Device_Library/Class/HID/Src/usbd_hid.c ****   * @{
  80:Middlewares/ST/STM32_USB_Device_Library/Class/HID/Src/usbd_hid.c ****   */
  81:Middlewares/ST/STM32_USB_Device_Library/Class/HID/Src/usbd_hid.c **** /**
  82:Middlewares/ST/STM32_USB_Device_Library/Class/HID/Src/usbd_hid.c ****   * @}
  83:Middlewares/ST/STM32_USB_Device_Library/Class/HID/Src/usbd_hid.c ****   */
  84:Middlewares/ST/STM32_USB_Device_Library/Class/HID/Src/usbd_hid.c **** 
  85:Middlewares/ST/STM32_USB_Device_Library/Class/HID/Src/usbd_hid.c **** 
  86:Middlewares/ST/STM32_USB_Device_Library/Class/HID/Src/usbd_hid.c **** 
  87:Middlewares/ST/STM32_USB_Device_Library/Class/HID/Src/usbd_hid.c **** 
  88:Middlewares/ST/STM32_USB_Device_Library/Class/HID/Src/usbd_hid.c **** /** @defgroup USBD_HID_Private_FunctionPrototypes
  89:Middlewares/ST/STM32_USB_Device_Library/Class/HID/Src/usbd_hid.c ****   * @{
ARM GAS  C:\Users\jonar\AppData\Local\Temp\cciTohkI.s 			page 3


  90:Middlewares/ST/STM32_USB_Device_Library/Class/HID/Src/usbd_hid.c ****   */
  91:Middlewares/ST/STM32_USB_Device_Library/Class/HID/Src/usbd_hid.c **** 
  92:Middlewares/ST/STM32_USB_Device_Library/Class/HID/Src/usbd_hid.c **** 
  93:Middlewares/ST/STM32_USB_Device_Library/Class/HID/Src/usbd_hid.c **** static uint8_t  USBD_HID_Init(USBD_HandleTypeDef *pdev,
  94:Middlewares/ST/STM32_USB_Device_Library/Class/HID/Src/usbd_hid.c ****                               uint8_t cfgidx);
  95:Middlewares/ST/STM32_USB_Device_Library/Class/HID/Src/usbd_hid.c **** 
  96:Middlewares/ST/STM32_USB_Device_Library/Class/HID/Src/usbd_hid.c **** static uint8_t  USBD_HID_DeInit(USBD_HandleTypeDef *pdev,
  97:Middlewares/ST/STM32_USB_Device_Library/Class/HID/Src/usbd_hid.c ****                                 uint8_t cfgidx);
  98:Middlewares/ST/STM32_USB_Device_Library/Class/HID/Src/usbd_hid.c **** 
  99:Middlewares/ST/STM32_USB_Device_Library/Class/HID/Src/usbd_hid.c **** static uint8_t  USBD_HID_Setup(USBD_HandleTypeDef *pdev,
 100:Middlewares/ST/STM32_USB_Device_Library/Class/HID/Src/usbd_hid.c ****                                USBD_SetupReqTypedef *req);
 101:Middlewares/ST/STM32_USB_Device_Library/Class/HID/Src/usbd_hid.c **** 
 102:Middlewares/ST/STM32_USB_Device_Library/Class/HID/Src/usbd_hid.c **** static uint8_t  *USBD_HID_GetFSCfgDesc(uint16_t *length);
 103:Middlewares/ST/STM32_USB_Device_Library/Class/HID/Src/usbd_hid.c **** 
 104:Middlewares/ST/STM32_USB_Device_Library/Class/HID/Src/usbd_hid.c **** static uint8_t  *USBD_HID_GetHSCfgDesc(uint16_t *length);
 105:Middlewares/ST/STM32_USB_Device_Library/Class/HID/Src/usbd_hid.c **** 
 106:Middlewares/ST/STM32_USB_Device_Library/Class/HID/Src/usbd_hid.c **** static uint8_t  *USBD_HID_GetOtherSpeedCfgDesc(uint16_t *length);
 107:Middlewares/ST/STM32_USB_Device_Library/Class/HID/Src/usbd_hid.c **** 
 108:Middlewares/ST/STM32_USB_Device_Library/Class/HID/Src/usbd_hid.c **** static uint8_t  *USBD_HID_GetDeviceQualifierDesc(uint16_t *length);
 109:Middlewares/ST/STM32_USB_Device_Library/Class/HID/Src/usbd_hid.c **** 
 110:Middlewares/ST/STM32_USB_Device_Library/Class/HID/Src/usbd_hid.c **** static uint8_t  USBD_HID_DataIn(USBD_HandleTypeDef *pdev, uint8_t epnum);
 111:Middlewares/ST/STM32_USB_Device_Library/Class/HID/Src/usbd_hid.c **** /**
 112:Middlewares/ST/STM32_USB_Device_Library/Class/HID/Src/usbd_hid.c ****   * @}
 113:Middlewares/ST/STM32_USB_Device_Library/Class/HID/Src/usbd_hid.c ****   */
 114:Middlewares/ST/STM32_USB_Device_Library/Class/HID/Src/usbd_hid.c **** 
 115:Middlewares/ST/STM32_USB_Device_Library/Class/HID/Src/usbd_hid.c **** /** @defgroup USBD_HID_Private_Variables
 116:Middlewares/ST/STM32_USB_Device_Library/Class/HID/Src/usbd_hid.c ****   * @{
 117:Middlewares/ST/STM32_USB_Device_Library/Class/HID/Src/usbd_hid.c ****   */
 118:Middlewares/ST/STM32_USB_Device_Library/Class/HID/Src/usbd_hid.c **** 
 119:Middlewares/ST/STM32_USB_Device_Library/Class/HID/Src/usbd_hid.c **** USBD_ClassTypeDef  USBD_HID =
 120:Middlewares/ST/STM32_USB_Device_Library/Class/HID/Src/usbd_hid.c **** {
 121:Middlewares/ST/STM32_USB_Device_Library/Class/HID/Src/usbd_hid.c ****   USBD_HID_Init,
 122:Middlewares/ST/STM32_USB_Device_Library/Class/HID/Src/usbd_hid.c ****   USBD_HID_DeInit,
 123:Middlewares/ST/STM32_USB_Device_Library/Class/HID/Src/usbd_hid.c ****   USBD_HID_Setup,
 124:Middlewares/ST/STM32_USB_Device_Library/Class/HID/Src/usbd_hid.c ****   NULL, /*EP0_TxSent*/
 125:Middlewares/ST/STM32_USB_Device_Library/Class/HID/Src/usbd_hid.c ****   NULL, /*EP0_RxReady*/
 126:Middlewares/ST/STM32_USB_Device_Library/Class/HID/Src/usbd_hid.c ****   USBD_HID_DataIn, /*DataIn*/
 127:Middlewares/ST/STM32_USB_Device_Library/Class/HID/Src/usbd_hid.c ****   NULL, /*DataOut*/
 128:Middlewares/ST/STM32_USB_Device_Library/Class/HID/Src/usbd_hid.c ****   NULL, /*SOF */
 129:Middlewares/ST/STM32_USB_Device_Library/Class/HID/Src/usbd_hid.c ****   NULL,
 130:Middlewares/ST/STM32_USB_Device_Library/Class/HID/Src/usbd_hid.c ****   NULL,
 131:Middlewares/ST/STM32_USB_Device_Library/Class/HID/Src/usbd_hid.c ****   USBD_HID_GetHSCfgDesc,
 132:Middlewares/ST/STM32_USB_Device_Library/Class/HID/Src/usbd_hid.c ****   USBD_HID_GetFSCfgDesc,
 133:Middlewares/ST/STM32_USB_Device_Library/Class/HID/Src/usbd_hid.c ****   USBD_HID_GetOtherSpeedCfgDesc,
 134:Middlewares/ST/STM32_USB_Device_Library/Class/HID/Src/usbd_hid.c ****   USBD_HID_GetDeviceQualifierDesc,
 135:Middlewares/ST/STM32_USB_Device_Library/Class/HID/Src/usbd_hid.c **** };
 136:Middlewares/ST/STM32_USB_Device_Library/Class/HID/Src/usbd_hid.c **** 
 137:Middlewares/ST/STM32_USB_Device_Library/Class/HID/Src/usbd_hid.c **** /* USB HID device FS Configuration Descriptor */
 138:Middlewares/ST/STM32_USB_Device_Library/Class/HID/Src/usbd_hid.c **** __ALIGN_BEGIN static uint8_t USBD_HID_CfgFSDesc[USB_HID_CONFIG_DESC_SIZ]  __ALIGN_END =
 139:Middlewares/ST/STM32_USB_Device_Library/Class/HID/Src/usbd_hid.c **** {
 140:Middlewares/ST/STM32_USB_Device_Library/Class/HID/Src/usbd_hid.c ****   0x09, /* bLength: Configuration Descriptor size */
 141:Middlewares/ST/STM32_USB_Device_Library/Class/HID/Src/usbd_hid.c ****   USB_DESC_TYPE_CONFIGURATION, /* bDescriptorType: Configuration */
 142:Middlewares/ST/STM32_USB_Device_Library/Class/HID/Src/usbd_hid.c ****   USB_HID_CONFIG_DESC_SIZ,
 143:Middlewares/ST/STM32_USB_Device_Library/Class/HID/Src/usbd_hid.c ****   /* wTotalLength: Bytes returned */
 144:Middlewares/ST/STM32_USB_Device_Library/Class/HID/Src/usbd_hid.c ****   0x00,
 145:Middlewares/ST/STM32_USB_Device_Library/Class/HID/Src/usbd_hid.c ****   0x01,         /*bNumInterfaces: 1 interface*/
 146:Middlewares/ST/STM32_USB_Device_Library/Class/HID/Src/usbd_hid.c ****   0x01,         /*bConfigurationValue: Configuration value*/
ARM GAS  C:\Users\jonar\AppData\Local\Temp\cciTohkI.s 			page 4


 147:Middlewares/ST/STM32_USB_Device_Library/Class/HID/Src/usbd_hid.c ****   0x00,         /*iConfiguration: Index of string descriptor describing
 148:Middlewares/ST/STM32_USB_Device_Library/Class/HID/Src/usbd_hid.c ****   the configuration*/
 149:Middlewares/ST/STM32_USB_Device_Library/Class/HID/Src/usbd_hid.c ****   0xE0,         /*bmAttributes: bus powered and Support Remote Wake-up */
 150:Middlewares/ST/STM32_USB_Device_Library/Class/HID/Src/usbd_hid.c ****   0x32,         /*MaxPower 100 mA: this current is used for detecting Vbus*/
 151:Middlewares/ST/STM32_USB_Device_Library/Class/HID/Src/usbd_hid.c **** 
 152:Middlewares/ST/STM32_USB_Device_Library/Class/HID/Src/usbd_hid.c ****   /************** Descriptor of Joystick Mouse interface ****************/
 153:Middlewares/ST/STM32_USB_Device_Library/Class/HID/Src/usbd_hid.c ****   /* 09 */
 154:Middlewares/ST/STM32_USB_Device_Library/Class/HID/Src/usbd_hid.c ****   0x09,         /*bLength: Interface Descriptor size*/
 155:Middlewares/ST/STM32_USB_Device_Library/Class/HID/Src/usbd_hid.c ****   USB_DESC_TYPE_INTERFACE,/*bDescriptorType: Interface descriptor type*/
 156:Middlewares/ST/STM32_USB_Device_Library/Class/HID/Src/usbd_hid.c ****   0x00,         /*bInterfaceNumber: Number of Interface*/
 157:Middlewares/ST/STM32_USB_Device_Library/Class/HID/Src/usbd_hid.c ****   0x00,         /*bAlternateSetting: Alternate setting*/
 158:Middlewares/ST/STM32_USB_Device_Library/Class/HID/Src/usbd_hid.c ****   0x01,         /*bNumEndpoints*/
 159:Middlewares/ST/STM32_USB_Device_Library/Class/HID/Src/usbd_hid.c ****   0x03,         /*bInterfaceClass: HID*/
 160:Middlewares/ST/STM32_USB_Device_Library/Class/HID/Src/usbd_hid.c ****   0x01,         /*bInterfaceSubClass : 1=BOOT, 0=no boot*/
 161:Middlewares/ST/STM32_USB_Device_Library/Class/HID/Src/usbd_hid.c ****   0x02,         /*nInterfaceProtocol : 0=none, 1=keyboard, 2=mouse*/
 162:Middlewares/ST/STM32_USB_Device_Library/Class/HID/Src/usbd_hid.c ****   0,            /*iInterface: Index of string descriptor*/
 163:Middlewares/ST/STM32_USB_Device_Library/Class/HID/Src/usbd_hid.c ****   /******************** Descriptor of Joystick Mouse HID ********************/
 164:Middlewares/ST/STM32_USB_Device_Library/Class/HID/Src/usbd_hid.c ****   /* 18 */
 165:Middlewares/ST/STM32_USB_Device_Library/Class/HID/Src/usbd_hid.c ****   0x09,         /*bLength: HID Descriptor size*/
 166:Middlewares/ST/STM32_USB_Device_Library/Class/HID/Src/usbd_hid.c ****   HID_DESCRIPTOR_TYPE, /*bDescriptorType: HID*/
 167:Middlewares/ST/STM32_USB_Device_Library/Class/HID/Src/usbd_hid.c ****   0x11,         /*bcdHID: HID Class Spec release number*/
 168:Middlewares/ST/STM32_USB_Device_Library/Class/HID/Src/usbd_hid.c ****   0x01,
 169:Middlewares/ST/STM32_USB_Device_Library/Class/HID/Src/usbd_hid.c ****   0x00,         /*bCountryCode: Hardware target country*/
 170:Middlewares/ST/STM32_USB_Device_Library/Class/HID/Src/usbd_hid.c ****   0x01,         /*bNumDescriptors: Number of HID class descriptors to follow*/
 171:Middlewares/ST/STM32_USB_Device_Library/Class/HID/Src/usbd_hid.c ****   0x22,         /*bDescriptorType*/
 172:Middlewares/ST/STM32_USB_Device_Library/Class/HID/Src/usbd_hid.c ****   HID_MOUSE_REPORT_DESC_SIZE,/*wItemLength: Total length of Report descriptor*/
 173:Middlewares/ST/STM32_USB_Device_Library/Class/HID/Src/usbd_hid.c ****   0x00,
 174:Middlewares/ST/STM32_USB_Device_Library/Class/HID/Src/usbd_hid.c ****   /******************** Descriptor of Mouse endpoint ********************/
 175:Middlewares/ST/STM32_USB_Device_Library/Class/HID/Src/usbd_hid.c ****   /* 27 */
 176:Middlewares/ST/STM32_USB_Device_Library/Class/HID/Src/usbd_hid.c ****   0x07,          /*bLength: Endpoint Descriptor size*/
 177:Middlewares/ST/STM32_USB_Device_Library/Class/HID/Src/usbd_hid.c ****   USB_DESC_TYPE_ENDPOINT, /*bDescriptorType:*/
 178:Middlewares/ST/STM32_USB_Device_Library/Class/HID/Src/usbd_hid.c **** 
 179:Middlewares/ST/STM32_USB_Device_Library/Class/HID/Src/usbd_hid.c ****   HID_EPIN_ADDR,     /*bEndpointAddress: Endpoint Address (IN)*/
 180:Middlewares/ST/STM32_USB_Device_Library/Class/HID/Src/usbd_hid.c ****   0x03,          /*bmAttributes: Interrupt endpoint*/
 181:Middlewares/ST/STM32_USB_Device_Library/Class/HID/Src/usbd_hid.c ****   HID_EPIN_SIZE, /*wMaxPacketSize: 4 Byte max */
 182:Middlewares/ST/STM32_USB_Device_Library/Class/HID/Src/usbd_hid.c ****   0x00,
 183:Middlewares/ST/STM32_USB_Device_Library/Class/HID/Src/usbd_hid.c ****   HID_FS_BINTERVAL,          /*bInterval: Polling Interval */
 184:Middlewares/ST/STM32_USB_Device_Library/Class/HID/Src/usbd_hid.c ****   /* 34 */
 185:Middlewares/ST/STM32_USB_Device_Library/Class/HID/Src/usbd_hid.c **** };
 186:Middlewares/ST/STM32_USB_Device_Library/Class/HID/Src/usbd_hid.c **** 
 187:Middlewares/ST/STM32_USB_Device_Library/Class/HID/Src/usbd_hid.c **** /* USB HID device HS Configuration Descriptor */
 188:Middlewares/ST/STM32_USB_Device_Library/Class/HID/Src/usbd_hid.c **** __ALIGN_BEGIN static uint8_t USBD_HID_CfgHSDesc[USB_HID_CONFIG_DESC_SIZ]  __ALIGN_END =
 189:Middlewares/ST/STM32_USB_Device_Library/Class/HID/Src/usbd_hid.c **** {
 190:Middlewares/ST/STM32_USB_Device_Library/Class/HID/Src/usbd_hid.c ****   0x09, /* bLength: Configuration Descriptor size */
 191:Middlewares/ST/STM32_USB_Device_Library/Class/HID/Src/usbd_hid.c ****   USB_DESC_TYPE_CONFIGURATION, /* bDescriptorType: Configuration */
 192:Middlewares/ST/STM32_USB_Device_Library/Class/HID/Src/usbd_hid.c ****   USB_HID_CONFIG_DESC_SIZ,
 193:Middlewares/ST/STM32_USB_Device_Library/Class/HID/Src/usbd_hid.c ****   /* wTotalLength: Bytes returned */
 194:Middlewares/ST/STM32_USB_Device_Library/Class/HID/Src/usbd_hid.c ****   0x00,
 195:Middlewares/ST/STM32_USB_Device_Library/Class/HID/Src/usbd_hid.c ****   0x01,         /*bNumInterfaces: 1 interface*/
 196:Middlewares/ST/STM32_USB_Device_Library/Class/HID/Src/usbd_hid.c ****   0x01,         /*bConfigurationValue: Configuration value*/
 197:Middlewares/ST/STM32_USB_Device_Library/Class/HID/Src/usbd_hid.c ****   0x00,         /*iConfiguration: Index of string descriptor describing
 198:Middlewares/ST/STM32_USB_Device_Library/Class/HID/Src/usbd_hid.c ****   the configuration*/
 199:Middlewares/ST/STM32_USB_Device_Library/Class/HID/Src/usbd_hid.c ****   0xE0,         /*bmAttributes: bus powered and Support Remote Wake-up */
 200:Middlewares/ST/STM32_USB_Device_Library/Class/HID/Src/usbd_hid.c ****   0x32,         /*MaxPower 100 mA: this current is used for detecting Vbus*/
 201:Middlewares/ST/STM32_USB_Device_Library/Class/HID/Src/usbd_hid.c **** 
 202:Middlewares/ST/STM32_USB_Device_Library/Class/HID/Src/usbd_hid.c ****   /************** Descriptor of Joystick Mouse interface ****************/
 203:Middlewares/ST/STM32_USB_Device_Library/Class/HID/Src/usbd_hid.c ****   /* 09 */
ARM GAS  C:\Users\jonar\AppData\Local\Temp\cciTohkI.s 			page 5


 204:Middlewares/ST/STM32_USB_Device_Library/Class/HID/Src/usbd_hid.c ****   0x09,         /*bLength: Interface Descriptor size*/
 205:Middlewares/ST/STM32_USB_Device_Library/Class/HID/Src/usbd_hid.c ****   USB_DESC_TYPE_INTERFACE,/*bDescriptorType: Interface descriptor type*/
 206:Middlewares/ST/STM32_USB_Device_Library/Class/HID/Src/usbd_hid.c ****   0x00,         /*bInterfaceNumber: Number of Interface*/
 207:Middlewares/ST/STM32_USB_Device_Library/Class/HID/Src/usbd_hid.c ****   0x00,         /*bAlternateSetting: Alternate setting*/
 208:Middlewares/ST/STM32_USB_Device_Library/Class/HID/Src/usbd_hid.c ****   0x01,         /*bNumEndpoints*/
 209:Middlewares/ST/STM32_USB_Device_Library/Class/HID/Src/usbd_hid.c ****   0x03,         /*bInterfaceClass: HID*/
 210:Middlewares/ST/STM32_USB_Device_Library/Class/HID/Src/usbd_hid.c ****   0x01,         /*bInterfaceSubClass : 1=BOOT, 0=no boot*/
 211:Middlewares/ST/STM32_USB_Device_Library/Class/HID/Src/usbd_hid.c ****   0x02,         /*nInterfaceProtocol : 0=none, 1=keyboard, 2=mouse*/
 212:Middlewares/ST/STM32_USB_Device_Library/Class/HID/Src/usbd_hid.c ****   0,            /*iInterface: Index of string descriptor*/
 213:Middlewares/ST/STM32_USB_Device_Library/Class/HID/Src/usbd_hid.c ****   /******************** Descriptor of Joystick Mouse HID ********************/
 214:Middlewares/ST/STM32_USB_Device_Library/Class/HID/Src/usbd_hid.c ****   /* 18 */
 215:Middlewares/ST/STM32_USB_Device_Library/Class/HID/Src/usbd_hid.c ****   0x09,         /*bLength: HID Descriptor size*/
 216:Middlewares/ST/STM32_USB_Device_Library/Class/HID/Src/usbd_hid.c ****   HID_DESCRIPTOR_TYPE, /*bDescriptorType: HID*/
 217:Middlewares/ST/STM32_USB_Device_Library/Class/HID/Src/usbd_hid.c ****   0x11,         /*bcdHID: HID Class Spec release number*/
 218:Middlewares/ST/STM32_USB_Device_Library/Class/HID/Src/usbd_hid.c ****   0x01,
 219:Middlewares/ST/STM32_USB_Device_Library/Class/HID/Src/usbd_hid.c ****   0x00,         /*bCountryCode: Hardware target country*/
 220:Middlewares/ST/STM32_USB_Device_Library/Class/HID/Src/usbd_hid.c ****   0x01,         /*bNumDescriptors: Number of HID class descriptors to follow*/
 221:Middlewares/ST/STM32_USB_Device_Library/Class/HID/Src/usbd_hid.c ****   0x22,         /*bDescriptorType*/
 222:Middlewares/ST/STM32_USB_Device_Library/Class/HID/Src/usbd_hid.c ****   HID_MOUSE_REPORT_DESC_SIZE,/*wItemLength: Total length of Report descriptor*/
 223:Middlewares/ST/STM32_USB_Device_Library/Class/HID/Src/usbd_hid.c ****   0x00,
 224:Middlewares/ST/STM32_USB_Device_Library/Class/HID/Src/usbd_hid.c ****   /******************** Descriptor of Mouse endpoint ********************/
 225:Middlewares/ST/STM32_USB_Device_Library/Class/HID/Src/usbd_hid.c ****   /* 27 */
 226:Middlewares/ST/STM32_USB_Device_Library/Class/HID/Src/usbd_hid.c ****   0x07,          /*bLength: Endpoint Descriptor size*/
 227:Middlewares/ST/STM32_USB_Device_Library/Class/HID/Src/usbd_hid.c ****   USB_DESC_TYPE_ENDPOINT, /*bDescriptorType:*/
 228:Middlewares/ST/STM32_USB_Device_Library/Class/HID/Src/usbd_hid.c **** 
 229:Middlewares/ST/STM32_USB_Device_Library/Class/HID/Src/usbd_hid.c ****   HID_EPIN_ADDR,     /*bEndpointAddress: Endpoint Address (IN)*/
 230:Middlewares/ST/STM32_USB_Device_Library/Class/HID/Src/usbd_hid.c ****   0x03,          /*bmAttributes: Interrupt endpoint*/
 231:Middlewares/ST/STM32_USB_Device_Library/Class/HID/Src/usbd_hid.c ****   HID_EPIN_SIZE, /*wMaxPacketSize: 4 Byte max */
 232:Middlewares/ST/STM32_USB_Device_Library/Class/HID/Src/usbd_hid.c ****   0x00,
 233:Middlewares/ST/STM32_USB_Device_Library/Class/HID/Src/usbd_hid.c ****   HID_HS_BINTERVAL,          /*bInterval: Polling Interval */
 234:Middlewares/ST/STM32_USB_Device_Library/Class/HID/Src/usbd_hid.c ****   /* 34 */
 235:Middlewares/ST/STM32_USB_Device_Library/Class/HID/Src/usbd_hid.c **** };
 236:Middlewares/ST/STM32_USB_Device_Library/Class/HID/Src/usbd_hid.c **** 
 237:Middlewares/ST/STM32_USB_Device_Library/Class/HID/Src/usbd_hid.c **** /* USB HID device Other Speed Configuration Descriptor */
 238:Middlewares/ST/STM32_USB_Device_Library/Class/HID/Src/usbd_hid.c **** __ALIGN_BEGIN static uint8_t USBD_HID_OtherSpeedCfgDesc[USB_HID_CONFIG_DESC_SIZ]  __ALIGN_END =
 239:Middlewares/ST/STM32_USB_Device_Library/Class/HID/Src/usbd_hid.c **** {
 240:Middlewares/ST/STM32_USB_Device_Library/Class/HID/Src/usbd_hid.c ****   0x09, /* bLength: Configuration Descriptor size */
 241:Middlewares/ST/STM32_USB_Device_Library/Class/HID/Src/usbd_hid.c ****   USB_DESC_TYPE_CONFIGURATION, /* bDescriptorType: Configuration */
 242:Middlewares/ST/STM32_USB_Device_Library/Class/HID/Src/usbd_hid.c ****   USB_HID_CONFIG_DESC_SIZ,
 243:Middlewares/ST/STM32_USB_Device_Library/Class/HID/Src/usbd_hid.c ****   /* wTotalLength: Bytes returned */
 244:Middlewares/ST/STM32_USB_Device_Library/Class/HID/Src/usbd_hid.c ****   0x00,
 245:Middlewares/ST/STM32_USB_Device_Library/Class/HID/Src/usbd_hid.c ****   0x01,         /*bNumInterfaces: 1 interface*/
 246:Middlewares/ST/STM32_USB_Device_Library/Class/HID/Src/usbd_hid.c ****   0x01,         /*bConfigurationValue: Configuration value*/
 247:Middlewares/ST/STM32_USB_Device_Library/Class/HID/Src/usbd_hid.c ****   0x00,         /*iConfiguration: Index of string descriptor describing
 248:Middlewares/ST/STM32_USB_Device_Library/Class/HID/Src/usbd_hid.c ****   the configuration*/
 249:Middlewares/ST/STM32_USB_Device_Library/Class/HID/Src/usbd_hid.c ****   0xE0,         /*bmAttributes: bus powered and Support Remote Wake-up */
 250:Middlewares/ST/STM32_USB_Device_Library/Class/HID/Src/usbd_hid.c ****   0x32,         /*MaxPower 100 mA: this current is used for detecting Vbus*/
 251:Middlewares/ST/STM32_USB_Device_Library/Class/HID/Src/usbd_hid.c **** 
 252:Middlewares/ST/STM32_USB_Device_Library/Class/HID/Src/usbd_hid.c ****   /************** Descriptor of Joystick Mouse interface ****************/
 253:Middlewares/ST/STM32_USB_Device_Library/Class/HID/Src/usbd_hid.c ****   /* 09 */
 254:Middlewares/ST/STM32_USB_Device_Library/Class/HID/Src/usbd_hid.c ****   0x09,         /*bLength: Interface Descriptor size*/
 255:Middlewares/ST/STM32_USB_Device_Library/Class/HID/Src/usbd_hid.c ****   USB_DESC_TYPE_INTERFACE,/*bDescriptorType: Interface descriptor type*/
 256:Middlewares/ST/STM32_USB_Device_Library/Class/HID/Src/usbd_hid.c ****   0x00,         /*bInterfaceNumber: Number of Interface*/
 257:Middlewares/ST/STM32_USB_Device_Library/Class/HID/Src/usbd_hid.c ****   0x00,         /*bAlternateSetting: Alternate setting*/
 258:Middlewares/ST/STM32_USB_Device_Library/Class/HID/Src/usbd_hid.c ****   0x01,         /*bNumEndpoints*/
 259:Middlewares/ST/STM32_USB_Device_Library/Class/HID/Src/usbd_hid.c ****   0x03,         /*bInterfaceClass: HID*/
 260:Middlewares/ST/STM32_USB_Device_Library/Class/HID/Src/usbd_hid.c ****   0x01,         /*bInterfaceSubClass : 1=BOOT, 0=no boot*/
ARM GAS  C:\Users\jonar\AppData\Local\Temp\cciTohkI.s 			page 6


 261:Middlewares/ST/STM32_USB_Device_Library/Class/HID/Src/usbd_hid.c ****   0x02,         /*nInterfaceProtocol : 0=none, 1=keyboard, 2=mouse*/
 262:Middlewares/ST/STM32_USB_Device_Library/Class/HID/Src/usbd_hid.c ****   0,            /*iInterface: Index of string descriptor*/
 263:Middlewares/ST/STM32_USB_Device_Library/Class/HID/Src/usbd_hid.c ****   /******************** Descriptor of Joystick Mouse HID ********************/
 264:Middlewares/ST/STM32_USB_Device_Library/Class/HID/Src/usbd_hid.c ****   /* 18 */
 265:Middlewares/ST/STM32_USB_Device_Library/Class/HID/Src/usbd_hid.c ****   0x09,         /*bLength: HID Descriptor size*/
 266:Middlewares/ST/STM32_USB_Device_Library/Class/HID/Src/usbd_hid.c ****   HID_DESCRIPTOR_TYPE, /*bDescriptorType: HID*/
 267:Middlewares/ST/STM32_USB_Device_Library/Class/HID/Src/usbd_hid.c ****   0x11,         /*bcdHID: HID Class Spec release number*/
 268:Middlewares/ST/STM32_USB_Device_Library/Class/HID/Src/usbd_hid.c ****   0x01,
 269:Middlewares/ST/STM32_USB_Device_Library/Class/HID/Src/usbd_hid.c ****   0x00,         /*bCountryCode: Hardware target country*/
 270:Middlewares/ST/STM32_USB_Device_Library/Class/HID/Src/usbd_hid.c ****   0x01,         /*bNumDescriptors: Number of HID class descriptors to follow*/
 271:Middlewares/ST/STM32_USB_Device_Library/Class/HID/Src/usbd_hid.c ****   0x22,         /*bDescriptorType*/
 272:Middlewares/ST/STM32_USB_Device_Library/Class/HID/Src/usbd_hid.c ****   HID_MOUSE_REPORT_DESC_SIZE,/*wItemLength: Total length of Report descriptor*/
 273:Middlewares/ST/STM32_USB_Device_Library/Class/HID/Src/usbd_hid.c ****   0x00,
 274:Middlewares/ST/STM32_USB_Device_Library/Class/HID/Src/usbd_hid.c ****   /******************** Descriptor of Mouse endpoint ********************/
 275:Middlewares/ST/STM32_USB_Device_Library/Class/HID/Src/usbd_hid.c ****   /* 27 */
 276:Middlewares/ST/STM32_USB_Device_Library/Class/HID/Src/usbd_hid.c ****   0x07,          /*bLength: Endpoint Descriptor size*/
 277:Middlewares/ST/STM32_USB_Device_Library/Class/HID/Src/usbd_hid.c ****   USB_DESC_TYPE_ENDPOINT, /*bDescriptorType:*/
 278:Middlewares/ST/STM32_USB_Device_Library/Class/HID/Src/usbd_hid.c **** 
 279:Middlewares/ST/STM32_USB_Device_Library/Class/HID/Src/usbd_hid.c ****   HID_EPIN_ADDR,     /*bEndpointAddress: Endpoint Address (IN)*/
 280:Middlewares/ST/STM32_USB_Device_Library/Class/HID/Src/usbd_hid.c ****   0x03,          /*bmAttributes: Interrupt endpoint*/
 281:Middlewares/ST/STM32_USB_Device_Library/Class/HID/Src/usbd_hid.c ****   HID_EPIN_SIZE, /*wMaxPacketSize: 4 Byte max */
 282:Middlewares/ST/STM32_USB_Device_Library/Class/HID/Src/usbd_hid.c ****   0x00,
 283:Middlewares/ST/STM32_USB_Device_Library/Class/HID/Src/usbd_hid.c ****   HID_FS_BINTERVAL,          /*bInterval: Polling Interval */
 284:Middlewares/ST/STM32_USB_Device_Library/Class/HID/Src/usbd_hid.c ****   /* 34 */
 285:Middlewares/ST/STM32_USB_Device_Library/Class/HID/Src/usbd_hid.c **** };
 286:Middlewares/ST/STM32_USB_Device_Library/Class/HID/Src/usbd_hid.c **** 
 287:Middlewares/ST/STM32_USB_Device_Library/Class/HID/Src/usbd_hid.c **** 
 288:Middlewares/ST/STM32_USB_Device_Library/Class/HID/Src/usbd_hid.c **** /* USB HID device Configuration Descriptor */
 289:Middlewares/ST/STM32_USB_Device_Library/Class/HID/Src/usbd_hid.c **** __ALIGN_BEGIN static uint8_t USBD_HID_Desc[USB_HID_DESC_SIZ]  __ALIGN_END  =
 290:Middlewares/ST/STM32_USB_Device_Library/Class/HID/Src/usbd_hid.c **** {
 291:Middlewares/ST/STM32_USB_Device_Library/Class/HID/Src/usbd_hid.c ****   /* 18 */
 292:Middlewares/ST/STM32_USB_Device_Library/Class/HID/Src/usbd_hid.c ****   0x09,         /*bLength: HID Descriptor size*/
 293:Middlewares/ST/STM32_USB_Device_Library/Class/HID/Src/usbd_hid.c ****   HID_DESCRIPTOR_TYPE, /*bDescriptorType: HID*/
 294:Middlewares/ST/STM32_USB_Device_Library/Class/HID/Src/usbd_hid.c ****   0x11,         /*bcdHID: HID Class Spec release number*/
 295:Middlewares/ST/STM32_USB_Device_Library/Class/HID/Src/usbd_hid.c ****   0x01,
 296:Middlewares/ST/STM32_USB_Device_Library/Class/HID/Src/usbd_hid.c ****   0x00,         /*bCountryCode: Hardware target country*/
 297:Middlewares/ST/STM32_USB_Device_Library/Class/HID/Src/usbd_hid.c ****   0x01,         /*bNumDescriptors: Number of HID class descriptors to follow*/
 298:Middlewares/ST/STM32_USB_Device_Library/Class/HID/Src/usbd_hid.c ****   0x22,         /*bDescriptorType*/
 299:Middlewares/ST/STM32_USB_Device_Library/Class/HID/Src/usbd_hid.c ****   HID_MOUSE_REPORT_DESC_SIZE,/*wItemLength: Total length of Report descriptor*/
 300:Middlewares/ST/STM32_USB_Device_Library/Class/HID/Src/usbd_hid.c ****   0x00,
 301:Middlewares/ST/STM32_USB_Device_Library/Class/HID/Src/usbd_hid.c **** };
 302:Middlewares/ST/STM32_USB_Device_Library/Class/HID/Src/usbd_hid.c **** 
 303:Middlewares/ST/STM32_USB_Device_Library/Class/HID/Src/usbd_hid.c **** /* USB Standard Device Descriptor */
 304:Middlewares/ST/STM32_USB_Device_Library/Class/HID/Src/usbd_hid.c **** __ALIGN_BEGIN static uint8_t USBD_HID_DeviceQualifierDesc[USB_LEN_DEV_QUALIFIER_DESC]  __ALIGN_END 
 305:Middlewares/ST/STM32_USB_Device_Library/Class/HID/Src/usbd_hid.c **** {
 306:Middlewares/ST/STM32_USB_Device_Library/Class/HID/Src/usbd_hid.c ****   USB_LEN_DEV_QUALIFIER_DESC,
 307:Middlewares/ST/STM32_USB_Device_Library/Class/HID/Src/usbd_hid.c ****   USB_DESC_TYPE_DEVICE_QUALIFIER,
 308:Middlewares/ST/STM32_USB_Device_Library/Class/HID/Src/usbd_hid.c ****   0x00,
 309:Middlewares/ST/STM32_USB_Device_Library/Class/HID/Src/usbd_hid.c ****   0x02,
 310:Middlewares/ST/STM32_USB_Device_Library/Class/HID/Src/usbd_hid.c ****   0x00,
 311:Middlewares/ST/STM32_USB_Device_Library/Class/HID/Src/usbd_hid.c ****   0x00,
 312:Middlewares/ST/STM32_USB_Device_Library/Class/HID/Src/usbd_hid.c ****   0x00,
 313:Middlewares/ST/STM32_USB_Device_Library/Class/HID/Src/usbd_hid.c ****   0x40,
 314:Middlewares/ST/STM32_USB_Device_Library/Class/HID/Src/usbd_hid.c ****   0x01,
 315:Middlewares/ST/STM32_USB_Device_Library/Class/HID/Src/usbd_hid.c ****   0x00,
 316:Middlewares/ST/STM32_USB_Device_Library/Class/HID/Src/usbd_hid.c **** };
 317:Middlewares/ST/STM32_USB_Device_Library/Class/HID/Src/usbd_hid.c **** 
ARM GAS  C:\Users\jonar\AppData\Local\Temp\cciTohkI.s 			page 7


 318:Middlewares/ST/STM32_USB_Device_Library/Class/HID/Src/usbd_hid.c **** __ALIGN_BEGIN static uint8_t HID_MOUSE_ReportDesc[HID_MOUSE_REPORT_DESC_SIZE]  __ALIGN_END =
 319:Middlewares/ST/STM32_USB_Device_Library/Class/HID/Src/usbd_hid.c **** {
 320:Middlewares/ST/STM32_USB_Device_Library/Class/HID/Src/usbd_hid.c ****   0x05,   0x01,
 321:Middlewares/ST/STM32_USB_Device_Library/Class/HID/Src/usbd_hid.c ****   0x09,   0x02,
 322:Middlewares/ST/STM32_USB_Device_Library/Class/HID/Src/usbd_hid.c ****   0xA1,   0x01,
 323:Middlewares/ST/STM32_USB_Device_Library/Class/HID/Src/usbd_hid.c ****   0x09,   0x01,
 324:Middlewares/ST/STM32_USB_Device_Library/Class/HID/Src/usbd_hid.c **** 
 325:Middlewares/ST/STM32_USB_Device_Library/Class/HID/Src/usbd_hid.c ****   0xA1,   0x00,
 326:Middlewares/ST/STM32_USB_Device_Library/Class/HID/Src/usbd_hid.c ****   0x05,   0x09,
 327:Middlewares/ST/STM32_USB_Device_Library/Class/HID/Src/usbd_hid.c ****   0x19,   0x01,
 328:Middlewares/ST/STM32_USB_Device_Library/Class/HID/Src/usbd_hid.c ****   0x29,   0x03,
 329:Middlewares/ST/STM32_USB_Device_Library/Class/HID/Src/usbd_hid.c **** 
 330:Middlewares/ST/STM32_USB_Device_Library/Class/HID/Src/usbd_hid.c ****   0x15,   0x00,
 331:Middlewares/ST/STM32_USB_Device_Library/Class/HID/Src/usbd_hid.c ****   0x25,   0x01,
 332:Middlewares/ST/STM32_USB_Device_Library/Class/HID/Src/usbd_hid.c ****   0x95,   0x03,
 333:Middlewares/ST/STM32_USB_Device_Library/Class/HID/Src/usbd_hid.c ****   0x75,   0x01,
 334:Middlewares/ST/STM32_USB_Device_Library/Class/HID/Src/usbd_hid.c **** 
 335:Middlewares/ST/STM32_USB_Device_Library/Class/HID/Src/usbd_hid.c ****   0x81,   0x02,
 336:Middlewares/ST/STM32_USB_Device_Library/Class/HID/Src/usbd_hid.c ****   0x95,   0x01,
 337:Middlewares/ST/STM32_USB_Device_Library/Class/HID/Src/usbd_hid.c ****   0x75,   0x05,
 338:Middlewares/ST/STM32_USB_Device_Library/Class/HID/Src/usbd_hid.c ****   0x81,   0x01,
 339:Middlewares/ST/STM32_USB_Device_Library/Class/HID/Src/usbd_hid.c **** 
 340:Middlewares/ST/STM32_USB_Device_Library/Class/HID/Src/usbd_hid.c ****   0x05,   0x01,
 341:Middlewares/ST/STM32_USB_Device_Library/Class/HID/Src/usbd_hid.c ****   0x09,   0x30,
 342:Middlewares/ST/STM32_USB_Device_Library/Class/HID/Src/usbd_hid.c ****   0x09,   0x31,
 343:Middlewares/ST/STM32_USB_Device_Library/Class/HID/Src/usbd_hid.c ****   0x09,   0x38,
 344:Middlewares/ST/STM32_USB_Device_Library/Class/HID/Src/usbd_hid.c **** 
 345:Middlewares/ST/STM32_USB_Device_Library/Class/HID/Src/usbd_hid.c ****   0x15,   0x81,
 346:Middlewares/ST/STM32_USB_Device_Library/Class/HID/Src/usbd_hid.c ****   0x25,   0x7F,
 347:Middlewares/ST/STM32_USB_Device_Library/Class/HID/Src/usbd_hid.c ****   0x75,   0x08,
 348:Middlewares/ST/STM32_USB_Device_Library/Class/HID/Src/usbd_hid.c ****   0x95,   0x03,
 349:Middlewares/ST/STM32_USB_Device_Library/Class/HID/Src/usbd_hid.c **** 
 350:Middlewares/ST/STM32_USB_Device_Library/Class/HID/Src/usbd_hid.c ****   0x81,   0x06,
 351:Middlewares/ST/STM32_USB_Device_Library/Class/HID/Src/usbd_hid.c ****   0xC0,   0x09,
 352:Middlewares/ST/STM32_USB_Device_Library/Class/HID/Src/usbd_hid.c ****   0x3c,   0x05,
 353:Middlewares/ST/STM32_USB_Device_Library/Class/HID/Src/usbd_hid.c ****   0xff,   0x09,
 354:Middlewares/ST/STM32_USB_Device_Library/Class/HID/Src/usbd_hid.c **** 
 355:Middlewares/ST/STM32_USB_Device_Library/Class/HID/Src/usbd_hid.c ****   0x01,   0x15,
 356:Middlewares/ST/STM32_USB_Device_Library/Class/HID/Src/usbd_hid.c ****   0x00,   0x25,
 357:Middlewares/ST/STM32_USB_Device_Library/Class/HID/Src/usbd_hid.c ****   0x01,   0x75,
 358:Middlewares/ST/STM32_USB_Device_Library/Class/HID/Src/usbd_hid.c ****   0x01,   0x95,
 359:Middlewares/ST/STM32_USB_Device_Library/Class/HID/Src/usbd_hid.c **** 
 360:Middlewares/ST/STM32_USB_Device_Library/Class/HID/Src/usbd_hid.c ****   0x02,   0xb1,
 361:Middlewares/ST/STM32_USB_Device_Library/Class/HID/Src/usbd_hid.c ****   0x22,   0x75,
 362:Middlewares/ST/STM32_USB_Device_Library/Class/HID/Src/usbd_hid.c ****   0x06,   0x95,
 363:Middlewares/ST/STM32_USB_Device_Library/Class/HID/Src/usbd_hid.c ****   0x01,   0xb1,
 364:Middlewares/ST/STM32_USB_Device_Library/Class/HID/Src/usbd_hid.c **** 
 365:Middlewares/ST/STM32_USB_Device_Library/Class/HID/Src/usbd_hid.c ****   0x01,   0xc0
 366:Middlewares/ST/STM32_USB_Device_Library/Class/HID/Src/usbd_hid.c **** };
 367:Middlewares/ST/STM32_USB_Device_Library/Class/HID/Src/usbd_hid.c **** 
 368:Middlewares/ST/STM32_USB_Device_Library/Class/HID/Src/usbd_hid.c **** /**
 369:Middlewares/ST/STM32_USB_Device_Library/Class/HID/Src/usbd_hid.c ****   * @}
 370:Middlewares/ST/STM32_USB_Device_Library/Class/HID/Src/usbd_hid.c ****   */
 371:Middlewares/ST/STM32_USB_Device_Library/Class/HID/Src/usbd_hid.c **** 
 372:Middlewares/ST/STM32_USB_Device_Library/Class/HID/Src/usbd_hid.c **** /** @defgroup USBD_HID_Private_Functions
 373:Middlewares/ST/STM32_USB_Device_Library/Class/HID/Src/usbd_hid.c ****   * @{
 374:Middlewares/ST/STM32_USB_Device_Library/Class/HID/Src/usbd_hid.c ****   */
ARM GAS  C:\Users\jonar\AppData\Local\Temp\cciTohkI.s 			page 8


 375:Middlewares/ST/STM32_USB_Device_Library/Class/HID/Src/usbd_hid.c **** 
 376:Middlewares/ST/STM32_USB_Device_Library/Class/HID/Src/usbd_hid.c **** /**
 377:Middlewares/ST/STM32_USB_Device_Library/Class/HID/Src/usbd_hid.c ****   * @brief  USBD_HID_Init
 378:Middlewares/ST/STM32_USB_Device_Library/Class/HID/Src/usbd_hid.c ****   *         Initialize the HID interface
 379:Middlewares/ST/STM32_USB_Device_Library/Class/HID/Src/usbd_hid.c ****   * @param  pdev: device instance
 380:Middlewares/ST/STM32_USB_Device_Library/Class/HID/Src/usbd_hid.c ****   * @param  cfgidx: Configuration index
 381:Middlewares/ST/STM32_USB_Device_Library/Class/HID/Src/usbd_hid.c ****   * @retval status
 382:Middlewares/ST/STM32_USB_Device_Library/Class/HID/Src/usbd_hid.c ****   */
 383:Middlewares/ST/STM32_USB_Device_Library/Class/HID/Src/usbd_hid.c **** static uint8_t  USBD_HID_Init(USBD_HandleTypeDef *pdev, uint8_t cfgidx)
 384:Middlewares/ST/STM32_USB_Device_Library/Class/HID/Src/usbd_hid.c **** {
 385:Middlewares/ST/STM32_USB_Device_Library/Class/HID/Src/usbd_hid.c ****   /* Open EP IN */
 386:Middlewares/ST/STM32_USB_Device_Library/Class/HID/Src/usbd_hid.c ****   USBD_LL_OpenEP(pdev, HID_EPIN_ADDR, USBD_EP_TYPE_INTR, HID_EPIN_SIZE);
 387:Middlewares/ST/STM32_USB_Device_Library/Class/HID/Src/usbd_hid.c ****   pdev->ep_in[HID_EPIN_ADDR & 0xFU].is_used = 1U;
 388:Middlewares/ST/STM32_USB_Device_Library/Class/HID/Src/usbd_hid.c **** 
 389:Middlewares/ST/STM32_USB_Device_Library/Class/HID/Src/usbd_hid.c ****   pdev->pClassData = USBD_malloc(sizeof(USBD_HID_HandleTypeDef));
 390:Middlewares/ST/STM32_USB_Device_Library/Class/HID/Src/usbd_hid.c **** 
 391:Middlewares/ST/STM32_USB_Device_Library/Class/HID/Src/usbd_hid.c ****   if (pdev->pClassData == NULL)
 392:Middlewares/ST/STM32_USB_Device_Library/Class/HID/Src/usbd_hid.c ****   {
 393:Middlewares/ST/STM32_USB_Device_Library/Class/HID/Src/usbd_hid.c ****     return USBD_FAIL;
 394:Middlewares/ST/STM32_USB_Device_Library/Class/HID/Src/usbd_hid.c ****   }
 395:Middlewares/ST/STM32_USB_Device_Library/Class/HID/Src/usbd_hid.c **** 
 396:Middlewares/ST/STM32_USB_Device_Library/Class/HID/Src/usbd_hid.c ****   ((USBD_HID_HandleTypeDef *)pdev->pClassData)->state = HID_IDLE;
 397:Middlewares/ST/STM32_USB_Device_Library/Class/HID/Src/usbd_hid.c **** 
 398:Middlewares/ST/STM32_USB_Device_Library/Class/HID/Src/usbd_hid.c ****   return USBD_OK;
 399:Middlewares/ST/STM32_USB_Device_Library/Class/HID/Src/usbd_hid.c **** }
 400:Middlewares/ST/STM32_USB_Device_Library/Class/HID/Src/usbd_hid.c **** 
 401:Middlewares/ST/STM32_USB_Device_Library/Class/HID/Src/usbd_hid.c **** /**
 402:Middlewares/ST/STM32_USB_Device_Library/Class/HID/Src/usbd_hid.c ****   * @brief  USBD_HID_Init
 403:Middlewares/ST/STM32_USB_Device_Library/Class/HID/Src/usbd_hid.c ****   *         DeInitialize the HID layer
 404:Middlewares/ST/STM32_USB_Device_Library/Class/HID/Src/usbd_hid.c ****   * @param  pdev: device instance
 405:Middlewares/ST/STM32_USB_Device_Library/Class/HID/Src/usbd_hid.c ****   * @param  cfgidx: Configuration index
 406:Middlewares/ST/STM32_USB_Device_Library/Class/HID/Src/usbd_hid.c ****   * @retval status
 407:Middlewares/ST/STM32_USB_Device_Library/Class/HID/Src/usbd_hid.c ****   */
 408:Middlewares/ST/STM32_USB_Device_Library/Class/HID/Src/usbd_hid.c **** static uint8_t  USBD_HID_DeInit(USBD_HandleTypeDef *pdev,
 409:Middlewares/ST/STM32_USB_Device_Library/Class/HID/Src/usbd_hid.c ****                                 uint8_t cfgidx)
 410:Middlewares/ST/STM32_USB_Device_Library/Class/HID/Src/usbd_hid.c **** {
 411:Middlewares/ST/STM32_USB_Device_Library/Class/HID/Src/usbd_hid.c ****   /* Close HID EPs */
 412:Middlewares/ST/STM32_USB_Device_Library/Class/HID/Src/usbd_hid.c ****   USBD_LL_CloseEP(pdev, HID_EPIN_ADDR);
 413:Middlewares/ST/STM32_USB_Device_Library/Class/HID/Src/usbd_hid.c ****   pdev->ep_in[HID_EPIN_ADDR & 0xFU].is_used = 0U;
 414:Middlewares/ST/STM32_USB_Device_Library/Class/HID/Src/usbd_hid.c **** 
 415:Middlewares/ST/STM32_USB_Device_Library/Class/HID/Src/usbd_hid.c ****   /* FRee allocated memory */
 416:Middlewares/ST/STM32_USB_Device_Library/Class/HID/Src/usbd_hid.c ****   if (pdev->pClassData != NULL)
 417:Middlewares/ST/STM32_USB_Device_Library/Class/HID/Src/usbd_hid.c ****   {
 418:Middlewares/ST/STM32_USB_Device_Library/Class/HID/Src/usbd_hid.c ****     USBD_free(pdev->pClassData);
 419:Middlewares/ST/STM32_USB_Device_Library/Class/HID/Src/usbd_hid.c ****     pdev->pClassData = NULL;
 420:Middlewares/ST/STM32_USB_Device_Library/Class/HID/Src/usbd_hid.c ****   }
 421:Middlewares/ST/STM32_USB_Device_Library/Class/HID/Src/usbd_hid.c **** 
 422:Middlewares/ST/STM32_USB_Device_Library/Class/HID/Src/usbd_hid.c ****   return USBD_OK;
 423:Middlewares/ST/STM32_USB_Device_Library/Class/HID/Src/usbd_hid.c **** }
 424:Middlewares/ST/STM32_USB_Device_Library/Class/HID/Src/usbd_hid.c **** 
 425:Middlewares/ST/STM32_USB_Device_Library/Class/HID/Src/usbd_hid.c **** /**
 426:Middlewares/ST/STM32_USB_Device_Library/Class/HID/Src/usbd_hid.c ****   * @brief  USBD_HID_Setup
 427:Middlewares/ST/STM32_USB_Device_Library/Class/HID/Src/usbd_hid.c ****   *         Handle the HID specific requests
 428:Middlewares/ST/STM32_USB_Device_Library/Class/HID/Src/usbd_hid.c ****   * @param  pdev: instance
 429:Middlewares/ST/STM32_USB_Device_Library/Class/HID/Src/usbd_hid.c ****   * @param  req: usb requests
 430:Middlewares/ST/STM32_USB_Device_Library/Class/HID/Src/usbd_hid.c ****   * @retval status
 431:Middlewares/ST/STM32_USB_Device_Library/Class/HID/Src/usbd_hid.c ****   */
ARM GAS  C:\Users\jonar\AppData\Local\Temp\cciTohkI.s 			page 9


 432:Middlewares/ST/STM32_USB_Device_Library/Class/HID/Src/usbd_hid.c **** static uint8_t  USBD_HID_Setup(USBD_HandleTypeDef *pdev,
 433:Middlewares/ST/STM32_USB_Device_Library/Class/HID/Src/usbd_hid.c ****                                USBD_SetupReqTypedef *req)
 434:Middlewares/ST/STM32_USB_Device_Library/Class/HID/Src/usbd_hid.c **** {
 435:Middlewares/ST/STM32_USB_Device_Library/Class/HID/Src/usbd_hid.c ****   USBD_HID_HandleTypeDef *hhid = (USBD_HID_HandleTypeDef *) pdev->pClassData;
 436:Middlewares/ST/STM32_USB_Device_Library/Class/HID/Src/usbd_hid.c ****   uint16_t len = 0U;
 437:Middlewares/ST/STM32_USB_Device_Library/Class/HID/Src/usbd_hid.c ****   uint8_t *pbuf = NULL;
 438:Middlewares/ST/STM32_USB_Device_Library/Class/HID/Src/usbd_hid.c ****   uint16_t status_info = 0U;
 439:Middlewares/ST/STM32_USB_Device_Library/Class/HID/Src/usbd_hid.c ****   USBD_StatusTypeDef ret = USBD_OK;
 440:Middlewares/ST/STM32_USB_Device_Library/Class/HID/Src/usbd_hid.c **** 
 441:Middlewares/ST/STM32_USB_Device_Library/Class/HID/Src/usbd_hid.c ****   switch (req->bmRequest & USB_REQ_TYPE_MASK)
 442:Middlewares/ST/STM32_USB_Device_Library/Class/HID/Src/usbd_hid.c ****   {
 443:Middlewares/ST/STM32_USB_Device_Library/Class/HID/Src/usbd_hid.c ****     case USB_REQ_TYPE_CLASS :
 444:Middlewares/ST/STM32_USB_Device_Library/Class/HID/Src/usbd_hid.c ****       switch (req->bRequest)
 445:Middlewares/ST/STM32_USB_Device_Library/Class/HID/Src/usbd_hid.c ****       {
 446:Middlewares/ST/STM32_USB_Device_Library/Class/HID/Src/usbd_hid.c ****         case HID_REQ_SET_PROTOCOL:
 447:Middlewares/ST/STM32_USB_Device_Library/Class/HID/Src/usbd_hid.c ****           hhid->Protocol = (uint8_t)(req->wValue);
 448:Middlewares/ST/STM32_USB_Device_Library/Class/HID/Src/usbd_hid.c ****           break;
 449:Middlewares/ST/STM32_USB_Device_Library/Class/HID/Src/usbd_hid.c **** 
 450:Middlewares/ST/STM32_USB_Device_Library/Class/HID/Src/usbd_hid.c ****         case HID_REQ_GET_PROTOCOL:
 451:Middlewares/ST/STM32_USB_Device_Library/Class/HID/Src/usbd_hid.c ****           USBD_CtlSendData(pdev, (uint8_t *)(void *)&hhid->Protocol, 1U);
 452:Middlewares/ST/STM32_USB_Device_Library/Class/HID/Src/usbd_hid.c ****           break;
 453:Middlewares/ST/STM32_USB_Device_Library/Class/HID/Src/usbd_hid.c **** 
 454:Middlewares/ST/STM32_USB_Device_Library/Class/HID/Src/usbd_hid.c ****         case HID_REQ_SET_IDLE:
 455:Middlewares/ST/STM32_USB_Device_Library/Class/HID/Src/usbd_hid.c ****           hhid->IdleState = (uint8_t)(req->wValue >> 8);
 456:Middlewares/ST/STM32_USB_Device_Library/Class/HID/Src/usbd_hid.c ****           break;
 457:Middlewares/ST/STM32_USB_Device_Library/Class/HID/Src/usbd_hid.c **** 
 458:Middlewares/ST/STM32_USB_Device_Library/Class/HID/Src/usbd_hid.c ****         case HID_REQ_GET_IDLE:
 459:Middlewares/ST/STM32_USB_Device_Library/Class/HID/Src/usbd_hid.c ****           USBD_CtlSendData(pdev, (uint8_t *)(void *)&hhid->IdleState, 1U);
 460:Middlewares/ST/STM32_USB_Device_Library/Class/HID/Src/usbd_hid.c ****           break;
 461:Middlewares/ST/STM32_USB_Device_Library/Class/HID/Src/usbd_hid.c **** 
 462:Middlewares/ST/STM32_USB_Device_Library/Class/HID/Src/usbd_hid.c ****         default:
 463:Middlewares/ST/STM32_USB_Device_Library/Class/HID/Src/usbd_hid.c ****           USBD_CtlError(pdev, req);
 464:Middlewares/ST/STM32_USB_Device_Library/Class/HID/Src/usbd_hid.c ****           ret = USBD_FAIL;
 465:Middlewares/ST/STM32_USB_Device_Library/Class/HID/Src/usbd_hid.c ****           break;
 466:Middlewares/ST/STM32_USB_Device_Library/Class/HID/Src/usbd_hid.c ****       }
 467:Middlewares/ST/STM32_USB_Device_Library/Class/HID/Src/usbd_hid.c ****       break;
 468:Middlewares/ST/STM32_USB_Device_Library/Class/HID/Src/usbd_hid.c ****     case USB_REQ_TYPE_STANDARD:
 469:Middlewares/ST/STM32_USB_Device_Library/Class/HID/Src/usbd_hid.c ****       switch (req->bRequest)
 470:Middlewares/ST/STM32_USB_Device_Library/Class/HID/Src/usbd_hid.c ****       {
 471:Middlewares/ST/STM32_USB_Device_Library/Class/HID/Src/usbd_hid.c ****         case USB_REQ_GET_STATUS:
 472:Middlewares/ST/STM32_USB_Device_Library/Class/HID/Src/usbd_hid.c ****           if (pdev->dev_state == USBD_STATE_CONFIGURED)
 473:Middlewares/ST/STM32_USB_Device_Library/Class/HID/Src/usbd_hid.c ****           {
 474:Middlewares/ST/STM32_USB_Device_Library/Class/HID/Src/usbd_hid.c ****             USBD_CtlSendData(pdev, (uint8_t *)(void *)&status_info, 2U);
 475:Middlewares/ST/STM32_USB_Device_Library/Class/HID/Src/usbd_hid.c ****           }
 476:Middlewares/ST/STM32_USB_Device_Library/Class/HID/Src/usbd_hid.c ****           else
 477:Middlewares/ST/STM32_USB_Device_Library/Class/HID/Src/usbd_hid.c ****           {
 478:Middlewares/ST/STM32_USB_Device_Library/Class/HID/Src/usbd_hid.c ****             USBD_CtlError(pdev, req);
 479:Middlewares/ST/STM32_USB_Device_Library/Class/HID/Src/usbd_hid.c ****             ret = USBD_FAIL;
 480:Middlewares/ST/STM32_USB_Device_Library/Class/HID/Src/usbd_hid.c ****           }
 481:Middlewares/ST/STM32_USB_Device_Library/Class/HID/Src/usbd_hid.c ****           break;
 482:Middlewares/ST/STM32_USB_Device_Library/Class/HID/Src/usbd_hid.c **** 
 483:Middlewares/ST/STM32_USB_Device_Library/Class/HID/Src/usbd_hid.c ****         case USB_REQ_GET_DESCRIPTOR:
 484:Middlewares/ST/STM32_USB_Device_Library/Class/HID/Src/usbd_hid.c ****           if (req->wValue >> 8 == HID_REPORT_DESC)
 485:Middlewares/ST/STM32_USB_Device_Library/Class/HID/Src/usbd_hid.c ****           {
 486:Middlewares/ST/STM32_USB_Device_Library/Class/HID/Src/usbd_hid.c ****             len = MIN(HID_MOUSE_REPORT_DESC_SIZE, req->wLength);
 487:Middlewares/ST/STM32_USB_Device_Library/Class/HID/Src/usbd_hid.c ****             pbuf = HID_MOUSE_ReportDesc;
 488:Middlewares/ST/STM32_USB_Device_Library/Class/HID/Src/usbd_hid.c ****           }
ARM GAS  C:\Users\jonar\AppData\Local\Temp\cciTohkI.s 			page 10


 489:Middlewares/ST/STM32_USB_Device_Library/Class/HID/Src/usbd_hid.c ****           else if (req->wValue >> 8 == HID_DESCRIPTOR_TYPE)
 490:Middlewares/ST/STM32_USB_Device_Library/Class/HID/Src/usbd_hid.c ****           {
 491:Middlewares/ST/STM32_USB_Device_Library/Class/HID/Src/usbd_hid.c ****             pbuf = USBD_HID_Desc;
 492:Middlewares/ST/STM32_USB_Device_Library/Class/HID/Src/usbd_hid.c ****             len = MIN(USB_HID_DESC_SIZ, req->wLength);
 493:Middlewares/ST/STM32_USB_Device_Library/Class/HID/Src/usbd_hid.c ****           }
 494:Middlewares/ST/STM32_USB_Device_Library/Class/HID/Src/usbd_hid.c ****           else
 495:Middlewares/ST/STM32_USB_Device_Library/Class/HID/Src/usbd_hid.c ****           {
 496:Middlewares/ST/STM32_USB_Device_Library/Class/HID/Src/usbd_hid.c ****             USBD_CtlError(pdev, req);
 497:Middlewares/ST/STM32_USB_Device_Library/Class/HID/Src/usbd_hid.c ****             ret = USBD_FAIL;
 498:Middlewares/ST/STM32_USB_Device_Library/Class/HID/Src/usbd_hid.c ****             break;
 499:Middlewares/ST/STM32_USB_Device_Library/Class/HID/Src/usbd_hid.c ****           }
 500:Middlewares/ST/STM32_USB_Device_Library/Class/HID/Src/usbd_hid.c ****           USBD_CtlSendData(pdev, pbuf, len);
 501:Middlewares/ST/STM32_USB_Device_Library/Class/HID/Src/usbd_hid.c ****           break;
 502:Middlewares/ST/STM32_USB_Device_Library/Class/HID/Src/usbd_hid.c **** 
 503:Middlewares/ST/STM32_USB_Device_Library/Class/HID/Src/usbd_hid.c ****         case USB_REQ_GET_INTERFACE :
 504:Middlewares/ST/STM32_USB_Device_Library/Class/HID/Src/usbd_hid.c ****           if (pdev->dev_state == USBD_STATE_CONFIGURED)
 505:Middlewares/ST/STM32_USB_Device_Library/Class/HID/Src/usbd_hid.c ****           {
 506:Middlewares/ST/STM32_USB_Device_Library/Class/HID/Src/usbd_hid.c ****             USBD_CtlSendData(pdev, (uint8_t *)(void *)&hhid->AltSetting, 1U);
 507:Middlewares/ST/STM32_USB_Device_Library/Class/HID/Src/usbd_hid.c ****           }
 508:Middlewares/ST/STM32_USB_Device_Library/Class/HID/Src/usbd_hid.c ****           else
 509:Middlewares/ST/STM32_USB_Device_Library/Class/HID/Src/usbd_hid.c ****           {
 510:Middlewares/ST/STM32_USB_Device_Library/Class/HID/Src/usbd_hid.c ****             USBD_CtlError(pdev, req);
 511:Middlewares/ST/STM32_USB_Device_Library/Class/HID/Src/usbd_hid.c ****             ret = USBD_FAIL;
 512:Middlewares/ST/STM32_USB_Device_Library/Class/HID/Src/usbd_hid.c ****           }
 513:Middlewares/ST/STM32_USB_Device_Library/Class/HID/Src/usbd_hid.c ****           break;
 514:Middlewares/ST/STM32_USB_Device_Library/Class/HID/Src/usbd_hid.c **** 
 515:Middlewares/ST/STM32_USB_Device_Library/Class/HID/Src/usbd_hid.c ****         case USB_REQ_SET_INTERFACE :
 516:Middlewares/ST/STM32_USB_Device_Library/Class/HID/Src/usbd_hid.c ****           if (pdev->dev_state == USBD_STATE_CONFIGURED)
 517:Middlewares/ST/STM32_USB_Device_Library/Class/HID/Src/usbd_hid.c ****           {
 518:Middlewares/ST/STM32_USB_Device_Library/Class/HID/Src/usbd_hid.c ****             hhid->AltSetting = (uint8_t)(req->wValue);
 519:Middlewares/ST/STM32_USB_Device_Library/Class/HID/Src/usbd_hid.c ****           }
 520:Middlewares/ST/STM32_USB_Device_Library/Class/HID/Src/usbd_hid.c ****           else
 521:Middlewares/ST/STM32_USB_Device_Library/Class/HID/Src/usbd_hid.c ****           {
 522:Middlewares/ST/STM32_USB_Device_Library/Class/HID/Src/usbd_hid.c ****             USBD_CtlError(pdev, req);
 523:Middlewares/ST/STM32_USB_Device_Library/Class/HID/Src/usbd_hid.c ****             ret = USBD_FAIL;
 524:Middlewares/ST/STM32_USB_Device_Library/Class/HID/Src/usbd_hid.c ****           }
 525:Middlewares/ST/STM32_USB_Device_Library/Class/HID/Src/usbd_hid.c ****           break;
 526:Middlewares/ST/STM32_USB_Device_Library/Class/HID/Src/usbd_hid.c **** 
 527:Middlewares/ST/STM32_USB_Device_Library/Class/HID/Src/usbd_hid.c ****         default:
 528:Middlewares/ST/STM32_USB_Device_Library/Class/HID/Src/usbd_hid.c ****           USBD_CtlError(pdev, req);
 529:Middlewares/ST/STM32_USB_Device_Library/Class/HID/Src/usbd_hid.c ****           ret = USBD_FAIL;
 530:Middlewares/ST/STM32_USB_Device_Library/Class/HID/Src/usbd_hid.c ****           break;
 531:Middlewares/ST/STM32_USB_Device_Library/Class/HID/Src/usbd_hid.c ****       }
 532:Middlewares/ST/STM32_USB_Device_Library/Class/HID/Src/usbd_hid.c ****       break;
 533:Middlewares/ST/STM32_USB_Device_Library/Class/HID/Src/usbd_hid.c **** 
 534:Middlewares/ST/STM32_USB_Device_Library/Class/HID/Src/usbd_hid.c ****     default:
 535:Middlewares/ST/STM32_USB_Device_Library/Class/HID/Src/usbd_hid.c ****       USBD_CtlError(pdev, req);
 536:Middlewares/ST/STM32_USB_Device_Library/Class/HID/Src/usbd_hid.c ****       ret = USBD_FAIL;
 537:Middlewares/ST/STM32_USB_Device_Library/Class/HID/Src/usbd_hid.c ****       break;
 538:Middlewares/ST/STM32_USB_Device_Library/Class/HID/Src/usbd_hid.c ****   }
 539:Middlewares/ST/STM32_USB_Device_Library/Class/HID/Src/usbd_hid.c **** 
 540:Middlewares/ST/STM32_USB_Device_Library/Class/HID/Src/usbd_hid.c ****   return ret;
 541:Middlewares/ST/STM32_USB_Device_Library/Class/HID/Src/usbd_hid.c **** }
 542:Middlewares/ST/STM32_USB_Device_Library/Class/HID/Src/usbd_hid.c **** 
 543:Middlewares/ST/STM32_USB_Device_Library/Class/HID/Src/usbd_hid.c **** /**
 544:Middlewares/ST/STM32_USB_Device_Library/Class/HID/Src/usbd_hid.c ****   * @brief  USBD_HID_SendReport
 545:Middlewares/ST/STM32_USB_Device_Library/Class/HID/Src/usbd_hid.c ****   *         Send HID Report
ARM GAS  C:\Users\jonar\AppData\Local\Temp\cciTohkI.s 			page 11


 546:Middlewares/ST/STM32_USB_Device_Library/Class/HID/Src/usbd_hid.c ****   * @param  pdev: device instance
 547:Middlewares/ST/STM32_USB_Device_Library/Class/HID/Src/usbd_hid.c ****   * @param  buff: pointer to report
 548:Middlewares/ST/STM32_USB_Device_Library/Class/HID/Src/usbd_hid.c ****   * @retval status
 549:Middlewares/ST/STM32_USB_Device_Library/Class/HID/Src/usbd_hid.c ****   */
 550:Middlewares/ST/STM32_USB_Device_Library/Class/HID/Src/usbd_hid.c **** uint8_t USBD_HID_SendReport(USBD_HandleTypeDef  *pdev,
 551:Middlewares/ST/STM32_USB_Device_Library/Class/HID/Src/usbd_hid.c ****                             uint8_t *report,
 552:Middlewares/ST/STM32_USB_Device_Library/Class/HID/Src/usbd_hid.c ****                             uint16_t len)
 553:Middlewares/ST/STM32_USB_Device_Library/Class/HID/Src/usbd_hid.c **** {
 554:Middlewares/ST/STM32_USB_Device_Library/Class/HID/Src/usbd_hid.c ****   USBD_HID_HandleTypeDef     *hhid = (USBD_HID_HandleTypeDef *)pdev->pClassData;
 555:Middlewares/ST/STM32_USB_Device_Library/Class/HID/Src/usbd_hid.c **** 
 556:Middlewares/ST/STM32_USB_Device_Library/Class/HID/Src/usbd_hid.c ****   if (pdev->dev_state == USBD_STATE_CONFIGURED)
 557:Middlewares/ST/STM32_USB_Device_Library/Class/HID/Src/usbd_hid.c ****   {
 558:Middlewares/ST/STM32_USB_Device_Library/Class/HID/Src/usbd_hid.c ****     if (hhid->state == HID_IDLE)
 559:Middlewares/ST/STM32_USB_Device_Library/Class/HID/Src/usbd_hid.c ****     {
 560:Middlewares/ST/STM32_USB_Device_Library/Class/HID/Src/usbd_hid.c ****       hhid->state = HID_BUSY;
 561:Middlewares/ST/STM32_USB_Device_Library/Class/HID/Src/usbd_hid.c ****       USBD_LL_Transmit(pdev,
 562:Middlewares/ST/STM32_USB_Device_Library/Class/HID/Src/usbd_hid.c ****                        HID_EPIN_ADDR,
 563:Middlewares/ST/STM32_USB_Device_Library/Class/HID/Src/usbd_hid.c ****                        report,
 564:Middlewares/ST/STM32_USB_Device_Library/Class/HID/Src/usbd_hid.c ****                        len);
 565:Middlewares/ST/STM32_USB_Device_Library/Class/HID/Src/usbd_hid.c ****     }
 566:Middlewares/ST/STM32_USB_Device_Library/Class/HID/Src/usbd_hid.c ****   }
 567:Middlewares/ST/STM32_USB_Device_Library/Class/HID/Src/usbd_hid.c ****   return USBD_OK;
 568:Middlewares/ST/STM32_USB_Device_Library/Class/HID/Src/usbd_hid.c **** }
 569:Middlewares/ST/STM32_USB_Device_Library/Class/HID/Src/usbd_hid.c **** 
 570:Middlewares/ST/STM32_USB_Device_Library/Class/HID/Src/usbd_hid.c **** /**
 571:Middlewares/ST/STM32_USB_Device_Library/Class/HID/Src/usbd_hid.c ****   * @brief  USBD_HID_GetPollingInterval
 572:Middlewares/ST/STM32_USB_Device_Library/Class/HID/Src/usbd_hid.c ****   *         return polling interval from endpoint descriptor
 573:Middlewares/ST/STM32_USB_Device_Library/Class/HID/Src/usbd_hid.c ****   * @param  pdev: device instance
 574:Middlewares/ST/STM32_USB_Device_Library/Class/HID/Src/usbd_hid.c ****   * @retval polling interval
 575:Middlewares/ST/STM32_USB_Device_Library/Class/HID/Src/usbd_hid.c ****   */
 576:Middlewares/ST/STM32_USB_Device_Library/Class/HID/Src/usbd_hid.c **** uint32_t USBD_HID_GetPollingInterval(USBD_HandleTypeDef *pdev)
 577:Middlewares/ST/STM32_USB_Device_Library/Class/HID/Src/usbd_hid.c **** {
 578:Middlewares/ST/STM32_USB_Device_Library/Class/HID/Src/usbd_hid.c ****   uint32_t polling_interval = 0U;
 579:Middlewares/ST/STM32_USB_Device_Library/Class/HID/Src/usbd_hid.c **** 
 580:Middlewares/ST/STM32_USB_Device_Library/Class/HID/Src/usbd_hid.c ****   /* HIGH-speed endpoints */
 581:Middlewares/ST/STM32_USB_Device_Library/Class/HID/Src/usbd_hid.c ****   if (pdev->dev_speed == USBD_SPEED_HIGH)
 582:Middlewares/ST/STM32_USB_Device_Library/Class/HID/Src/usbd_hid.c ****   {
 583:Middlewares/ST/STM32_USB_Device_Library/Class/HID/Src/usbd_hid.c ****     /* Sets the data transfer polling interval for high speed transfers.
 584:Middlewares/ST/STM32_USB_Device_Library/Class/HID/Src/usbd_hid.c ****      Values between 1..16 are allowed. Values correspond to interval
 585:Middlewares/ST/STM32_USB_Device_Library/Class/HID/Src/usbd_hid.c ****      of 2 ^ (bInterval-1). This option (8 ms, corresponds to HID_HS_BINTERVAL */
 586:Middlewares/ST/STM32_USB_Device_Library/Class/HID/Src/usbd_hid.c ****     polling_interval = (((1U << (HID_HS_BINTERVAL - 1U))) / 8U);
 587:Middlewares/ST/STM32_USB_Device_Library/Class/HID/Src/usbd_hid.c ****   }
 588:Middlewares/ST/STM32_USB_Device_Library/Class/HID/Src/usbd_hid.c ****   else   /* LOW and FULL-speed endpoints */
 589:Middlewares/ST/STM32_USB_Device_Library/Class/HID/Src/usbd_hid.c ****   {
 590:Middlewares/ST/STM32_USB_Device_Library/Class/HID/Src/usbd_hid.c ****     /* Sets the data transfer polling interval for low and full
 591:Middlewares/ST/STM32_USB_Device_Library/Class/HID/Src/usbd_hid.c ****     speed transfers */
 592:Middlewares/ST/STM32_USB_Device_Library/Class/HID/Src/usbd_hid.c ****     polling_interval =  HID_FS_BINTERVAL;
 593:Middlewares/ST/STM32_USB_Device_Library/Class/HID/Src/usbd_hid.c ****   }
 594:Middlewares/ST/STM32_USB_Device_Library/Class/HID/Src/usbd_hid.c **** 
 595:Middlewares/ST/STM32_USB_Device_Library/Class/HID/Src/usbd_hid.c ****   return ((uint32_t)(polling_interval));
 596:Middlewares/ST/STM32_USB_Device_Library/Class/HID/Src/usbd_hid.c **** }
 597:Middlewares/ST/STM32_USB_Device_Library/Class/HID/Src/usbd_hid.c **** 
 598:Middlewares/ST/STM32_USB_Device_Library/Class/HID/Src/usbd_hid.c **** /**
 599:Middlewares/ST/STM32_USB_Device_Library/Class/HID/Src/usbd_hid.c ****   * @brief  USBD_HID_GetCfgFSDesc
 600:Middlewares/ST/STM32_USB_Device_Library/Class/HID/Src/usbd_hid.c ****   *         return FS configuration descriptor
 601:Middlewares/ST/STM32_USB_Device_Library/Class/HID/Src/usbd_hid.c ****   * @param  speed : current device speed
 602:Middlewares/ST/STM32_USB_Device_Library/Class/HID/Src/usbd_hid.c ****   * @param  length : pointer data length
ARM GAS  C:\Users\jonar\AppData\Local\Temp\cciTohkI.s 			page 12


 603:Middlewares/ST/STM32_USB_Device_Library/Class/HID/Src/usbd_hid.c ****   * @retval pointer to descriptor buffer
 604:Middlewares/ST/STM32_USB_Device_Library/Class/HID/Src/usbd_hid.c ****   */
 605:Middlewares/ST/STM32_USB_Device_Library/Class/HID/Src/usbd_hid.c **** static uint8_t  *USBD_HID_GetFSCfgDesc(uint16_t *length)
 606:Middlewares/ST/STM32_USB_Device_Library/Class/HID/Src/usbd_hid.c **** {
  27              		.loc 1 606 1 view -0
  28              		.cfi_startproc
  29              		@ args = 0, pretend = 0, frame = 0
  30              		@ frame_needed = 0, uses_anonymous_args = 0
  31              		@ link register save eliminated.
 607:Middlewares/ST/STM32_USB_Device_Library/Class/HID/Src/usbd_hid.c ****   *length = sizeof(USBD_HID_CfgFSDesc);
  32              		.loc 1 607 3 view .LVU1
  33              		.loc 1 607 11 is_stmt 0 view .LVU2
  34 0000 2223     		movs	r3, #34
  35 0002 0380     		strh	r3, [r0]	@ movhi
 608:Middlewares/ST/STM32_USB_Device_Library/Class/HID/Src/usbd_hid.c ****   return USBD_HID_CfgFSDesc;
  36              		.loc 1 608 3 is_stmt 1 view .LVU3
 609:Middlewares/ST/STM32_USB_Device_Library/Class/HID/Src/usbd_hid.c **** }
  37              		.loc 1 609 1 is_stmt 0 view .LVU4
  38 0004 0048     		ldr	r0, .L2
  39              	.LVL1:
  40              		.loc 1 609 1 view .LVU5
  41 0006 7047     		bx	lr
  42              	.L3:
  43              		.align	2
  44              	.L2:
  45 0008 00000000 		.word	USBD_HID_CfgFSDesc
  46              		.cfi_endproc
  47              	.LFE73:
  49              		.section	.text.USBD_HID_GetHSCfgDesc,"ax",%progbits
  50              		.align	1
  51              		.syntax unified
  52              		.thumb
  53              		.thumb_func
  55              	USBD_HID_GetHSCfgDesc:
  56              	.LVL2:
  57              	.LFB74:
 610:Middlewares/ST/STM32_USB_Device_Library/Class/HID/Src/usbd_hid.c **** 
 611:Middlewares/ST/STM32_USB_Device_Library/Class/HID/Src/usbd_hid.c **** /**
 612:Middlewares/ST/STM32_USB_Device_Library/Class/HID/Src/usbd_hid.c ****   * @brief  USBD_HID_GetCfgHSDesc
 613:Middlewares/ST/STM32_USB_Device_Library/Class/HID/Src/usbd_hid.c ****   *         return HS configuration descriptor
 614:Middlewares/ST/STM32_USB_Device_Library/Class/HID/Src/usbd_hid.c ****   * @param  speed : current device speed
 615:Middlewares/ST/STM32_USB_Device_Library/Class/HID/Src/usbd_hid.c ****   * @param  length : pointer data length
 616:Middlewares/ST/STM32_USB_Device_Library/Class/HID/Src/usbd_hid.c ****   * @retval pointer to descriptor buffer
 617:Middlewares/ST/STM32_USB_Device_Library/Class/HID/Src/usbd_hid.c ****   */
 618:Middlewares/ST/STM32_USB_Device_Library/Class/HID/Src/usbd_hid.c **** static uint8_t  *USBD_HID_GetHSCfgDesc(uint16_t *length)
 619:Middlewares/ST/STM32_USB_Device_Library/Class/HID/Src/usbd_hid.c **** {
  58              		.loc 1 619 1 is_stmt 1 view -0
  59              		.cfi_startproc
  60              		@ args = 0, pretend = 0, frame = 0
  61              		@ frame_needed = 0, uses_anonymous_args = 0
  62              		@ link register save eliminated.
 620:Middlewares/ST/STM32_USB_Device_Library/Class/HID/Src/usbd_hid.c ****   *length = sizeof(USBD_HID_CfgHSDesc);
  63              		.loc 1 620 3 view .LVU7
  64              		.loc 1 620 11 is_stmt 0 view .LVU8
  65 0000 2223     		movs	r3, #34
  66 0002 0380     		strh	r3, [r0]	@ movhi
 621:Middlewares/ST/STM32_USB_Device_Library/Class/HID/Src/usbd_hid.c ****   return USBD_HID_CfgHSDesc;
ARM GAS  C:\Users\jonar\AppData\Local\Temp\cciTohkI.s 			page 13


  67              		.loc 1 621 3 is_stmt 1 view .LVU9
 622:Middlewares/ST/STM32_USB_Device_Library/Class/HID/Src/usbd_hid.c **** }
  68              		.loc 1 622 1 is_stmt 0 view .LVU10
  69 0004 0048     		ldr	r0, .L5
  70              	.LVL3:
  71              		.loc 1 622 1 view .LVU11
  72 0006 7047     		bx	lr
  73              	.L6:
  74              		.align	2
  75              	.L5:
  76 0008 00000000 		.word	USBD_HID_CfgHSDesc
  77              		.cfi_endproc
  78              	.LFE74:
  80              		.section	.text.USBD_HID_GetOtherSpeedCfgDesc,"ax",%progbits
  81              		.align	1
  82              		.syntax unified
  83              		.thumb
  84              		.thumb_func
  86              	USBD_HID_GetOtherSpeedCfgDesc:
  87              	.LVL4:
  88              	.LFB75:
 623:Middlewares/ST/STM32_USB_Device_Library/Class/HID/Src/usbd_hid.c **** 
 624:Middlewares/ST/STM32_USB_Device_Library/Class/HID/Src/usbd_hid.c **** /**
 625:Middlewares/ST/STM32_USB_Device_Library/Class/HID/Src/usbd_hid.c ****   * @brief  USBD_HID_GetOtherSpeedCfgDesc
 626:Middlewares/ST/STM32_USB_Device_Library/Class/HID/Src/usbd_hid.c ****   *         return other speed configuration descriptor
 627:Middlewares/ST/STM32_USB_Device_Library/Class/HID/Src/usbd_hid.c ****   * @param  speed : current device speed
 628:Middlewares/ST/STM32_USB_Device_Library/Class/HID/Src/usbd_hid.c ****   * @param  length : pointer data length
 629:Middlewares/ST/STM32_USB_Device_Library/Class/HID/Src/usbd_hid.c ****   * @retval pointer to descriptor buffer
 630:Middlewares/ST/STM32_USB_Device_Library/Class/HID/Src/usbd_hid.c ****   */
 631:Middlewares/ST/STM32_USB_Device_Library/Class/HID/Src/usbd_hid.c **** static uint8_t  *USBD_HID_GetOtherSpeedCfgDesc(uint16_t *length)
 632:Middlewares/ST/STM32_USB_Device_Library/Class/HID/Src/usbd_hid.c **** {
  89              		.loc 1 632 1 is_stmt 1 view -0
  90              		.cfi_startproc
  91              		@ args = 0, pretend = 0, frame = 0
  92              		@ frame_needed = 0, uses_anonymous_args = 0
  93              		@ link register save eliminated.
 633:Middlewares/ST/STM32_USB_Device_Library/Class/HID/Src/usbd_hid.c ****   *length = sizeof(USBD_HID_OtherSpeedCfgDesc);
  94              		.loc 1 633 3 view .LVU13
  95              		.loc 1 633 11 is_stmt 0 view .LVU14
  96 0000 2223     		movs	r3, #34
  97 0002 0380     		strh	r3, [r0]	@ movhi
 634:Middlewares/ST/STM32_USB_Device_Library/Class/HID/Src/usbd_hid.c ****   return USBD_HID_OtherSpeedCfgDesc;
  98              		.loc 1 634 3 is_stmt 1 view .LVU15
 635:Middlewares/ST/STM32_USB_Device_Library/Class/HID/Src/usbd_hid.c **** }
  99              		.loc 1 635 1 is_stmt 0 view .LVU16
 100 0004 0048     		ldr	r0, .L8
 101              	.LVL5:
 102              		.loc 1 635 1 view .LVU17
 103 0006 7047     		bx	lr
 104              	.L9:
 105              		.align	2
 106              	.L8:
 107 0008 00000000 		.word	USBD_HID_OtherSpeedCfgDesc
 108              		.cfi_endproc
 109              	.LFE75:
 111              		.section	.text.USBD_HID_DataIn,"ax",%progbits
 112              		.align	1
ARM GAS  C:\Users\jonar\AppData\Local\Temp\cciTohkI.s 			page 14


 113              		.syntax unified
 114              		.thumb
 115              		.thumb_func
 117              	USBD_HID_DataIn:
 118              	.LVL6:
 119              	.LFB76:
 636:Middlewares/ST/STM32_USB_Device_Library/Class/HID/Src/usbd_hid.c **** 
 637:Middlewares/ST/STM32_USB_Device_Library/Class/HID/Src/usbd_hid.c **** /**
 638:Middlewares/ST/STM32_USB_Device_Library/Class/HID/Src/usbd_hid.c ****   * @brief  USBD_HID_DataIn
 639:Middlewares/ST/STM32_USB_Device_Library/Class/HID/Src/usbd_hid.c ****   *         handle data IN Stage
 640:Middlewares/ST/STM32_USB_Device_Library/Class/HID/Src/usbd_hid.c ****   * @param  pdev: device instance
 641:Middlewares/ST/STM32_USB_Device_Library/Class/HID/Src/usbd_hid.c ****   * @param  epnum: endpoint index
 642:Middlewares/ST/STM32_USB_Device_Library/Class/HID/Src/usbd_hid.c ****   * @retval status
 643:Middlewares/ST/STM32_USB_Device_Library/Class/HID/Src/usbd_hid.c ****   */
 644:Middlewares/ST/STM32_USB_Device_Library/Class/HID/Src/usbd_hid.c **** static uint8_t  USBD_HID_DataIn(USBD_HandleTypeDef *pdev,
 645:Middlewares/ST/STM32_USB_Device_Library/Class/HID/Src/usbd_hid.c ****                                 uint8_t epnum)
 646:Middlewares/ST/STM32_USB_Device_Library/Class/HID/Src/usbd_hid.c **** {
 120              		.loc 1 646 1 is_stmt 1 view -0
 121              		.cfi_startproc
 122              		@ args = 0, pretend = 0, frame = 0
 123              		@ frame_needed = 0, uses_anonymous_args = 0
 124              		@ link register save eliminated.
 647:Middlewares/ST/STM32_USB_Device_Library/Class/HID/Src/usbd_hid.c **** 
 648:Middlewares/ST/STM32_USB_Device_Library/Class/HID/Src/usbd_hid.c ****   /* Ensure that the FIFO is empty before a new transfer, this condition could
 649:Middlewares/ST/STM32_USB_Device_Library/Class/HID/Src/usbd_hid.c ****   be caused by  a new transfer before the end of the previous transfer */
 650:Middlewares/ST/STM32_USB_Device_Library/Class/HID/Src/usbd_hid.c ****   ((USBD_HID_HandleTypeDef *)pdev->pClassData)->state = HID_IDLE;
 125              		.loc 1 650 3 view .LVU19
 126              		.loc 1 650 34 is_stmt 0 view .LVU20
 127 0000 D0F8B832 		ldr	r3, [r0, #696]
 128              		.loc 1 650 55 view .LVU21
 129 0004 0020     		movs	r0, #0
 130              	.LVL7:
 131              		.loc 1 650 55 view .LVU22
 132 0006 1873     		strb	r0, [r3, #12]
 651:Middlewares/ST/STM32_USB_Device_Library/Class/HID/Src/usbd_hid.c ****   return USBD_OK;
 133              		.loc 1 651 3 is_stmt 1 view .LVU23
 652:Middlewares/ST/STM32_USB_Device_Library/Class/HID/Src/usbd_hid.c **** }
 134              		.loc 1 652 1 is_stmt 0 view .LVU24
 135 0008 7047     		bx	lr
 136              		.cfi_endproc
 137              	.LFE76:
 139              		.section	.text.USBD_HID_GetDeviceQualifierDesc,"ax",%progbits
 140              		.align	1
 141              		.syntax unified
 142              		.thumb
 143              		.thumb_func
 145              	USBD_HID_GetDeviceQualifierDesc:
 146              	.LVL8:
 147              	.LFB77:
 653:Middlewares/ST/STM32_USB_Device_Library/Class/HID/Src/usbd_hid.c **** 
 654:Middlewares/ST/STM32_USB_Device_Library/Class/HID/Src/usbd_hid.c **** 
 655:Middlewares/ST/STM32_USB_Device_Library/Class/HID/Src/usbd_hid.c **** /**
 656:Middlewares/ST/STM32_USB_Device_Library/Class/HID/Src/usbd_hid.c **** * @brief  DeviceQualifierDescriptor
 657:Middlewares/ST/STM32_USB_Device_Library/Class/HID/Src/usbd_hid.c **** *         return Device Qualifier descriptor
 658:Middlewares/ST/STM32_USB_Device_Library/Class/HID/Src/usbd_hid.c **** * @param  length : pointer data length
 659:Middlewares/ST/STM32_USB_Device_Library/Class/HID/Src/usbd_hid.c **** * @retval pointer to descriptor buffer
 660:Middlewares/ST/STM32_USB_Device_Library/Class/HID/Src/usbd_hid.c **** */
ARM GAS  C:\Users\jonar\AppData\Local\Temp\cciTohkI.s 			page 15


 661:Middlewares/ST/STM32_USB_Device_Library/Class/HID/Src/usbd_hid.c **** static uint8_t  *USBD_HID_GetDeviceQualifierDesc(uint16_t *length)
 662:Middlewares/ST/STM32_USB_Device_Library/Class/HID/Src/usbd_hid.c **** {
 148              		.loc 1 662 1 is_stmt 1 view -0
 149              		.cfi_startproc
 150              		@ args = 0, pretend = 0, frame = 0
 151              		@ frame_needed = 0, uses_anonymous_args = 0
 152              		@ link register save eliminated.
 663:Middlewares/ST/STM32_USB_Device_Library/Class/HID/Src/usbd_hid.c ****   *length = sizeof(USBD_HID_DeviceQualifierDesc);
 153              		.loc 1 663 3 view .LVU26
 154              		.loc 1 663 11 is_stmt 0 view .LVU27
 155 0000 0A23     		movs	r3, #10
 156 0002 0380     		strh	r3, [r0]	@ movhi
 664:Middlewares/ST/STM32_USB_Device_Library/Class/HID/Src/usbd_hid.c ****   return USBD_HID_DeviceQualifierDesc;
 157              		.loc 1 664 3 is_stmt 1 view .LVU28
 665:Middlewares/ST/STM32_USB_Device_Library/Class/HID/Src/usbd_hid.c **** }
 158              		.loc 1 665 1 is_stmt 0 view .LVU29
 159 0004 0048     		ldr	r0, .L12
 160              	.LVL9:
 161              		.loc 1 665 1 view .LVU30
 162 0006 7047     		bx	lr
 163              	.L13:
 164              		.align	2
 165              	.L12:
 166 0008 00000000 		.word	USBD_HID_DeviceQualifierDesc
 167              		.cfi_endproc
 168              	.LFE77:
 170              		.section	.text.USBD_HID_Setup,"ax",%progbits
 171              		.align	1
 172              		.syntax unified
 173              		.thumb
 174              		.thumb_func
 176              	USBD_HID_Setup:
 177              	.LVL10:
 178              	.LFB70:
 434:Middlewares/ST/STM32_USB_Device_Library/Class/HID/Src/usbd_hid.c ****   USBD_HID_HandleTypeDef *hhid = (USBD_HID_HandleTypeDef *) pdev->pClassData;
 179              		.loc 1 434 1 is_stmt 1 view -0
 180              		.cfi_startproc
 181              		@ args = 0, pretend = 0, frame = 8
 182              		@ frame_needed = 0, uses_anonymous_args = 0
 434:Middlewares/ST/STM32_USB_Device_Library/Class/HID/Src/usbd_hid.c ****   USBD_HID_HandleTypeDef *hhid = (USBD_HID_HandleTypeDef *) pdev->pClassData;
 183              		.loc 1 434 1 is_stmt 0 view .LVU32
 184 0000 70B5     		push	{r4, r5, r6, lr}
 185              	.LCFI0:
 186              		.cfi_def_cfa_offset 16
 187              		.cfi_offset 4, -16
 188              		.cfi_offset 5, -12
 189              		.cfi_offset 6, -8
 190              		.cfi_offset 14, -4
 191 0002 82B0     		sub	sp, sp, #8
 192              	.LCFI1:
 193              		.cfi_def_cfa_offset 24
 435:Middlewares/ST/STM32_USB_Device_Library/Class/HID/Src/usbd_hid.c ****   uint16_t len = 0U;
 194              		.loc 1 435 3 is_stmt 1 view .LVU33
 435:Middlewares/ST/STM32_USB_Device_Library/Class/HID/Src/usbd_hid.c ****   uint16_t len = 0U;
 195              		.loc 1 435 27 is_stmt 0 view .LVU34
 196 0004 D0F8B852 		ldr	r5, [r0, #696]
 197              	.LVL11:
ARM GAS  C:\Users\jonar\AppData\Local\Temp\cciTohkI.s 			page 16


 436:Middlewares/ST/STM32_USB_Device_Library/Class/HID/Src/usbd_hid.c ****   uint8_t *pbuf = NULL;
 198              		.loc 1 436 3 is_stmt 1 view .LVU35
 437:Middlewares/ST/STM32_USB_Device_Library/Class/HID/Src/usbd_hid.c ****   uint16_t status_info = 0U;
 199              		.loc 1 437 3 view .LVU36
 438:Middlewares/ST/STM32_USB_Device_Library/Class/HID/Src/usbd_hid.c ****   USBD_StatusTypeDef ret = USBD_OK;
 200              		.loc 1 438 3 view .LVU37
 438:Middlewares/ST/STM32_USB_Device_Library/Class/HID/Src/usbd_hid.c ****   USBD_StatusTypeDef ret = USBD_OK;
 201              		.loc 1 438 12 is_stmt 0 view .LVU38
 202 0008 0023     		movs	r3, #0
 203 000a ADF80630 		strh	r3, [sp, #6]	@ movhi
 439:Middlewares/ST/STM32_USB_Device_Library/Class/HID/Src/usbd_hid.c **** 
 204              		.loc 1 439 3 is_stmt 1 view .LVU39
 205              	.LVL12:
 441:Middlewares/ST/STM32_USB_Device_Library/Class/HID/Src/usbd_hid.c ****   {
 206              		.loc 1 441 3 view .LVU40
 441:Middlewares/ST/STM32_USB_Device_Library/Class/HID/Src/usbd_hid.c ****   {
 207              		.loc 1 441 14 is_stmt 0 view .LVU41
 208 000e 0C78     		ldrb	r4, [r1]	@ zero_extendqisi2
 441:Middlewares/ST/STM32_USB_Device_Library/Class/HID/Src/usbd_hid.c ****   {
 209              		.loc 1 441 3 view .LVU42
 210 0010 14F06004 		ands	r4, r4, #96
 211 0014 25D0     		beq	.L15
 212 0016 202C     		cmp	r4, #32
 213 0018 72D1     		bne	.L16
 444:Middlewares/ST/STM32_USB_Device_Library/Class/HID/Src/usbd_hid.c ****       {
 214              		.loc 1 444 7 is_stmt 1 view .LVU43
 444:Middlewares/ST/STM32_USB_Device_Library/Class/HID/Src/usbd_hid.c ****       {
 215              		.loc 1 444 18 is_stmt 0 view .LVU44
 216 001a 4B78     		ldrb	r3, [r1, #1]	@ zero_extendqisi2
 444:Middlewares/ST/STM32_USB_Device_Library/Class/HID/Src/usbd_hid.c ****       {
 217              		.loc 1 444 7 view .LVU45
 218 001c 023B     		subs	r3, r3, #2
 219 001e 092B     		cmp	r3, #9
 220 0020 1BD8     		bhi	.L17
 221 0022 DFE803F0 		tbb	[pc, r3]
 222              	.L19:
 223 0026 14       		.byte	(.L22-.L19)/2
 224 0027 09       		.byte	(.L21-.L19)/2
 225 0028 1A       		.byte	(.L17-.L19)/2
 226 0029 1A       		.byte	(.L17-.L19)/2
 227 002a 1A       		.byte	(.L17-.L19)/2
 228 002b 1A       		.byte	(.L17-.L19)/2
 229 002c 1A       		.byte	(.L17-.L19)/2
 230 002d 1A       		.byte	(.L17-.L19)/2
 231 002e 0F       		.byte	(.L20-.L19)/2
 232 002f 05       		.byte	(.L18-.L19)/2
 233              		.p2align 1
 234              	.L18:
 447:Middlewares/ST/STM32_USB_Device_Library/Class/HID/Src/usbd_hid.c ****           break;
 235              		.loc 1 447 11 is_stmt 1 view .LVU46
 447:Middlewares/ST/STM32_USB_Device_Library/Class/HID/Src/usbd_hid.c ****           break;
 236              		.loc 1 447 28 is_stmt 0 view .LVU47
 237 0030 8B78     		ldrb	r3, [r1, #2]	@ zero_extendqisi2
 447:Middlewares/ST/STM32_USB_Device_Library/Class/HID/Src/usbd_hid.c ****           break;
 238              		.loc 1 447 26 view .LVU48
 239 0032 2B60     		str	r3, [r5]
 448:Middlewares/ST/STM32_USB_Device_Library/Class/HID/Src/usbd_hid.c **** 
ARM GAS  C:\Users\jonar\AppData\Local\Temp\cciTohkI.s 			page 17


 240              		.loc 1 448 11 is_stmt 1 view .LVU49
 439:Middlewares/ST/STM32_USB_Device_Library/Class/HID/Src/usbd_hid.c **** 
 241              		.loc 1 439 22 is_stmt 0 view .LVU50
 242 0034 0024     		movs	r4, #0
 448:Middlewares/ST/STM32_USB_Device_Library/Class/HID/Src/usbd_hid.c **** 
 243              		.loc 1 448 11 view .LVU51
 244 0036 66E0     		b	.L23
 245              	.L21:
 451:Middlewares/ST/STM32_USB_Device_Library/Class/HID/Src/usbd_hid.c ****           break;
 246              		.loc 1 451 11 is_stmt 1 view .LVU52
 247 0038 0122     		movs	r2, #1
 248 003a 2946     		mov	r1, r5
 249              	.LVL13:
 451:Middlewares/ST/STM32_USB_Device_Library/Class/HID/Src/usbd_hid.c ****           break;
 250              		.loc 1 451 11 is_stmt 0 view .LVU53
 251 003c FFF7FEFF 		bl	USBD_CtlSendData
 252              	.LVL14:
 452:Middlewares/ST/STM32_USB_Device_Library/Class/HID/Src/usbd_hid.c **** 
 253              		.loc 1 452 11 is_stmt 1 view .LVU54
 439:Middlewares/ST/STM32_USB_Device_Library/Class/HID/Src/usbd_hid.c **** 
 254              		.loc 1 439 22 is_stmt 0 view .LVU55
 255 0040 0024     		movs	r4, #0
 452:Middlewares/ST/STM32_USB_Device_Library/Class/HID/Src/usbd_hid.c **** 
 256              		.loc 1 452 11 view .LVU56
 257 0042 60E0     		b	.L23
 258              	.LVL15:
 259              	.L20:
 455:Middlewares/ST/STM32_USB_Device_Library/Class/HID/Src/usbd_hid.c ****           break;
 260              		.loc 1 455 11 is_stmt 1 view .LVU57
 455:Middlewares/ST/STM32_USB_Device_Library/Class/HID/Src/usbd_hid.c ****           break;
 261              		.loc 1 455 42 is_stmt 0 view .LVU58
 262 0044 4B88     		ldrh	r3, [r1, #2]
 455:Middlewares/ST/STM32_USB_Device_Library/Class/HID/Src/usbd_hid.c ****           break;
 263              		.loc 1 455 29 view .LVU59
 264 0046 1B0A     		lsrs	r3, r3, #8
 455:Middlewares/ST/STM32_USB_Device_Library/Class/HID/Src/usbd_hid.c ****           break;
 265              		.loc 1 455 27 view .LVU60
 266 0048 6B60     		str	r3, [r5, #4]
 456:Middlewares/ST/STM32_USB_Device_Library/Class/HID/Src/usbd_hid.c **** 
 267              		.loc 1 456 11 is_stmt 1 view .LVU61
 439:Middlewares/ST/STM32_USB_Device_Library/Class/HID/Src/usbd_hid.c **** 
 268              		.loc 1 439 22 is_stmt 0 view .LVU62
 269 004a 0024     		movs	r4, #0
 456:Middlewares/ST/STM32_USB_Device_Library/Class/HID/Src/usbd_hid.c **** 
 270              		.loc 1 456 11 view .LVU63
 271 004c 5BE0     		b	.L23
 272              	.L22:
 459:Middlewares/ST/STM32_USB_Device_Library/Class/HID/Src/usbd_hid.c ****           break;
 273              		.loc 1 459 11 is_stmt 1 view .LVU64
 274 004e 0122     		movs	r2, #1
 275 0050 291D     		adds	r1, r5, #4
 276              	.LVL16:
 459:Middlewares/ST/STM32_USB_Device_Library/Class/HID/Src/usbd_hid.c ****           break;
 277              		.loc 1 459 11 is_stmt 0 view .LVU65
 278 0052 FFF7FEFF 		bl	USBD_CtlSendData
 279              	.LVL17:
 460:Middlewares/ST/STM32_USB_Device_Library/Class/HID/Src/usbd_hid.c **** 
ARM GAS  C:\Users\jonar\AppData\Local\Temp\cciTohkI.s 			page 18


 280              		.loc 1 460 11 is_stmt 1 view .LVU66
 439:Middlewares/ST/STM32_USB_Device_Library/Class/HID/Src/usbd_hid.c **** 
 281              		.loc 1 439 22 is_stmt 0 view .LVU67
 282 0056 0024     		movs	r4, #0
 460:Middlewares/ST/STM32_USB_Device_Library/Class/HID/Src/usbd_hid.c **** 
 283              		.loc 1 460 11 view .LVU68
 284 0058 55E0     		b	.L23
 285              	.LVL18:
 286              	.L17:
 463:Middlewares/ST/STM32_USB_Device_Library/Class/HID/Src/usbd_hid.c ****           ret = USBD_FAIL;
 287              		.loc 1 463 11 is_stmt 1 view .LVU69
 288 005a FFF7FEFF 		bl	USBD_CtlError
 289              	.LVL19:
 464:Middlewares/ST/STM32_USB_Device_Library/Class/HID/Src/usbd_hid.c ****           break;
 290              		.loc 1 464 11 view .LVU70
 465:Middlewares/ST/STM32_USB_Device_Library/Class/HID/Src/usbd_hid.c ****       }
 291              		.loc 1 465 11 view .LVU71
 464:Middlewares/ST/STM32_USB_Device_Library/Class/HID/Src/usbd_hid.c ****           break;
 292              		.loc 1 464 15 is_stmt 0 view .LVU72
 293 005e 0224     		movs	r4, #2
 465:Middlewares/ST/STM32_USB_Device_Library/Class/HID/Src/usbd_hid.c ****       }
 294              		.loc 1 465 11 view .LVU73
 295 0060 51E0     		b	.L23
 296              	.LVL20:
 297              	.L15:
 469:Middlewares/ST/STM32_USB_Device_Library/Class/HID/Src/usbd_hid.c ****       {
 298              		.loc 1 469 7 is_stmt 1 view .LVU74
 469:Middlewares/ST/STM32_USB_Device_Library/Class/HID/Src/usbd_hid.c ****       {
 299              		.loc 1 469 18 is_stmt 0 view .LVU75
 300 0062 4E78     		ldrb	r6, [r1, #1]	@ zero_extendqisi2
 469:Middlewares/ST/STM32_USB_Device_Library/Class/HID/Src/usbd_hid.c ****       {
 301              		.loc 1 469 7 view .LVU76
 302 0064 0B2E     		cmp	r6, #11
 303 0066 47D8     		bhi	.L24
 304 0068 DFE806F0 		tbb	[pc, r6]
 305              	.L26:
 306 006c 06       		.byte	(.L29-.L26)/2
 307 006d 46       		.byte	(.L24-.L26)/2
 308 006e 46       		.byte	(.L24-.L26)/2
 309 006f 46       		.byte	(.L24-.L26)/2
 310 0070 46       		.byte	(.L24-.L26)/2
 311 0071 46       		.byte	(.L24-.L26)/2
 312 0072 15       		.byte	(.L28-.L26)/2
 313 0073 46       		.byte	(.L24-.L26)/2
 314 0074 46       		.byte	(.L24-.L26)/2
 315 0075 46       		.byte	(.L24-.L26)/2
 316 0076 2D       		.byte	(.L27-.L26)/2
 317 0077 3B       		.byte	(.L25-.L26)/2
 318              		.p2align 1
 319              	.L29:
 472:Middlewares/ST/STM32_USB_Device_Library/Class/HID/Src/usbd_hid.c ****           {
 320              		.loc 1 472 11 is_stmt 1 view .LVU77
 472:Middlewares/ST/STM32_USB_Device_Library/Class/HID/Src/usbd_hid.c ****           {
 321              		.loc 1 472 19 is_stmt 0 view .LVU78
 322 0078 90F89C32 		ldrb	r3, [r0, #668]	@ zero_extendqisi2
 472:Middlewares/ST/STM32_USB_Device_Library/Class/HID/Src/usbd_hid.c ****           {
 323              		.loc 1 472 14 view .LVU79
ARM GAS  C:\Users\jonar\AppData\Local\Temp\cciTohkI.s 			page 19


 324 007c 032B     		cmp	r3, #3
 325 007e 03D0     		beq	.L37
 478:Middlewares/ST/STM32_USB_Device_Library/Class/HID/Src/usbd_hid.c ****             ret = USBD_FAIL;
 326              		.loc 1 478 13 is_stmt 1 view .LVU80
 327 0080 FFF7FEFF 		bl	USBD_CtlError
 328              	.LVL21:
 479:Middlewares/ST/STM32_USB_Device_Library/Class/HID/Src/usbd_hid.c ****           }
 329              		.loc 1 479 13 view .LVU81
 479:Middlewares/ST/STM32_USB_Device_Library/Class/HID/Src/usbd_hid.c ****           }
 330              		.loc 1 479 17 is_stmt 0 view .LVU82
 331 0084 0224     		movs	r4, #2
 332 0086 3EE0     		b	.L23
 333              	.LVL22:
 334              	.L37:
 474:Middlewares/ST/STM32_USB_Device_Library/Class/HID/Src/usbd_hid.c ****           }
 335              		.loc 1 474 13 is_stmt 1 view .LVU83
 336 0088 0222     		movs	r2, #2
 337 008a 0DF10601 		add	r1, sp, #6
 338              	.LVL23:
 474:Middlewares/ST/STM32_USB_Device_Library/Class/HID/Src/usbd_hid.c ****           }
 339              		.loc 1 474 13 is_stmt 0 view .LVU84
 340 008e FFF7FEFF 		bl	USBD_CtlSendData
 341              	.LVL24:
 439:Middlewares/ST/STM32_USB_Device_Library/Class/HID/Src/usbd_hid.c **** 
 342              		.loc 1 439 22 view .LVU85
 343 0092 3446     		mov	r4, r6
 344 0094 37E0     		b	.L23
 345              	.LVL25:
 346              	.L28:
 484:Middlewares/ST/STM32_USB_Device_Library/Class/HID/Src/usbd_hid.c ****           {
 347              		.loc 1 484 11 is_stmt 1 view .LVU86
 484:Middlewares/ST/STM32_USB_Device_Library/Class/HID/Src/usbd_hid.c ****           {
 348              		.loc 1 484 18 is_stmt 0 view .LVU87
 349 0096 4B88     		ldrh	r3, [r1, #2]
 484:Middlewares/ST/STM32_USB_Device_Library/Class/HID/Src/usbd_hid.c ****           {
 350              		.loc 1 484 32 view .LVU88
 351 0098 1B0A     		lsrs	r3, r3, #8
 484:Middlewares/ST/STM32_USB_Device_Library/Class/HID/Src/usbd_hid.c ****           {
 352              		.loc 1 484 14 view .LVU89
 353 009a 222B     		cmp	r3, #34
 354 009c 09D0     		beq	.L38
 489:Middlewares/ST/STM32_USB_Device_Library/Class/HID/Src/usbd_hid.c ****           {
 355              		.loc 1 489 16 is_stmt 1 view .LVU90
 489:Middlewares/ST/STM32_USB_Device_Library/Class/HID/Src/usbd_hid.c ****           {
 356              		.loc 1 489 19 is_stmt 0 view .LVU91
 357 009e 212B     		cmp	r3, #33
 358 00a0 0DD1     		bne	.L33
 491:Middlewares/ST/STM32_USB_Device_Library/Class/HID/Src/usbd_hid.c ****             len = MIN(USB_HID_DESC_SIZ, req->wLength);
 359              		.loc 1 491 13 is_stmt 1 view .LVU92
 360              	.LVL26:
 492:Middlewares/ST/STM32_USB_Device_Library/Class/HID/Src/usbd_hid.c ****           }
 361              		.loc 1 492 13 view .LVU93
 492:Middlewares/ST/STM32_USB_Device_Library/Class/HID/Src/usbd_hid.c ****           }
 362              		.loc 1 492 19 is_stmt 0 view .LVU94
 363 00a2 CA88     		ldrh	r2, [r1, #6]
 492:Middlewares/ST/STM32_USB_Device_Library/Class/HID/Src/usbd_hid.c ****           }
 364              		.loc 1 492 17 view .LVU95
ARM GAS  C:\Users\jonar\AppData\Local\Temp\cciTohkI.s 			page 20


 365 00a4 092A     		cmp	r2, #9
 366 00a6 28BF     		it	cs
 367 00a8 0922     		movcs	r2, #9
 368              	.LVL27:
 491:Middlewares/ST/STM32_USB_Device_Library/Class/HID/Src/usbd_hid.c ****             len = MIN(USB_HID_DESC_SIZ, req->wLength);
 369              		.loc 1 491 18 view .LVU96
 370 00aa 1849     		ldr	r1, .L40
 371              	.LVL28:
 372              	.L32:
 500:Middlewares/ST/STM32_USB_Device_Library/Class/HID/Src/usbd_hid.c ****           break;
 373              		.loc 1 500 11 is_stmt 1 view .LVU97
 374 00ac FFF7FEFF 		bl	USBD_CtlSendData
 375              	.LVL29:
 501:Middlewares/ST/STM32_USB_Device_Library/Class/HID/Src/usbd_hid.c **** 
 376              		.loc 1 501 11 view .LVU98
 377 00b0 29E0     		b	.L23
 378              	.LVL30:
 379              	.L38:
 486:Middlewares/ST/STM32_USB_Device_Library/Class/HID/Src/usbd_hid.c ****             pbuf = HID_MOUSE_ReportDesc;
 380              		.loc 1 486 13 view .LVU99
 486:Middlewares/ST/STM32_USB_Device_Library/Class/HID/Src/usbd_hid.c ****             pbuf = HID_MOUSE_ReportDesc;
 381              		.loc 1 486 19 is_stmt 0 view .LVU100
 382 00b2 CA88     		ldrh	r2, [r1, #6]
 486:Middlewares/ST/STM32_USB_Device_Library/Class/HID/Src/usbd_hid.c ****             pbuf = HID_MOUSE_ReportDesc;
 383              		.loc 1 486 17 view .LVU101
 384 00b4 4A2A     		cmp	r2, #74
 385 00b6 28BF     		it	cs
 386 00b8 4A22     		movcs	r2, #74
 387              	.LVL31:
 487:Middlewares/ST/STM32_USB_Device_Library/Class/HID/Src/usbd_hid.c ****           }
 388              		.loc 1 487 13 is_stmt 1 view .LVU102
 487:Middlewares/ST/STM32_USB_Device_Library/Class/HID/Src/usbd_hid.c ****           }
 389              		.loc 1 487 18 is_stmt 0 view .LVU103
 390 00ba 1549     		ldr	r1, .L40+4
 391              	.LVL32:
 487:Middlewares/ST/STM32_USB_Device_Library/Class/HID/Src/usbd_hid.c ****           }
 392              		.loc 1 487 18 view .LVU104
 393 00bc F6E7     		b	.L32
 394              	.LVL33:
 395              	.L33:
 496:Middlewares/ST/STM32_USB_Device_Library/Class/HID/Src/usbd_hid.c ****             ret = USBD_FAIL;
 396              		.loc 1 496 13 is_stmt 1 view .LVU105
 397 00be FFF7FEFF 		bl	USBD_CtlError
 398              	.LVL34:
 497:Middlewares/ST/STM32_USB_Device_Library/Class/HID/Src/usbd_hid.c ****             break;
 399              		.loc 1 497 13 view .LVU106
 498:Middlewares/ST/STM32_USB_Device_Library/Class/HID/Src/usbd_hid.c ****           }
 400              		.loc 1 498 13 view .LVU107
 497:Middlewares/ST/STM32_USB_Device_Library/Class/HID/Src/usbd_hid.c ****             break;
 401              		.loc 1 497 17 is_stmt 0 view .LVU108
 402 00c2 0224     		movs	r4, #2
 498:Middlewares/ST/STM32_USB_Device_Library/Class/HID/Src/usbd_hid.c ****           }
 403              		.loc 1 498 13 view .LVU109
 404 00c4 1FE0     		b	.L23
 405              	.LVL35:
 406              	.L27:
 504:Middlewares/ST/STM32_USB_Device_Library/Class/HID/Src/usbd_hid.c ****           {
ARM GAS  C:\Users\jonar\AppData\Local\Temp\cciTohkI.s 			page 21


 407              		.loc 1 504 11 is_stmt 1 view .LVU110
 504:Middlewares/ST/STM32_USB_Device_Library/Class/HID/Src/usbd_hid.c ****           {
 408              		.loc 1 504 19 is_stmt 0 view .LVU111
 409 00c6 90F89C32 		ldrb	r3, [r0, #668]	@ zero_extendqisi2
 504:Middlewares/ST/STM32_USB_Device_Library/Class/HID/Src/usbd_hid.c ****           {
 410              		.loc 1 504 14 view .LVU112
 411 00ca 032B     		cmp	r3, #3
 412 00cc 03D0     		beq	.L39
 510:Middlewares/ST/STM32_USB_Device_Library/Class/HID/Src/usbd_hid.c ****             ret = USBD_FAIL;
 413              		.loc 1 510 13 is_stmt 1 view .LVU113
 414 00ce FFF7FEFF 		bl	USBD_CtlError
 415              	.LVL36:
 511:Middlewares/ST/STM32_USB_Device_Library/Class/HID/Src/usbd_hid.c ****           }
 416              		.loc 1 511 13 view .LVU114
 511:Middlewares/ST/STM32_USB_Device_Library/Class/HID/Src/usbd_hid.c ****           }
 417              		.loc 1 511 17 is_stmt 0 view .LVU115
 418 00d2 0224     		movs	r4, #2
 419 00d4 17E0     		b	.L23
 420              	.LVL37:
 421              	.L39:
 506:Middlewares/ST/STM32_USB_Device_Library/Class/HID/Src/usbd_hid.c ****           }
 422              		.loc 1 506 13 is_stmt 1 view .LVU116
 423 00d6 0122     		movs	r2, #1
 424 00d8 05F10801 		add	r1, r5, #8
 425              	.LVL38:
 506:Middlewares/ST/STM32_USB_Device_Library/Class/HID/Src/usbd_hid.c ****           }
 426              		.loc 1 506 13 is_stmt 0 view .LVU117
 427 00dc FFF7FEFF 		bl	USBD_CtlSendData
 428              	.LVL39:
 506:Middlewares/ST/STM32_USB_Device_Library/Class/HID/Src/usbd_hid.c ****           }
 429              		.loc 1 506 13 view .LVU118
 430 00e0 11E0     		b	.L23
 431              	.LVL40:
 432              	.L25:
 516:Middlewares/ST/STM32_USB_Device_Library/Class/HID/Src/usbd_hid.c ****           {
 433              		.loc 1 516 11 is_stmt 1 view .LVU119
 516:Middlewares/ST/STM32_USB_Device_Library/Class/HID/Src/usbd_hid.c ****           {
 434              		.loc 1 516 19 is_stmt 0 view .LVU120
 435 00e2 90F89C32 		ldrb	r3, [r0, #668]	@ zero_extendqisi2
 516:Middlewares/ST/STM32_USB_Device_Library/Class/HID/Src/usbd_hid.c ****           {
 436              		.loc 1 516 14 view .LVU121
 437 00e6 032B     		cmp	r3, #3
 438 00e8 02D1     		bne	.L35
 518:Middlewares/ST/STM32_USB_Device_Library/Class/HID/Src/usbd_hid.c ****           }
 439              		.loc 1 518 13 is_stmt 1 view .LVU122
 518:Middlewares/ST/STM32_USB_Device_Library/Class/HID/Src/usbd_hid.c ****           }
 440              		.loc 1 518 32 is_stmt 0 view .LVU123
 441 00ea 8B78     		ldrb	r3, [r1, #2]	@ zero_extendqisi2
 518:Middlewares/ST/STM32_USB_Device_Library/Class/HID/Src/usbd_hid.c ****           }
 442              		.loc 1 518 30 view .LVU124
 443 00ec AB60     		str	r3, [r5, #8]
 444 00ee 0AE0     		b	.L23
 445              	.L35:
 522:Middlewares/ST/STM32_USB_Device_Library/Class/HID/Src/usbd_hid.c ****             ret = USBD_FAIL;
 446              		.loc 1 522 13 is_stmt 1 view .LVU125
 447 00f0 FFF7FEFF 		bl	USBD_CtlError
 448              	.LVL41:
ARM GAS  C:\Users\jonar\AppData\Local\Temp\cciTohkI.s 			page 22


 523:Middlewares/ST/STM32_USB_Device_Library/Class/HID/Src/usbd_hid.c ****           }
 449              		.loc 1 523 13 view .LVU126
 523:Middlewares/ST/STM32_USB_Device_Library/Class/HID/Src/usbd_hid.c ****           }
 450              		.loc 1 523 17 is_stmt 0 view .LVU127
 451 00f4 0224     		movs	r4, #2
 452 00f6 06E0     		b	.L23
 453              	.LVL42:
 454              	.L24:
 528:Middlewares/ST/STM32_USB_Device_Library/Class/HID/Src/usbd_hid.c ****           ret = USBD_FAIL;
 455              		.loc 1 528 11 is_stmt 1 view .LVU128
 456 00f8 FFF7FEFF 		bl	USBD_CtlError
 457              	.LVL43:
 529:Middlewares/ST/STM32_USB_Device_Library/Class/HID/Src/usbd_hid.c ****           break;
 458              		.loc 1 529 11 view .LVU129
 530:Middlewares/ST/STM32_USB_Device_Library/Class/HID/Src/usbd_hid.c ****       }
 459              		.loc 1 530 11 view .LVU130
 529:Middlewares/ST/STM32_USB_Device_Library/Class/HID/Src/usbd_hid.c ****           break;
 460              		.loc 1 529 15 is_stmt 0 view .LVU131
 461 00fc 0224     		movs	r4, #2
 530:Middlewares/ST/STM32_USB_Device_Library/Class/HID/Src/usbd_hid.c ****       }
 462              		.loc 1 530 11 view .LVU132
 463 00fe 02E0     		b	.L23
 464              	.LVL44:
 465              	.L16:
 535:Middlewares/ST/STM32_USB_Device_Library/Class/HID/Src/usbd_hid.c ****       ret = USBD_FAIL;
 466              		.loc 1 535 7 is_stmt 1 view .LVU133
 467 0100 FFF7FEFF 		bl	USBD_CtlError
 468              	.LVL45:
 536:Middlewares/ST/STM32_USB_Device_Library/Class/HID/Src/usbd_hid.c ****       break;
 469              		.loc 1 536 7 view .LVU134
 537:Middlewares/ST/STM32_USB_Device_Library/Class/HID/Src/usbd_hid.c ****   }
 470              		.loc 1 537 7 view .LVU135
 536:Middlewares/ST/STM32_USB_Device_Library/Class/HID/Src/usbd_hid.c ****       break;
 471              		.loc 1 536 11 is_stmt 0 view .LVU136
 472 0104 0224     		movs	r4, #2
 473              	.LVL46:
 474              	.L23:
 540:Middlewares/ST/STM32_USB_Device_Library/Class/HID/Src/usbd_hid.c **** }
 475              		.loc 1 540 3 is_stmt 1 view .LVU137
 541:Middlewares/ST/STM32_USB_Device_Library/Class/HID/Src/usbd_hid.c **** 
 476              		.loc 1 541 1 is_stmt 0 view .LVU138
 477 0106 2046     		mov	r0, r4
 478 0108 02B0     		add	sp, sp, #8
 479              	.LCFI2:
 480              		.cfi_def_cfa_offset 16
 481              		@ sp needed
 482 010a 70BD     		pop	{r4, r5, r6, pc}
 483              	.LVL47:
 484              	.L41:
 541:Middlewares/ST/STM32_USB_Device_Library/Class/HID/Src/usbd_hid.c **** 
 485              		.loc 1 541 1 view .LVU139
 486              		.align	2
 487              	.L40:
 488 010c 00000000 		.word	USBD_HID_Desc
 489 0110 00000000 		.word	HID_MOUSE_ReportDesc
 490              		.cfi_endproc
 491              	.LFE70:
ARM GAS  C:\Users\jonar\AppData\Local\Temp\cciTohkI.s 			page 23


 493              		.section	.text.USBD_HID_DeInit,"ax",%progbits
 494              		.align	1
 495              		.syntax unified
 496              		.thumb
 497              		.thumb_func
 499              	USBD_HID_DeInit:
 500              	.LVL48:
 501              	.LFB69:
 410:Middlewares/ST/STM32_USB_Device_Library/Class/HID/Src/usbd_hid.c ****   /* Close HID EPs */
 502              		.loc 1 410 1 is_stmt 1 view -0
 503              		.cfi_startproc
 504              		@ args = 0, pretend = 0, frame = 0
 505              		@ frame_needed = 0, uses_anonymous_args = 0
 410:Middlewares/ST/STM32_USB_Device_Library/Class/HID/Src/usbd_hid.c ****   /* Close HID EPs */
 506              		.loc 1 410 1 is_stmt 0 view .LVU141
 507 0000 10B5     		push	{r4, lr}
 508              	.LCFI3:
 509              		.cfi_def_cfa_offset 8
 510              		.cfi_offset 4, -8
 511              		.cfi_offset 14, -4
 512 0002 0446     		mov	r4, r0
 412:Middlewares/ST/STM32_USB_Device_Library/Class/HID/Src/usbd_hid.c ****   pdev->ep_in[HID_EPIN_ADDR & 0xFU].is_used = 0U;
 513              		.loc 1 412 3 is_stmt 1 view .LVU142
 514 0004 8121     		movs	r1, #129
 515              	.LVL49:
 412:Middlewares/ST/STM32_USB_Device_Library/Class/HID/Src/usbd_hid.c ****   pdev->ep_in[HID_EPIN_ADDR & 0xFU].is_used = 0U;
 516              		.loc 1 412 3 is_stmt 0 view .LVU143
 517 0006 FFF7FEFF 		bl	USBD_LL_CloseEP
 518              	.LVL50:
 413:Middlewares/ST/STM32_USB_Device_Library/Class/HID/Src/usbd_hid.c **** 
 519              		.loc 1 413 3 is_stmt 1 view .LVU144
 413:Middlewares/ST/STM32_USB_Device_Library/Class/HID/Src/usbd_hid.c **** 
 520              		.loc 1 413 45 is_stmt 0 view .LVU145
 521 000a 0023     		movs	r3, #0
 522 000c E362     		str	r3, [r4, #44]
 416:Middlewares/ST/STM32_USB_Device_Library/Class/HID/Src/usbd_hid.c ****   {
 523              		.loc 1 416 3 is_stmt 1 view .LVU146
 416:Middlewares/ST/STM32_USB_Device_Library/Class/HID/Src/usbd_hid.c ****   {
 524              		.loc 1 416 11 is_stmt 0 view .LVU147
 525 000e D4F8B802 		ldr	r0, [r4, #696]
 416:Middlewares/ST/STM32_USB_Device_Library/Class/HID/Src/usbd_hid.c ****   {
 526              		.loc 1 416 6 view .LVU148
 527 0012 20B1     		cbz	r0, .L43
 418:Middlewares/ST/STM32_USB_Device_Library/Class/HID/Src/usbd_hid.c ****     pdev->pClassData = NULL;
 528              		.loc 1 418 5 is_stmt 1 view .LVU149
 529 0014 FFF7FEFF 		bl	USBD_static_free
 530              	.LVL51:
 419:Middlewares/ST/STM32_USB_Device_Library/Class/HID/Src/usbd_hid.c ****   }
 531              		.loc 1 419 5 view .LVU150
 419:Middlewares/ST/STM32_USB_Device_Library/Class/HID/Src/usbd_hid.c ****   }
 532              		.loc 1 419 22 is_stmt 0 view .LVU151
 533 0018 0023     		movs	r3, #0
 534 001a C4F8B832 		str	r3, [r4, #696]
 535              	.L43:
 422:Middlewares/ST/STM32_USB_Device_Library/Class/HID/Src/usbd_hid.c **** }
 536              		.loc 1 422 3 is_stmt 1 view .LVU152
 423:Middlewares/ST/STM32_USB_Device_Library/Class/HID/Src/usbd_hid.c **** 
ARM GAS  C:\Users\jonar\AppData\Local\Temp\cciTohkI.s 			page 24


 537              		.loc 1 423 1 is_stmt 0 view .LVU153
 538 001e 0020     		movs	r0, #0
 539 0020 10BD     		pop	{r4, pc}
 423:Middlewares/ST/STM32_USB_Device_Library/Class/HID/Src/usbd_hid.c **** 
 540              		.loc 1 423 1 view .LVU154
 541              		.cfi_endproc
 542              	.LFE69:
 544              		.section	.text.USBD_HID_Init,"ax",%progbits
 545              		.align	1
 546              		.syntax unified
 547              		.thumb
 548              		.thumb_func
 550              	USBD_HID_Init:
 551              	.LVL52:
 552              	.LFB68:
 384:Middlewares/ST/STM32_USB_Device_Library/Class/HID/Src/usbd_hid.c ****   /* Open EP IN */
 553              		.loc 1 384 1 is_stmt 1 view -0
 554              		.cfi_startproc
 555              		@ args = 0, pretend = 0, frame = 0
 556              		@ frame_needed = 0, uses_anonymous_args = 0
 384:Middlewares/ST/STM32_USB_Device_Library/Class/HID/Src/usbd_hid.c ****   /* Open EP IN */
 557              		.loc 1 384 1 is_stmt 0 view .LVU156
 558 0000 10B5     		push	{r4, lr}
 559              	.LCFI4:
 560              		.cfi_def_cfa_offset 8
 561              		.cfi_offset 4, -8
 562              		.cfi_offset 14, -4
 563 0002 0446     		mov	r4, r0
 386:Middlewares/ST/STM32_USB_Device_Library/Class/HID/Src/usbd_hid.c ****   pdev->ep_in[HID_EPIN_ADDR & 0xFU].is_used = 1U;
 564              		.loc 1 386 3 is_stmt 1 view .LVU157
 565 0004 0423     		movs	r3, #4
 566 0006 0322     		movs	r2, #3
 567 0008 8121     		movs	r1, #129
 568              	.LVL53:
 386:Middlewares/ST/STM32_USB_Device_Library/Class/HID/Src/usbd_hid.c ****   pdev->ep_in[HID_EPIN_ADDR & 0xFU].is_used = 1U;
 569              		.loc 1 386 3 is_stmt 0 view .LVU158
 570 000a FFF7FEFF 		bl	USBD_LL_OpenEP
 571              	.LVL54:
 387:Middlewares/ST/STM32_USB_Device_Library/Class/HID/Src/usbd_hid.c **** 
 572              		.loc 1 387 3 is_stmt 1 view .LVU159
 387:Middlewares/ST/STM32_USB_Device_Library/Class/HID/Src/usbd_hid.c **** 
 573              		.loc 1 387 45 is_stmt 0 view .LVU160
 574 000e 0123     		movs	r3, #1
 575 0010 E362     		str	r3, [r4, #44]
 389:Middlewares/ST/STM32_USB_Device_Library/Class/HID/Src/usbd_hid.c **** 
 576              		.loc 1 389 3 is_stmt 1 view .LVU161
 389:Middlewares/ST/STM32_USB_Device_Library/Class/HID/Src/usbd_hid.c **** 
 577              		.loc 1 389 22 is_stmt 0 view .LVU162
 578 0012 1020     		movs	r0, #16
 579 0014 FFF7FEFF 		bl	USBD_static_malloc
 580              	.LVL55:
 389:Middlewares/ST/STM32_USB_Device_Library/Class/HID/Src/usbd_hid.c **** 
 581              		.loc 1 389 20 discriminator 1 view .LVU163
 582 0018 C4F8B802 		str	r0, [r4, #696]
 391:Middlewares/ST/STM32_USB_Device_Library/Class/HID/Src/usbd_hid.c ****   {
 583              		.loc 1 391 3 is_stmt 1 view .LVU164
 391:Middlewares/ST/STM32_USB_Device_Library/Class/HID/Src/usbd_hid.c ****   {
ARM GAS  C:\Users\jonar\AppData\Local\Temp\cciTohkI.s 			page 25


 584              		.loc 1 391 6 is_stmt 0 view .LVU165
 585 001c 18B1     		cbz	r0, .L47
 586 001e 0346     		mov	r3, r0
 396:Middlewares/ST/STM32_USB_Device_Library/Class/HID/Src/usbd_hid.c **** 
 587              		.loc 1 396 3 is_stmt 1 view .LVU166
 396:Middlewares/ST/STM32_USB_Device_Library/Class/HID/Src/usbd_hid.c **** 
 588              		.loc 1 396 55 is_stmt 0 view .LVU167
 589 0020 0020     		movs	r0, #0
 590 0022 1873     		strb	r0, [r3, #12]
 398:Middlewares/ST/STM32_USB_Device_Library/Class/HID/Src/usbd_hid.c **** }
 591              		.loc 1 398 3 is_stmt 1 view .LVU168
 592              	.L46:
 399:Middlewares/ST/STM32_USB_Device_Library/Class/HID/Src/usbd_hid.c **** 
 593              		.loc 1 399 1 is_stmt 0 view .LVU169
 594 0024 10BD     		pop	{r4, pc}
 595              	.LVL56:
 596              	.L47:
 393:Middlewares/ST/STM32_USB_Device_Library/Class/HID/Src/usbd_hid.c ****   }
 597              		.loc 1 393 12 view .LVU170
 598 0026 0220     		movs	r0, #2
 599 0028 FCE7     		b	.L46
 600              		.cfi_endproc
 601              	.LFE68:
 603              		.section	.text.USBD_HID_SendReport,"ax",%progbits
 604              		.align	1
 605              		.global	USBD_HID_SendReport
 606              		.syntax unified
 607              		.thumb
 608              		.thumb_func
 610              	USBD_HID_SendReport:
 611              	.LVL57:
 612              	.LFB71:
 553:Middlewares/ST/STM32_USB_Device_Library/Class/HID/Src/usbd_hid.c ****   USBD_HID_HandleTypeDef     *hhid = (USBD_HID_HandleTypeDef *)pdev->pClassData;
 613              		.loc 1 553 1 is_stmt 1 view -0
 614              		.cfi_startproc
 615              		@ args = 0, pretend = 0, frame = 0
 616              		@ frame_needed = 0, uses_anonymous_args = 0
 553:Middlewares/ST/STM32_USB_Device_Library/Class/HID/Src/usbd_hid.c ****   USBD_HID_HandleTypeDef     *hhid = (USBD_HID_HandleTypeDef *)pdev->pClassData;
 617              		.loc 1 553 1 is_stmt 0 view .LVU172
 618 0000 10B5     		push	{r4, lr}
 619              	.LCFI5:
 620              		.cfi_def_cfa_offset 8
 621              		.cfi_offset 4, -8
 622              		.cfi_offset 14, -4
 554:Middlewares/ST/STM32_USB_Device_Library/Class/HID/Src/usbd_hid.c **** 
 623              		.loc 1 554 3 is_stmt 1 view .LVU173
 554:Middlewares/ST/STM32_USB_Device_Library/Class/HID/Src/usbd_hid.c **** 
 624              		.loc 1 554 31 is_stmt 0 view .LVU174
 625 0002 D0F8B842 		ldr	r4, [r0, #696]
 626              	.LVL58:
 556:Middlewares/ST/STM32_USB_Device_Library/Class/HID/Src/usbd_hid.c ****   {
 627              		.loc 1 556 3 is_stmt 1 view .LVU175
 556:Middlewares/ST/STM32_USB_Device_Library/Class/HID/Src/usbd_hid.c ****   {
 628              		.loc 1 556 11 is_stmt 0 view .LVU176
 629 0006 90F89C32 		ldrb	r3, [r0, #668]	@ zero_extendqisi2
 556:Middlewares/ST/STM32_USB_Device_Library/Class/HID/Src/usbd_hid.c ****   {
 630              		.loc 1 556 6 view .LVU177
ARM GAS  C:\Users\jonar\AppData\Local\Temp\cciTohkI.s 			page 26


 631 000a 032B     		cmp	r3, #3
 632 000c 01D0     		beq	.L52
 633              	.LVL59:
 634              	.L50:
 567:Middlewares/ST/STM32_USB_Device_Library/Class/HID/Src/usbd_hid.c **** }
 635              		.loc 1 567 3 is_stmt 1 view .LVU178
 568:Middlewares/ST/STM32_USB_Device_Library/Class/HID/Src/usbd_hid.c **** 
 636              		.loc 1 568 1 is_stmt 0 view .LVU179
 637 000e 0020     		movs	r0, #0
 638 0010 10BD     		pop	{r4, pc}
 639              	.LVL60:
 640              	.L52:
 558:Middlewares/ST/STM32_USB_Device_Library/Class/HID/Src/usbd_hid.c ****     {
 641              		.loc 1 558 5 is_stmt 1 view .LVU180
 558:Middlewares/ST/STM32_USB_Device_Library/Class/HID/Src/usbd_hid.c ****     {
 642              		.loc 1 558 13 is_stmt 0 view .LVU181
 643 0012 237B     		ldrb	r3, [r4, #12]	@ zero_extendqisi2
 558:Middlewares/ST/STM32_USB_Device_Library/Class/HID/Src/usbd_hid.c ****     {
 644              		.loc 1 558 8 view .LVU182
 645 0014 002B     		cmp	r3, #0
 646 0016 FAD1     		bne	.L50
 560:Middlewares/ST/STM32_USB_Device_Library/Class/HID/Src/usbd_hid.c ****       USBD_LL_Transmit(pdev,
 647              		.loc 1 560 7 is_stmt 1 view .LVU183
 560:Middlewares/ST/STM32_USB_Device_Library/Class/HID/Src/usbd_hid.c ****       USBD_LL_Transmit(pdev,
 648              		.loc 1 560 19 is_stmt 0 view .LVU184
 649 0018 0123     		movs	r3, #1
 650 001a 2373     		strb	r3, [r4, #12]
 561:Middlewares/ST/STM32_USB_Device_Library/Class/HID/Src/usbd_hid.c ****                        HID_EPIN_ADDR,
 651              		.loc 1 561 7 is_stmt 1 view .LVU185
 652 001c 1346     		mov	r3, r2
 653 001e 0A46     		mov	r2, r1
 654              	.LVL61:
 561:Middlewares/ST/STM32_USB_Device_Library/Class/HID/Src/usbd_hid.c ****                        HID_EPIN_ADDR,
 655              		.loc 1 561 7 is_stmt 0 view .LVU186
 656 0020 8121     		movs	r1, #129
 657              	.LVL62:
 561:Middlewares/ST/STM32_USB_Device_Library/Class/HID/Src/usbd_hid.c ****                        HID_EPIN_ADDR,
 658              		.loc 1 561 7 view .LVU187
 659 0022 FFF7FEFF 		bl	USBD_LL_Transmit
 660              	.LVL63:
 561:Middlewares/ST/STM32_USB_Device_Library/Class/HID/Src/usbd_hid.c ****                        HID_EPIN_ADDR,
 661              		.loc 1 561 7 view .LVU188
 662 0026 F2E7     		b	.L50
 663              		.cfi_endproc
 664              	.LFE71:
 666              		.section	.text.USBD_HID_GetPollingInterval,"ax",%progbits
 667              		.align	1
 668              		.global	USBD_HID_GetPollingInterval
 669              		.syntax unified
 670              		.thumb
 671              		.thumb_func
 673              	USBD_HID_GetPollingInterval:
 674              	.LVL64:
 675              	.LFB72:
 577:Middlewares/ST/STM32_USB_Device_Library/Class/HID/Src/usbd_hid.c ****   uint32_t polling_interval = 0U;
 676              		.loc 1 577 1 is_stmt 1 view -0
 677              		.cfi_startproc
ARM GAS  C:\Users\jonar\AppData\Local\Temp\cciTohkI.s 			page 27


 678              		@ args = 0, pretend = 0, frame = 0
 679              		@ frame_needed = 0, uses_anonymous_args = 0
 680              		@ link register save eliminated.
 578:Middlewares/ST/STM32_USB_Device_Library/Class/HID/Src/usbd_hid.c **** 
 681              		.loc 1 578 3 view .LVU190
 581:Middlewares/ST/STM32_USB_Device_Library/Class/HID/Src/usbd_hid.c ****   {
 682              		.loc 1 581 3 view .LVU191
 581:Middlewares/ST/STM32_USB_Device_Library/Class/HID/Src/usbd_hid.c ****   {
 683              		.loc 1 581 11 is_stmt 0 view .LVU192
 684 0000 037C     		ldrb	r3, [r0, #16]	@ zero_extendqisi2
 581:Middlewares/ST/STM32_USB_Device_Library/Class/HID/Src/usbd_hid.c ****   {
 685              		.loc 1 581 6 view .LVU193
 686 0002 0BB1     		cbz	r3, .L56
 592:Middlewares/ST/STM32_USB_Device_Library/Class/HID/Src/usbd_hid.c ****   }
 687              		.loc 1 592 22 view .LVU194
 688 0004 0120     		movs	r0, #1
 689              	.LVL65:
 595:Middlewares/ST/STM32_USB_Device_Library/Class/HID/Src/usbd_hid.c **** }
 690              		.loc 1 595 3 is_stmt 1 view .LVU195
 596:Middlewares/ST/STM32_USB_Device_Library/Class/HID/Src/usbd_hid.c **** 
 691              		.loc 1 596 1 is_stmt 0 view .LVU196
 692 0006 7047     		bx	lr
 693              	.LVL66:
 694              	.L56:
 586:Middlewares/ST/STM32_USB_Device_Library/Class/HID/Src/usbd_hid.c ****   }
 695              		.loc 1 586 22 view .LVU197
 696 0008 0820     		movs	r0, #8
 697              	.LVL67:
 586:Middlewares/ST/STM32_USB_Device_Library/Class/HID/Src/usbd_hid.c ****   }
 698              		.loc 1 586 22 view .LVU198
 699 000a 7047     		bx	lr
 700              		.cfi_endproc
 701              	.LFE72:
 703              		.section	.data.HID_MOUSE_ReportDesc,"aw"
 704              		.align	2
 707              	HID_MOUSE_ReportDesc:
 708 0000 05010902 		.ascii	"\005\001\011\002\241\001\011\001\241\000\005\011\031"
 708      A1010901 
 708      A1000509 
 708      19
 709 000d 01290315 		.ascii	"\001)\003\025\000%\001\225\003u\001\201\002\225\001"
 709      00250195 
 709      03750181 
 709      029501
 710 001c 75058101 		.ascii	"u\005\201\001\005\001\0110\0111\0118\025\201%\177u\010"
 710      05010930 
 710      09310938 
 710      1581257F 
 710      7508
 711 002e 95038106 		.ascii	"\225\003\201\006\300\011<\005\377\011\001\025\000%\001"
 711      C0093C05 
 711      FF090115 
 711      002501
 712 003d 75019502 		.ascii	"u\001\225\002\261\"u\006\225\001\261\001\300"
 712      B1227506 
 712      9501B101 
 712      C0
ARM GAS  C:\Users\jonar\AppData\Local\Temp\cciTohkI.s 			page 28


 713              		.section	.data.USBD_HID_DeviceQualifierDesc,"aw"
 714              		.align	2
 717              	USBD_HID_DeviceQualifierDesc:
 718 0000 0A060002 		.ascii	"\012\006\000\002\000\000\000@\001\000"
 718      00000040 
 718      0100
 719              		.section	.data.USBD_HID_Desc,"aw"
 720              		.align	2
 723              	USBD_HID_Desc:
 724 0000 09211101 		.ascii	"\011!\021\001\000\001\"J\000"
 724      0001224A 
 724      00
 725              		.section	.data.USBD_HID_OtherSpeedCfgDesc,"aw"
 726              		.align	2
 729              	USBD_HID_OtherSpeedCfgDesc:
 730 0000 09022200 		.ascii	"\011\002\"\000\001\001\000\3402\011\004\000\000\001"
 730      010100E0 
 730      32090400 
 730      0001
 731 000e 03010200 		.ascii	"\003\001\002\000\011!\021\001\000\001\"J\000\007\005"
 731      09211101 
 731      0001224A 
 731      000705
 732 001d 81030400 		.ascii	"\201\003\004\000\001"
 732      01
 733              		.section	.data.USBD_HID_CfgHSDesc,"aw"
 734              		.align	2
 737              	USBD_HID_CfgHSDesc:
 738 0000 09022200 		.ascii	"\011\002\"\000\001\001\000\3402\011\004\000\000\001"
 738      010100E0 
 738      32090400 
 738      0001
 739 000e 03010200 		.ascii	"\003\001\002\000\011!\021\001\000\001\"J\000\007\005"
 739      09211101 
 739      0001224A 
 739      000705
 740 001d 81030400 		.ascii	"\201\003\004\000\007"
 740      07
 741              		.section	.data.USBD_HID_CfgFSDesc,"aw"
 742              		.align	2
 745              	USBD_HID_CfgFSDesc:
 746 0000 09022200 		.ascii	"\011\002\"\000\001\001\000\3402\011\004\000\000\001"
 746      010100E0 
 746      32090400 
 746      0001
 747 000e 03010200 		.ascii	"\003\001\002\000\011!\021\001\000\001\"J\000\007\005"
 747      09211101 
 747      0001224A 
 747      000705
 748 001d 81030400 		.ascii	"\201\003\004\000\001"
 748      01
 749              		.global	USBD_HID
 750              		.section	.data.USBD_HID,"aw"
 751              		.align	2
 754              	USBD_HID:
 755 0000 00000000 		.word	USBD_HID_Init
 756 0004 00000000 		.word	USBD_HID_DeInit
ARM GAS  C:\Users\jonar\AppData\Local\Temp\cciTohkI.s 			page 29


 757 0008 00000000 		.word	USBD_HID_Setup
 758 000c 00000000 		.word	0
 759 0010 00000000 		.word	0
 760 0014 00000000 		.word	USBD_HID_DataIn
 761 0018 00000000 		.word	0
 762 001c 00000000 		.word	0
 763 0020 00000000 		.word	0
 764 0024 00000000 		.word	0
 765 0028 00000000 		.word	USBD_HID_GetHSCfgDesc
 766 002c 00000000 		.word	USBD_HID_GetFSCfgDesc
 767 0030 00000000 		.word	USBD_HID_GetOtherSpeedCfgDesc
 768 0034 00000000 		.word	USBD_HID_GetDeviceQualifierDesc
 769              		.text
 770              	.Letext0:
 771              		.file 2 "C:/msys64/mingw64/arm-none-eabi/include/machine/_default_types.h"
 772              		.file 3 "C:/msys64/mingw64/arm-none-eabi/include/sys/_stdint.h"
 773              		.file 4 "Middlewares/ST/STM32_USB_Device_Library/Core/Inc/usbd_def.h"
 774              		.file 5 "Middlewares/ST/STM32_USB_Device_Library/Class/HID/Inc/usbd_hid.h"
 775              		.file 6 "Middlewares/ST/STM32_USB_Device_Library/Core/Inc/usbd_core.h"
 776              		.file 7 "USB_DEVICE/Target/usbd_conf.h"
 777              		.file 8 "Middlewares/ST/STM32_USB_Device_Library/Core/Inc/usbd_ctlreq.h"
 778              		.file 9 "Middlewares/ST/STM32_USB_Device_Library/Core/Inc/usbd_ioreq.h"
ARM GAS  C:\Users\jonar\AppData\Local\Temp\cciTohkI.s 			page 30


DEFINED SYMBOLS
                            *ABS*:00000000 usbd_hid.c
C:\Users\jonar\AppData\Local\Temp\cciTohkI.s:19     .text.USBD_HID_GetFSCfgDesc:00000000 $t
C:\Users\jonar\AppData\Local\Temp\cciTohkI.s:24     .text.USBD_HID_GetFSCfgDesc:00000000 USBD_HID_GetFSCfgDesc
C:\Users\jonar\AppData\Local\Temp\cciTohkI.s:45     .text.USBD_HID_GetFSCfgDesc:00000008 $d
C:\Users\jonar\AppData\Local\Temp\cciTohkI.s:745    .data.USBD_HID_CfgFSDesc:00000000 USBD_HID_CfgFSDesc
C:\Users\jonar\AppData\Local\Temp\cciTohkI.s:50     .text.USBD_HID_GetHSCfgDesc:00000000 $t
C:\Users\jonar\AppData\Local\Temp\cciTohkI.s:55     .text.USBD_HID_GetHSCfgDesc:00000000 USBD_HID_GetHSCfgDesc
C:\Users\jonar\AppData\Local\Temp\cciTohkI.s:76     .text.USBD_HID_GetHSCfgDesc:00000008 $d
C:\Users\jonar\AppData\Local\Temp\cciTohkI.s:737    .data.USBD_HID_CfgHSDesc:00000000 USBD_HID_CfgHSDesc
C:\Users\jonar\AppData\Local\Temp\cciTohkI.s:81     .text.USBD_HID_GetOtherSpeedCfgDesc:00000000 $t
C:\Users\jonar\AppData\Local\Temp\cciTohkI.s:86     .text.USBD_HID_GetOtherSpeedCfgDesc:00000000 USBD_HID_GetOtherSpeedCfgDesc
C:\Users\jonar\AppData\Local\Temp\cciTohkI.s:107    .text.USBD_HID_GetOtherSpeedCfgDesc:00000008 $d
C:\Users\jonar\AppData\Local\Temp\cciTohkI.s:729    .data.USBD_HID_OtherSpeedCfgDesc:00000000 USBD_HID_OtherSpeedCfgDesc
C:\Users\jonar\AppData\Local\Temp\cciTohkI.s:112    .text.USBD_HID_DataIn:00000000 $t
C:\Users\jonar\AppData\Local\Temp\cciTohkI.s:117    .text.USBD_HID_DataIn:00000000 USBD_HID_DataIn
C:\Users\jonar\AppData\Local\Temp\cciTohkI.s:140    .text.USBD_HID_GetDeviceQualifierDesc:00000000 $t
C:\Users\jonar\AppData\Local\Temp\cciTohkI.s:145    .text.USBD_HID_GetDeviceQualifierDesc:00000000 USBD_HID_GetDeviceQualifierDesc
C:\Users\jonar\AppData\Local\Temp\cciTohkI.s:166    .text.USBD_HID_GetDeviceQualifierDesc:00000008 $d
C:\Users\jonar\AppData\Local\Temp\cciTohkI.s:717    .data.USBD_HID_DeviceQualifierDesc:00000000 USBD_HID_DeviceQualifierDesc
C:\Users\jonar\AppData\Local\Temp\cciTohkI.s:171    .text.USBD_HID_Setup:00000000 $t
C:\Users\jonar\AppData\Local\Temp\cciTohkI.s:176    .text.USBD_HID_Setup:00000000 USBD_HID_Setup
C:\Users\jonar\AppData\Local\Temp\cciTohkI.s:223    .text.USBD_HID_Setup:00000026 $d
C:\Users\jonar\AppData\Local\Temp\cciTohkI.s:233    .text.USBD_HID_Setup:00000030 $t
C:\Users\jonar\AppData\Local\Temp\cciTohkI.s:306    .text.USBD_HID_Setup:0000006c $d
C:\Users\jonar\AppData\Local\Temp\cciTohkI.s:318    .text.USBD_HID_Setup:00000078 $t
C:\Users\jonar\AppData\Local\Temp\cciTohkI.s:488    .text.USBD_HID_Setup:0000010c $d
C:\Users\jonar\AppData\Local\Temp\cciTohkI.s:723    .data.USBD_HID_Desc:00000000 USBD_HID_Desc
C:\Users\jonar\AppData\Local\Temp\cciTohkI.s:707    .data.HID_MOUSE_ReportDesc:00000000 HID_MOUSE_ReportDesc
C:\Users\jonar\AppData\Local\Temp\cciTohkI.s:494    .text.USBD_HID_DeInit:00000000 $t
C:\Users\jonar\AppData\Local\Temp\cciTohkI.s:499    .text.USBD_HID_DeInit:00000000 USBD_HID_DeInit
C:\Users\jonar\AppData\Local\Temp\cciTohkI.s:545    .text.USBD_HID_Init:00000000 $t
C:\Users\jonar\AppData\Local\Temp\cciTohkI.s:550    .text.USBD_HID_Init:00000000 USBD_HID_Init
C:\Users\jonar\AppData\Local\Temp\cciTohkI.s:604    .text.USBD_HID_SendReport:00000000 $t
C:\Users\jonar\AppData\Local\Temp\cciTohkI.s:610    .text.USBD_HID_SendReport:00000000 USBD_HID_SendReport
C:\Users\jonar\AppData\Local\Temp\cciTohkI.s:667    .text.USBD_HID_GetPollingInterval:00000000 $t
C:\Users\jonar\AppData\Local\Temp\cciTohkI.s:673    .text.USBD_HID_GetPollingInterval:00000000 USBD_HID_GetPollingInterval
C:\Users\jonar\AppData\Local\Temp\cciTohkI.s:704    .data.HID_MOUSE_ReportDesc:00000000 $d
C:\Users\jonar\AppData\Local\Temp\cciTohkI.s:714    .data.USBD_HID_DeviceQualifierDesc:00000000 $d
C:\Users\jonar\AppData\Local\Temp\cciTohkI.s:720    .data.USBD_HID_Desc:00000000 $d
C:\Users\jonar\AppData\Local\Temp\cciTohkI.s:726    .data.USBD_HID_OtherSpeedCfgDesc:00000000 $d
C:\Users\jonar\AppData\Local\Temp\cciTohkI.s:734    .data.USBD_HID_CfgHSDesc:00000000 $d
C:\Users\jonar\AppData\Local\Temp\cciTohkI.s:742    .data.USBD_HID_CfgFSDesc:00000000 $d
C:\Users\jonar\AppData\Local\Temp\cciTohkI.s:754    .data.USBD_HID:00000000 USBD_HID
C:\Users\jonar\AppData\Local\Temp\cciTohkI.s:751    .data.USBD_HID:00000000 $d

UNDEFINED SYMBOLS
USBD_CtlSendData
USBD_CtlError
USBD_LL_CloseEP
USBD_static_free
USBD_LL_OpenEP
USBD_static_malloc
USBD_LL_Transmit
