ARM GAS  C:\Users\jonar\AppData\Local\Temp\ccm7wO9b.s 			page 1


   1              		.cpu cortex-m3
   2              		.arch armv7-m
   3              		.fpu softvfp
   4              		.eabi_attribute 20, 1
   5              		.eabi_attribute 21, 1
   6              		.eabi_attribute 23, 3
   7              		.eabi_attribute 24, 1
   8              		.eabi_attribute 25, 1
   9              		.eabi_attribute 26, 1
  10              		.eabi_attribute 30, 1
  11              		.eabi_attribute 34, 1
  12              		.eabi_attribute 18, 4
  13              		.file	"usbd_customhid.c"
  14              		.text
  15              	.Ltext0:
  16              		.cfi_sections	.debug_frame
  17              		.file 1 "Middlewares/ST/STM32_USB_Device_Library/Class/CustomHID/Src/usbd_customhid.c"
  18              		.section	.text.USBD_CUSTOM_HID_GetFSCfgDesc,"ax",%progbits
  19              		.align	1
  20              		.syntax unified
  21              		.thumb
  22              		.thumb_func
  24              	USBD_CUSTOM_HID_GetFSCfgDesc:
  25              	.LVL0:
  26              	.LFB72:
   1:Middlewares/ST/STM32_USB_Device_Library/Class/CustomHID/Src/usbd_customhid.c **** /**
   2:Middlewares/ST/STM32_USB_Device_Library/Class/CustomHID/Src/usbd_customhid.c ****   ******************************************************************************
   3:Middlewares/ST/STM32_USB_Device_Library/Class/CustomHID/Src/usbd_customhid.c ****   * @file    usbd_customhid.c
   4:Middlewares/ST/STM32_USB_Device_Library/Class/CustomHID/Src/usbd_customhid.c ****   * @author  MCD Application Team
   5:Middlewares/ST/STM32_USB_Device_Library/Class/CustomHID/Src/usbd_customhid.c ****   * @brief   This file provides the CUSTOM_HID core functions.
   6:Middlewares/ST/STM32_USB_Device_Library/Class/CustomHID/Src/usbd_customhid.c ****   *
   7:Middlewares/ST/STM32_USB_Device_Library/Class/CustomHID/Src/usbd_customhid.c ****   * @verbatim
   8:Middlewares/ST/STM32_USB_Device_Library/Class/CustomHID/Src/usbd_customhid.c ****   *
   9:Middlewares/ST/STM32_USB_Device_Library/Class/CustomHID/Src/usbd_customhid.c ****   *          ===================================================================
  10:Middlewares/ST/STM32_USB_Device_Library/Class/CustomHID/Src/usbd_customhid.c ****   *                                CUSTOM_HID Class  Description
  11:Middlewares/ST/STM32_USB_Device_Library/Class/CustomHID/Src/usbd_customhid.c ****   *          ===================================================================
  12:Middlewares/ST/STM32_USB_Device_Library/Class/CustomHID/Src/usbd_customhid.c ****   *           This module manages the CUSTOM_HID class V1.11 following the "Device Class Definition
  13:Middlewares/ST/STM32_USB_Device_Library/Class/CustomHID/Src/usbd_customhid.c ****   *           for Human Interface Devices (CUSTOM_HID) Version 1.11 Jun 27, 2001".
  14:Middlewares/ST/STM32_USB_Device_Library/Class/CustomHID/Src/usbd_customhid.c ****   *           This driver implements the following aspects of the specification:
  15:Middlewares/ST/STM32_USB_Device_Library/Class/CustomHID/Src/usbd_customhid.c ****   *             - The Boot Interface Subclass
  16:Middlewares/ST/STM32_USB_Device_Library/Class/CustomHID/Src/usbd_customhid.c ****   *             - Usage Page : Generic Desktop
  17:Middlewares/ST/STM32_USB_Device_Library/Class/CustomHID/Src/usbd_customhid.c ****   *             - Usage : Vendor
  18:Middlewares/ST/STM32_USB_Device_Library/Class/CustomHID/Src/usbd_customhid.c ****   *             - Collection : Application
  19:Middlewares/ST/STM32_USB_Device_Library/Class/CustomHID/Src/usbd_customhid.c ****   *
  20:Middlewares/ST/STM32_USB_Device_Library/Class/CustomHID/Src/usbd_customhid.c ****   * @note     In HS mode and when the DMA is used, all variables and data structures
  21:Middlewares/ST/STM32_USB_Device_Library/Class/CustomHID/Src/usbd_customhid.c ****   *           dealing with the DMA during the transaction process should be 32-bit aligned.
  22:Middlewares/ST/STM32_USB_Device_Library/Class/CustomHID/Src/usbd_customhid.c ****   *
  23:Middlewares/ST/STM32_USB_Device_Library/Class/CustomHID/Src/usbd_customhid.c ****   *
  24:Middlewares/ST/STM32_USB_Device_Library/Class/CustomHID/Src/usbd_customhid.c ****   *  @endverbatim
  25:Middlewares/ST/STM32_USB_Device_Library/Class/CustomHID/Src/usbd_customhid.c ****   *
  26:Middlewares/ST/STM32_USB_Device_Library/Class/CustomHID/Src/usbd_customhid.c ****   ******************************************************************************
  27:Middlewares/ST/STM32_USB_Device_Library/Class/CustomHID/Src/usbd_customhid.c ****   * @attention
  28:Middlewares/ST/STM32_USB_Device_Library/Class/CustomHID/Src/usbd_customhid.c ****   *
  29:Middlewares/ST/STM32_USB_Device_Library/Class/CustomHID/Src/usbd_customhid.c ****   * <h2><center>&copy; Copyright (c) 2015 STMicroelectronics.
  30:Middlewares/ST/STM32_USB_Device_Library/Class/CustomHID/Src/usbd_customhid.c ****   * All rights reserved.</center></h2>
  31:Middlewares/ST/STM32_USB_Device_Library/Class/CustomHID/Src/usbd_customhid.c ****   *
  32:Middlewares/ST/STM32_USB_Device_Library/Class/CustomHID/Src/usbd_customhid.c ****   * This software component is licensed by ST under Ultimate Liberty license
ARM GAS  C:\Users\jonar\AppData\Local\Temp\ccm7wO9b.s 			page 2


  33:Middlewares/ST/STM32_USB_Device_Library/Class/CustomHID/Src/usbd_customhid.c ****   * SLA0044, the "License"; You may not use this file except in compliance with
  34:Middlewares/ST/STM32_USB_Device_Library/Class/CustomHID/Src/usbd_customhid.c ****   * the License. You may obtain a copy of the License at:
  35:Middlewares/ST/STM32_USB_Device_Library/Class/CustomHID/Src/usbd_customhid.c ****   *                      www.st.com/SLA0044
  36:Middlewares/ST/STM32_USB_Device_Library/Class/CustomHID/Src/usbd_customhid.c ****   *
  37:Middlewares/ST/STM32_USB_Device_Library/Class/CustomHID/Src/usbd_customhid.c ****   ******************************************************************************
  38:Middlewares/ST/STM32_USB_Device_Library/Class/CustomHID/Src/usbd_customhid.c ****   */
  39:Middlewares/ST/STM32_USB_Device_Library/Class/CustomHID/Src/usbd_customhid.c **** 
  40:Middlewares/ST/STM32_USB_Device_Library/Class/CustomHID/Src/usbd_customhid.c **** /* BSPDependencies
  41:Middlewares/ST/STM32_USB_Device_Library/Class/CustomHID/Src/usbd_customhid.c **** - "stm32xxxxx_{eval}{discovery}{nucleo_144}.c"
  42:Middlewares/ST/STM32_USB_Device_Library/Class/CustomHID/Src/usbd_customhid.c **** - "stm32xxxxx_{eval}{discovery}_io.c"
  43:Middlewares/ST/STM32_USB_Device_Library/Class/CustomHID/Src/usbd_customhid.c **** EndBSPDependencies */
  44:Middlewares/ST/STM32_USB_Device_Library/Class/CustomHID/Src/usbd_customhid.c **** 
  45:Middlewares/ST/STM32_USB_Device_Library/Class/CustomHID/Src/usbd_customhid.c **** /* Includes ------------------------------------------------------------------*/
  46:Middlewares/ST/STM32_USB_Device_Library/Class/CustomHID/Src/usbd_customhid.c **** #include "usbd_customhid.h"
  47:Middlewares/ST/STM32_USB_Device_Library/Class/CustomHID/Src/usbd_customhid.c **** #include "usbd_ctlreq.h"
  48:Middlewares/ST/STM32_USB_Device_Library/Class/CustomHID/Src/usbd_customhid.c **** 
  49:Middlewares/ST/STM32_USB_Device_Library/Class/CustomHID/Src/usbd_customhid.c **** 
  50:Middlewares/ST/STM32_USB_Device_Library/Class/CustomHID/Src/usbd_customhid.c **** /** @addtogroup STM32_USB_DEVICE_LIBRARY
  51:Middlewares/ST/STM32_USB_Device_Library/Class/CustomHID/Src/usbd_customhid.c ****   * @{
  52:Middlewares/ST/STM32_USB_Device_Library/Class/CustomHID/Src/usbd_customhid.c ****   */
  53:Middlewares/ST/STM32_USB_Device_Library/Class/CustomHID/Src/usbd_customhid.c **** 
  54:Middlewares/ST/STM32_USB_Device_Library/Class/CustomHID/Src/usbd_customhid.c **** 
  55:Middlewares/ST/STM32_USB_Device_Library/Class/CustomHID/Src/usbd_customhid.c **** /** @defgroup USBD_CUSTOM_HID
  56:Middlewares/ST/STM32_USB_Device_Library/Class/CustomHID/Src/usbd_customhid.c ****   * @brief usbd core module
  57:Middlewares/ST/STM32_USB_Device_Library/Class/CustomHID/Src/usbd_customhid.c ****   * @{
  58:Middlewares/ST/STM32_USB_Device_Library/Class/CustomHID/Src/usbd_customhid.c ****   */
  59:Middlewares/ST/STM32_USB_Device_Library/Class/CustomHID/Src/usbd_customhid.c **** 
  60:Middlewares/ST/STM32_USB_Device_Library/Class/CustomHID/Src/usbd_customhid.c **** /** @defgroup USBD_CUSTOM_HID_Private_TypesDefinitions
  61:Middlewares/ST/STM32_USB_Device_Library/Class/CustomHID/Src/usbd_customhid.c ****   * @{
  62:Middlewares/ST/STM32_USB_Device_Library/Class/CustomHID/Src/usbd_customhid.c ****   */
  63:Middlewares/ST/STM32_USB_Device_Library/Class/CustomHID/Src/usbd_customhid.c **** /**
  64:Middlewares/ST/STM32_USB_Device_Library/Class/CustomHID/Src/usbd_customhid.c ****   * @}
  65:Middlewares/ST/STM32_USB_Device_Library/Class/CustomHID/Src/usbd_customhid.c ****   */
  66:Middlewares/ST/STM32_USB_Device_Library/Class/CustomHID/Src/usbd_customhid.c **** 
  67:Middlewares/ST/STM32_USB_Device_Library/Class/CustomHID/Src/usbd_customhid.c **** 
  68:Middlewares/ST/STM32_USB_Device_Library/Class/CustomHID/Src/usbd_customhid.c **** /** @defgroup USBD_CUSTOM_HID_Private_Defines
  69:Middlewares/ST/STM32_USB_Device_Library/Class/CustomHID/Src/usbd_customhid.c ****   * @{
  70:Middlewares/ST/STM32_USB_Device_Library/Class/CustomHID/Src/usbd_customhid.c ****   */
  71:Middlewares/ST/STM32_USB_Device_Library/Class/CustomHID/Src/usbd_customhid.c **** 
  72:Middlewares/ST/STM32_USB_Device_Library/Class/CustomHID/Src/usbd_customhid.c **** /**
  73:Middlewares/ST/STM32_USB_Device_Library/Class/CustomHID/Src/usbd_customhid.c ****   * @}
  74:Middlewares/ST/STM32_USB_Device_Library/Class/CustomHID/Src/usbd_customhid.c ****   */
  75:Middlewares/ST/STM32_USB_Device_Library/Class/CustomHID/Src/usbd_customhid.c **** 
  76:Middlewares/ST/STM32_USB_Device_Library/Class/CustomHID/Src/usbd_customhid.c **** 
  77:Middlewares/ST/STM32_USB_Device_Library/Class/CustomHID/Src/usbd_customhid.c **** /** @defgroup USBD_CUSTOM_HID_Private_Macros
  78:Middlewares/ST/STM32_USB_Device_Library/Class/CustomHID/Src/usbd_customhid.c ****   * @{
  79:Middlewares/ST/STM32_USB_Device_Library/Class/CustomHID/Src/usbd_customhid.c ****   */
  80:Middlewares/ST/STM32_USB_Device_Library/Class/CustomHID/Src/usbd_customhid.c **** /**
  81:Middlewares/ST/STM32_USB_Device_Library/Class/CustomHID/Src/usbd_customhid.c ****   * @}
  82:Middlewares/ST/STM32_USB_Device_Library/Class/CustomHID/Src/usbd_customhid.c ****   */
  83:Middlewares/ST/STM32_USB_Device_Library/Class/CustomHID/Src/usbd_customhid.c **** /** @defgroup USBD_CUSTOM_HID_Private_FunctionPrototypes
  84:Middlewares/ST/STM32_USB_Device_Library/Class/CustomHID/Src/usbd_customhid.c ****   * @{
  85:Middlewares/ST/STM32_USB_Device_Library/Class/CustomHID/Src/usbd_customhid.c ****   */
  86:Middlewares/ST/STM32_USB_Device_Library/Class/CustomHID/Src/usbd_customhid.c **** 
  87:Middlewares/ST/STM32_USB_Device_Library/Class/CustomHID/Src/usbd_customhid.c **** 
  88:Middlewares/ST/STM32_USB_Device_Library/Class/CustomHID/Src/usbd_customhid.c **** static uint8_t  USBD_CUSTOM_HID_Init(USBD_HandleTypeDef *pdev,
  89:Middlewares/ST/STM32_USB_Device_Library/Class/CustomHID/Src/usbd_customhid.c ****                                      uint8_t cfgidx);
ARM GAS  C:\Users\jonar\AppData\Local\Temp\ccm7wO9b.s 			page 3


  90:Middlewares/ST/STM32_USB_Device_Library/Class/CustomHID/Src/usbd_customhid.c **** 
  91:Middlewares/ST/STM32_USB_Device_Library/Class/CustomHID/Src/usbd_customhid.c **** static uint8_t  USBD_CUSTOM_HID_DeInit(USBD_HandleTypeDef *pdev,
  92:Middlewares/ST/STM32_USB_Device_Library/Class/CustomHID/Src/usbd_customhid.c ****                                        uint8_t cfgidx);
  93:Middlewares/ST/STM32_USB_Device_Library/Class/CustomHID/Src/usbd_customhid.c **** 
  94:Middlewares/ST/STM32_USB_Device_Library/Class/CustomHID/Src/usbd_customhid.c **** static uint8_t  USBD_CUSTOM_HID_Setup(USBD_HandleTypeDef *pdev,
  95:Middlewares/ST/STM32_USB_Device_Library/Class/CustomHID/Src/usbd_customhid.c ****                                       USBD_SetupReqTypedef *req);
  96:Middlewares/ST/STM32_USB_Device_Library/Class/CustomHID/Src/usbd_customhid.c **** 
  97:Middlewares/ST/STM32_USB_Device_Library/Class/CustomHID/Src/usbd_customhid.c **** static uint8_t  *USBD_CUSTOM_HID_GetFSCfgDesc(uint16_t *length);
  98:Middlewares/ST/STM32_USB_Device_Library/Class/CustomHID/Src/usbd_customhid.c **** 
  99:Middlewares/ST/STM32_USB_Device_Library/Class/CustomHID/Src/usbd_customhid.c **** static uint8_t  *USBD_CUSTOM_HID_GetHSCfgDesc(uint16_t *length);
 100:Middlewares/ST/STM32_USB_Device_Library/Class/CustomHID/Src/usbd_customhid.c **** 
 101:Middlewares/ST/STM32_USB_Device_Library/Class/CustomHID/Src/usbd_customhid.c **** static uint8_t  *USBD_CUSTOM_HID_GetOtherSpeedCfgDesc(uint16_t *length);
 102:Middlewares/ST/STM32_USB_Device_Library/Class/CustomHID/Src/usbd_customhid.c **** 
 103:Middlewares/ST/STM32_USB_Device_Library/Class/CustomHID/Src/usbd_customhid.c **** static uint8_t  *USBD_CUSTOM_HID_GetDeviceQualifierDesc(uint16_t *length);
 104:Middlewares/ST/STM32_USB_Device_Library/Class/CustomHID/Src/usbd_customhid.c **** 
 105:Middlewares/ST/STM32_USB_Device_Library/Class/CustomHID/Src/usbd_customhid.c **** static uint8_t  USBD_CUSTOM_HID_DataIn(USBD_HandleTypeDef *pdev, uint8_t epnum);
 106:Middlewares/ST/STM32_USB_Device_Library/Class/CustomHID/Src/usbd_customhid.c **** 
 107:Middlewares/ST/STM32_USB_Device_Library/Class/CustomHID/Src/usbd_customhid.c **** static uint8_t  USBD_CUSTOM_HID_DataOut(USBD_HandleTypeDef *pdev, uint8_t epnum);
 108:Middlewares/ST/STM32_USB_Device_Library/Class/CustomHID/Src/usbd_customhid.c **** static uint8_t  USBD_CUSTOM_HID_EP0_RxReady(USBD_HandleTypeDef  *pdev);
 109:Middlewares/ST/STM32_USB_Device_Library/Class/CustomHID/Src/usbd_customhid.c **** /**
 110:Middlewares/ST/STM32_USB_Device_Library/Class/CustomHID/Src/usbd_customhid.c ****   * @}
 111:Middlewares/ST/STM32_USB_Device_Library/Class/CustomHID/Src/usbd_customhid.c ****   */
 112:Middlewares/ST/STM32_USB_Device_Library/Class/CustomHID/Src/usbd_customhid.c **** 
 113:Middlewares/ST/STM32_USB_Device_Library/Class/CustomHID/Src/usbd_customhid.c **** /** @defgroup USBD_CUSTOM_HID_Private_Variables
 114:Middlewares/ST/STM32_USB_Device_Library/Class/CustomHID/Src/usbd_customhid.c ****   * @{
 115:Middlewares/ST/STM32_USB_Device_Library/Class/CustomHID/Src/usbd_customhid.c ****   */
 116:Middlewares/ST/STM32_USB_Device_Library/Class/CustomHID/Src/usbd_customhid.c **** 
 117:Middlewares/ST/STM32_USB_Device_Library/Class/CustomHID/Src/usbd_customhid.c **** USBD_ClassTypeDef  USBD_CUSTOM_HID =
 118:Middlewares/ST/STM32_USB_Device_Library/Class/CustomHID/Src/usbd_customhid.c **** {
 119:Middlewares/ST/STM32_USB_Device_Library/Class/CustomHID/Src/usbd_customhid.c ****   USBD_CUSTOM_HID_Init,
 120:Middlewares/ST/STM32_USB_Device_Library/Class/CustomHID/Src/usbd_customhid.c ****   USBD_CUSTOM_HID_DeInit,
 121:Middlewares/ST/STM32_USB_Device_Library/Class/CustomHID/Src/usbd_customhid.c ****   USBD_CUSTOM_HID_Setup,
 122:Middlewares/ST/STM32_USB_Device_Library/Class/CustomHID/Src/usbd_customhid.c ****   NULL, /*EP0_TxSent*/
 123:Middlewares/ST/STM32_USB_Device_Library/Class/CustomHID/Src/usbd_customhid.c ****   USBD_CUSTOM_HID_EP0_RxReady, /*EP0_RxReady*/ /* STATUS STAGE IN */
 124:Middlewares/ST/STM32_USB_Device_Library/Class/CustomHID/Src/usbd_customhid.c ****   USBD_CUSTOM_HID_DataIn, /*DataIn*/
 125:Middlewares/ST/STM32_USB_Device_Library/Class/CustomHID/Src/usbd_customhid.c ****   USBD_CUSTOM_HID_DataOut,
 126:Middlewares/ST/STM32_USB_Device_Library/Class/CustomHID/Src/usbd_customhid.c ****   NULL, /*SOF */
 127:Middlewares/ST/STM32_USB_Device_Library/Class/CustomHID/Src/usbd_customhid.c ****   NULL,
 128:Middlewares/ST/STM32_USB_Device_Library/Class/CustomHID/Src/usbd_customhid.c ****   NULL,
 129:Middlewares/ST/STM32_USB_Device_Library/Class/CustomHID/Src/usbd_customhid.c ****   USBD_CUSTOM_HID_GetHSCfgDesc,
 130:Middlewares/ST/STM32_USB_Device_Library/Class/CustomHID/Src/usbd_customhid.c ****   USBD_CUSTOM_HID_GetFSCfgDesc,
 131:Middlewares/ST/STM32_USB_Device_Library/Class/CustomHID/Src/usbd_customhid.c ****   USBD_CUSTOM_HID_GetOtherSpeedCfgDesc,
 132:Middlewares/ST/STM32_USB_Device_Library/Class/CustomHID/Src/usbd_customhid.c ****   USBD_CUSTOM_HID_GetDeviceQualifierDesc,
 133:Middlewares/ST/STM32_USB_Device_Library/Class/CustomHID/Src/usbd_customhid.c **** };
 134:Middlewares/ST/STM32_USB_Device_Library/Class/CustomHID/Src/usbd_customhid.c **** 
 135:Middlewares/ST/STM32_USB_Device_Library/Class/CustomHID/Src/usbd_customhid.c **** /* USB CUSTOM_HID device FS Configuration Descriptor */
 136:Middlewares/ST/STM32_USB_Device_Library/Class/CustomHID/Src/usbd_customhid.c **** __ALIGN_BEGIN static uint8_t USBD_CUSTOM_HID_CfgFSDesc[USB_CUSTOM_HID_CONFIG_DESC_SIZ] __ALIGN_END 
 137:Middlewares/ST/STM32_USB_Device_Library/Class/CustomHID/Src/usbd_customhid.c **** {
 138:Middlewares/ST/STM32_USB_Device_Library/Class/CustomHID/Src/usbd_customhid.c ****   0x09, /* bLength: Configuration Descriptor size */
 139:Middlewares/ST/STM32_USB_Device_Library/Class/CustomHID/Src/usbd_customhid.c ****   USB_DESC_TYPE_CONFIGURATION, /* bDescriptorType: Configuration */
 140:Middlewares/ST/STM32_USB_Device_Library/Class/CustomHID/Src/usbd_customhid.c ****   USB_CUSTOM_HID_CONFIG_DESC_SIZ,
 141:Middlewares/ST/STM32_USB_Device_Library/Class/CustomHID/Src/usbd_customhid.c ****   /* wTotalLength: Bytes returned */
 142:Middlewares/ST/STM32_USB_Device_Library/Class/CustomHID/Src/usbd_customhid.c ****   0x00,
 143:Middlewares/ST/STM32_USB_Device_Library/Class/CustomHID/Src/usbd_customhid.c ****   0x01,         /*bNumInterfaces: 1 interface*/
 144:Middlewares/ST/STM32_USB_Device_Library/Class/CustomHID/Src/usbd_customhid.c ****   0x01,         /*bConfigurationValue: Configuration value*/
 145:Middlewares/ST/STM32_USB_Device_Library/Class/CustomHID/Src/usbd_customhid.c ****   0x00,         /*iConfiguration: Index of string descriptor describing
 146:Middlewares/ST/STM32_USB_Device_Library/Class/CustomHID/Src/usbd_customhid.c ****   the configuration*/
ARM GAS  C:\Users\jonar\AppData\Local\Temp\ccm7wO9b.s 			page 4


 147:Middlewares/ST/STM32_USB_Device_Library/Class/CustomHID/Src/usbd_customhid.c ****   0xC0,         /*bmAttributes: bus powered */
 148:Middlewares/ST/STM32_USB_Device_Library/Class/CustomHID/Src/usbd_customhid.c ****   0x32,         /*MaxPower 100 mA: this current is used for detecting Vbus*/
 149:Middlewares/ST/STM32_USB_Device_Library/Class/CustomHID/Src/usbd_customhid.c **** 
 150:Middlewares/ST/STM32_USB_Device_Library/Class/CustomHID/Src/usbd_customhid.c ****   /************** Descriptor of CUSTOM HID interface ****************/
 151:Middlewares/ST/STM32_USB_Device_Library/Class/CustomHID/Src/usbd_customhid.c ****   /* 09 */
 152:Middlewares/ST/STM32_USB_Device_Library/Class/CustomHID/Src/usbd_customhid.c ****   0x09,         /*bLength: Interface Descriptor size*/
 153:Middlewares/ST/STM32_USB_Device_Library/Class/CustomHID/Src/usbd_customhid.c ****   USB_DESC_TYPE_INTERFACE,/*bDescriptorType: Interface descriptor type*/
 154:Middlewares/ST/STM32_USB_Device_Library/Class/CustomHID/Src/usbd_customhid.c ****   0x00,         /*bInterfaceNumber: Number of Interface*/
 155:Middlewares/ST/STM32_USB_Device_Library/Class/CustomHID/Src/usbd_customhid.c ****   0x00,         /*bAlternateSetting: Alternate setting*/
 156:Middlewares/ST/STM32_USB_Device_Library/Class/CustomHID/Src/usbd_customhid.c ****   0x02,         /*bNumEndpoints*/
 157:Middlewares/ST/STM32_USB_Device_Library/Class/CustomHID/Src/usbd_customhid.c ****   0x03,         /*bInterfaceClass: CUSTOM_HID*/
 158:Middlewares/ST/STM32_USB_Device_Library/Class/CustomHID/Src/usbd_customhid.c ****   0x00,         /*bInterfaceSubClass : 1=BOOT, 0=no boot*/
 159:Middlewares/ST/STM32_USB_Device_Library/Class/CustomHID/Src/usbd_customhid.c ****   0x00,         /*nInterfaceProtocol : 0=none, 1=keyboard, 2=mouse*/
 160:Middlewares/ST/STM32_USB_Device_Library/Class/CustomHID/Src/usbd_customhid.c ****   0,            /*iInterface: Index of string descriptor*/
 161:Middlewares/ST/STM32_USB_Device_Library/Class/CustomHID/Src/usbd_customhid.c ****   /******************** Descriptor of CUSTOM_HID *************************/
 162:Middlewares/ST/STM32_USB_Device_Library/Class/CustomHID/Src/usbd_customhid.c ****   /* 18 */
 163:Middlewares/ST/STM32_USB_Device_Library/Class/CustomHID/Src/usbd_customhid.c ****   0x09,         /*bLength: CUSTOM_HID Descriptor size*/
 164:Middlewares/ST/STM32_USB_Device_Library/Class/CustomHID/Src/usbd_customhid.c ****   CUSTOM_HID_DESCRIPTOR_TYPE, /*bDescriptorType: CUSTOM_HID*/
 165:Middlewares/ST/STM32_USB_Device_Library/Class/CustomHID/Src/usbd_customhid.c ****   0x11,         /*bCUSTOM_HIDUSTOM_HID: CUSTOM_HID Class Spec release number*/
 166:Middlewares/ST/STM32_USB_Device_Library/Class/CustomHID/Src/usbd_customhid.c ****   0x01,
 167:Middlewares/ST/STM32_USB_Device_Library/Class/CustomHID/Src/usbd_customhid.c ****   0x00,         /*bCountryCode: Hardware target country*/
 168:Middlewares/ST/STM32_USB_Device_Library/Class/CustomHID/Src/usbd_customhid.c ****   0x01,         /*bNumDescriptors: Number of CUSTOM_HID class descriptors to follow*/
 169:Middlewares/ST/STM32_USB_Device_Library/Class/CustomHID/Src/usbd_customhid.c ****   0x22,         /*bDescriptorType*/
 170:Middlewares/ST/STM32_USB_Device_Library/Class/CustomHID/Src/usbd_customhid.c ****   USBD_CUSTOM_HID_REPORT_DESC_SIZE,/*wItemLength: Total length of Report descriptor*/
 171:Middlewares/ST/STM32_USB_Device_Library/Class/CustomHID/Src/usbd_customhid.c ****   0x00,
 172:Middlewares/ST/STM32_USB_Device_Library/Class/CustomHID/Src/usbd_customhid.c ****   /******************** Descriptor of Custom HID endpoints ********************/
 173:Middlewares/ST/STM32_USB_Device_Library/Class/CustomHID/Src/usbd_customhid.c ****   /* 27 */
 174:Middlewares/ST/STM32_USB_Device_Library/Class/CustomHID/Src/usbd_customhid.c ****   0x07,          /*bLength: Endpoint Descriptor size*/
 175:Middlewares/ST/STM32_USB_Device_Library/Class/CustomHID/Src/usbd_customhid.c ****   USB_DESC_TYPE_ENDPOINT, /*bDescriptorType:*/
 176:Middlewares/ST/STM32_USB_Device_Library/Class/CustomHID/Src/usbd_customhid.c **** 
 177:Middlewares/ST/STM32_USB_Device_Library/Class/CustomHID/Src/usbd_customhid.c ****   CUSTOM_HID_EPIN_ADDR,     /*bEndpointAddress: Endpoint Address (IN)*/
 178:Middlewares/ST/STM32_USB_Device_Library/Class/CustomHID/Src/usbd_customhid.c ****   0x03,          /*bmAttributes: Interrupt endpoint*/
 179:Middlewares/ST/STM32_USB_Device_Library/Class/CustomHID/Src/usbd_customhid.c ****   CUSTOM_HID_EPIN_SIZE, /*wMaxPacketSize: 2 Byte max */
 180:Middlewares/ST/STM32_USB_Device_Library/Class/CustomHID/Src/usbd_customhid.c ****   0x00,
 181:Middlewares/ST/STM32_USB_Device_Library/Class/CustomHID/Src/usbd_customhid.c ****   CUSTOM_HID_FS_BINTERVAL,          /*bInterval: Polling Interval */
 182:Middlewares/ST/STM32_USB_Device_Library/Class/CustomHID/Src/usbd_customhid.c ****   /* 34 */
 183:Middlewares/ST/STM32_USB_Device_Library/Class/CustomHID/Src/usbd_customhid.c **** 
 184:Middlewares/ST/STM32_USB_Device_Library/Class/CustomHID/Src/usbd_customhid.c ****   0x07,          /* bLength: Endpoint Descriptor size */
 185:Middlewares/ST/STM32_USB_Device_Library/Class/CustomHID/Src/usbd_customhid.c ****   USB_DESC_TYPE_ENDPOINT, /* bDescriptorType: */
 186:Middlewares/ST/STM32_USB_Device_Library/Class/CustomHID/Src/usbd_customhid.c ****   CUSTOM_HID_EPOUT_ADDR,  /*bEndpointAddress: Endpoint Address (OUT)*/
 187:Middlewares/ST/STM32_USB_Device_Library/Class/CustomHID/Src/usbd_customhid.c ****   0x03, /* bmAttributes: Interrupt endpoint */
 188:Middlewares/ST/STM32_USB_Device_Library/Class/CustomHID/Src/usbd_customhid.c ****   CUSTOM_HID_EPOUT_SIZE,  /* wMaxPacketSize: 2 Bytes max  */
 189:Middlewares/ST/STM32_USB_Device_Library/Class/CustomHID/Src/usbd_customhid.c ****   0x00,
 190:Middlewares/ST/STM32_USB_Device_Library/Class/CustomHID/Src/usbd_customhid.c ****   CUSTOM_HID_FS_BINTERVAL,  /* bInterval: Polling Interval */
 191:Middlewares/ST/STM32_USB_Device_Library/Class/CustomHID/Src/usbd_customhid.c ****   /* 41 */
 192:Middlewares/ST/STM32_USB_Device_Library/Class/CustomHID/Src/usbd_customhid.c **** };
 193:Middlewares/ST/STM32_USB_Device_Library/Class/CustomHID/Src/usbd_customhid.c **** 
 194:Middlewares/ST/STM32_USB_Device_Library/Class/CustomHID/Src/usbd_customhid.c **** /* USB CUSTOM_HID device HS Configuration Descriptor */
 195:Middlewares/ST/STM32_USB_Device_Library/Class/CustomHID/Src/usbd_customhid.c **** __ALIGN_BEGIN static uint8_t USBD_CUSTOM_HID_CfgHSDesc[USB_CUSTOM_HID_CONFIG_DESC_SIZ] __ALIGN_END 
 196:Middlewares/ST/STM32_USB_Device_Library/Class/CustomHID/Src/usbd_customhid.c **** {
 197:Middlewares/ST/STM32_USB_Device_Library/Class/CustomHID/Src/usbd_customhid.c ****   0x09, /* bLength: Configuration Descriptor size */
 198:Middlewares/ST/STM32_USB_Device_Library/Class/CustomHID/Src/usbd_customhid.c ****   USB_DESC_TYPE_CONFIGURATION, /* bDescriptorType: Configuration */
 199:Middlewares/ST/STM32_USB_Device_Library/Class/CustomHID/Src/usbd_customhid.c ****   USB_CUSTOM_HID_CONFIG_DESC_SIZ,
 200:Middlewares/ST/STM32_USB_Device_Library/Class/CustomHID/Src/usbd_customhid.c ****   /* wTotalLength: Bytes returned */
 201:Middlewares/ST/STM32_USB_Device_Library/Class/CustomHID/Src/usbd_customhid.c ****   0x00,
 202:Middlewares/ST/STM32_USB_Device_Library/Class/CustomHID/Src/usbd_customhid.c ****   0x01,         /*bNumInterfaces: 1 interface*/
 203:Middlewares/ST/STM32_USB_Device_Library/Class/CustomHID/Src/usbd_customhid.c ****   0x01,         /*bConfigurationValue: Configuration value*/
ARM GAS  C:\Users\jonar\AppData\Local\Temp\ccm7wO9b.s 			page 5


 204:Middlewares/ST/STM32_USB_Device_Library/Class/CustomHID/Src/usbd_customhid.c ****   0x00,         /*iConfiguration: Index of string descriptor describing
 205:Middlewares/ST/STM32_USB_Device_Library/Class/CustomHID/Src/usbd_customhid.c ****   the configuration*/
 206:Middlewares/ST/STM32_USB_Device_Library/Class/CustomHID/Src/usbd_customhid.c ****   0xC0,         /*bmAttributes: bus powered */
 207:Middlewares/ST/STM32_USB_Device_Library/Class/CustomHID/Src/usbd_customhid.c ****   0x32,         /*MaxPower 100 mA: this current is used for detecting Vbus*/
 208:Middlewares/ST/STM32_USB_Device_Library/Class/CustomHID/Src/usbd_customhid.c **** 
 209:Middlewares/ST/STM32_USB_Device_Library/Class/CustomHID/Src/usbd_customhid.c ****   /************** Descriptor of CUSTOM HID interface ****************/
 210:Middlewares/ST/STM32_USB_Device_Library/Class/CustomHID/Src/usbd_customhid.c ****   /* 09 */
 211:Middlewares/ST/STM32_USB_Device_Library/Class/CustomHID/Src/usbd_customhid.c ****   0x09,         /*bLength: Interface Descriptor size*/
 212:Middlewares/ST/STM32_USB_Device_Library/Class/CustomHID/Src/usbd_customhid.c ****   USB_DESC_TYPE_INTERFACE,/*bDescriptorType: Interface descriptor type*/
 213:Middlewares/ST/STM32_USB_Device_Library/Class/CustomHID/Src/usbd_customhid.c ****   0x00,         /*bInterfaceNumber: Number of Interface*/
 214:Middlewares/ST/STM32_USB_Device_Library/Class/CustomHID/Src/usbd_customhid.c ****   0x00,         /*bAlternateSetting: Alternate setting*/
 215:Middlewares/ST/STM32_USB_Device_Library/Class/CustomHID/Src/usbd_customhid.c ****   0x02,         /*bNumEndpoints*/
 216:Middlewares/ST/STM32_USB_Device_Library/Class/CustomHID/Src/usbd_customhid.c ****   0x03,         /*bInterfaceClass: CUSTOM_HID*/
 217:Middlewares/ST/STM32_USB_Device_Library/Class/CustomHID/Src/usbd_customhid.c ****   0x00,         /*bInterfaceSubClass : 1=BOOT, 0=no boot*/
 218:Middlewares/ST/STM32_USB_Device_Library/Class/CustomHID/Src/usbd_customhid.c ****   0x00,         /*nInterfaceProtocol : 0=none, 1=keyboard, 2=mouse*/
 219:Middlewares/ST/STM32_USB_Device_Library/Class/CustomHID/Src/usbd_customhid.c ****   0,            /*iInterface: Index of string descriptor*/
 220:Middlewares/ST/STM32_USB_Device_Library/Class/CustomHID/Src/usbd_customhid.c ****   /******************** Descriptor of CUSTOM_HID *************************/
 221:Middlewares/ST/STM32_USB_Device_Library/Class/CustomHID/Src/usbd_customhid.c ****   /* 18 */
 222:Middlewares/ST/STM32_USB_Device_Library/Class/CustomHID/Src/usbd_customhid.c ****   0x09,         /*bLength: CUSTOM_HID Descriptor size*/
 223:Middlewares/ST/STM32_USB_Device_Library/Class/CustomHID/Src/usbd_customhid.c ****   CUSTOM_HID_DESCRIPTOR_TYPE, /*bDescriptorType: CUSTOM_HID*/
 224:Middlewares/ST/STM32_USB_Device_Library/Class/CustomHID/Src/usbd_customhid.c ****   0x11,         /*bCUSTOM_HIDUSTOM_HID: CUSTOM_HID Class Spec release number*/
 225:Middlewares/ST/STM32_USB_Device_Library/Class/CustomHID/Src/usbd_customhid.c ****   0x01,
 226:Middlewares/ST/STM32_USB_Device_Library/Class/CustomHID/Src/usbd_customhid.c ****   0x00,         /*bCountryCode: Hardware target country*/
 227:Middlewares/ST/STM32_USB_Device_Library/Class/CustomHID/Src/usbd_customhid.c ****   0x01,         /*bNumDescriptors: Number of CUSTOM_HID class descriptors to follow*/
 228:Middlewares/ST/STM32_USB_Device_Library/Class/CustomHID/Src/usbd_customhid.c ****   0x22,         /*bDescriptorType*/
 229:Middlewares/ST/STM32_USB_Device_Library/Class/CustomHID/Src/usbd_customhid.c ****   USBD_CUSTOM_HID_REPORT_DESC_SIZE,/*wItemLength: Total length of Report descriptor*/
 230:Middlewares/ST/STM32_USB_Device_Library/Class/CustomHID/Src/usbd_customhid.c ****   0x00,
 231:Middlewares/ST/STM32_USB_Device_Library/Class/CustomHID/Src/usbd_customhid.c ****   /******************** Descriptor of Custom HID endpoints ********************/
 232:Middlewares/ST/STM32_USB_Device_Library/Class/CustomHID/Src/usbd_customhid.c ****   /* 27 */
 233:Middlewares/ST/STM32_USB_Device_Library/Class/CustomHID/Src/usbd_customhid.c ****   0x07,          /*bLength: Endpoint Descriptor size*/
 234:Middlewares/ST/STM32_USB_Device_Library/Class/CustomHID/Src/usbd_customhid.c ****   USB_DESC_TYPE_ENDPOINT, /*bDescriptorType:*/
 235:Middlewares/ST/STM32_USB_Device_Library/Class/CustomHID/Src/usbd_customhid.c **** 
 236:Middlewares/ST/STM32_USB_Device_Library/Class/CustomHID/Src/usbd_customhid.c ****   CUSTOM_HID_EPIN_ADDR,     /*bEndpointAddress: Endpoint Address (IN)*/
 237:Middlewares/ST/STM32_USB_Device_Library/Class/CustomHID/Src/usbd_customhid.c ****   0x03,          /*bmAttributes: Interrupt endpoint*/
 238:Middlewares/ST/STM32_USB_Device_Library/Class/CustomHID/Src/usbd_customhid.c ****   CUSTOM_HID_EPIN_SIZE, /*wMaxPacketSize: 2 Byte max */
 239:Middlewares/ST/STM32_USB_Device_Library/Class/CustomHID/Src/usbd_customhid.c ****   0x00,
 240:Middlewares/ST/STM32_USB_Device_Library/Class/CustomHID/Src/usbd_customhid.c ****   CUSTOM_HID_HS_BINTERVAL,          /*bInterval: Polling Interval */
 241:Middlewares/ST/STM32_USB_Device_Library/Class/CustomHID/Src/usbd_customhid.c ****   /* 34 */
 242:Middlewares/ST/STM32_USB_Device_Library/Class/CustomHID/Src/usbd_customhid.c **** 
 243:Middlewares/ST/STM32_USB_Device_Library/Class/CustomHID/Src/usbd_customhid.c ****   0x07,          /* bLength: Endpoint Descriptor size */
 244:Middlewares/ST/STM32_USB_Device_Library/Class/CustomHID/Src/usbd_customhid.c ****   USB_DESC_TYPE_ENDPOINT, /* bDescriptorType: */
 245:Middlewares/ST/STM32_USB_Device_Library/Class/CustomHID/Src/usbd_customhid.c ****   CUSTOM_HID_EPOUT_ADDR,  /*bEndpointAddress: Endpoint Address (OUT)*/
 246:Middlewares/ST/STM32_USB_Device_Library/Class/CustomHID/Src/usbd_customhid.c ****   0x03, /* bmAttributes: Interrupt endpoint */
 247:Middlewares/ST/STM32_USB_Device_Library/Class/CustomHID/Src/usbd_customhid.c ****   CUSTOM_HID_EPOUT_SIZE,  /* wMaxPacketSize: 2 Bytes max  */
 248:Middlewares/ST/STM32_USB_Device_Library/Class/CustomHID/Src/usbd_customhid.c ****   0x00,
 249:Middlewares/ST/STM32_USB_Device_Library/Class/CustomHID/Src/usbd_customhid.c ****   CUSTOM_HID_HS_BINTERVAL,  /* bInterval: Polling Interval */
 250:Middlewares/ST/STM32_USB_Device_Library/Class/CustomHID/Src/usbd_customhid.c ****   /* 41 */
 251:Middlewares/ST/STM32_USB_Device_Library/Class/CustomHID/Src/usbd_customhid.c **** };
 252:Middlewares/ST/STM32_USB_Device_Library/Class/CustomHID/Src/usbd_customhid.c **** 
 253:Middlewares/ST/STM32_USB_Device_Library/Class/CustomHID/Src/usbd_customhid.c **** /* USB CUSTOM_HID device Other Speed Configuration Descriptor */
 254:Middlewares/ST/STM32_USB_Device_Library/Class/CustomHID/Src/usbd_customhid.c **** __ALIGN_BEGIN static uint8_t USBD_CUSTOM_HID_OtherSpeedCfgDesc[USB_CUSTOM_HID_CONFIG_DESC_SIZ] __AL
 255:Middlewares/ST/STM32_USB_Device_Library/Class/CustomHID/Src/usbd_customhid.c **** {
 256:Middlewares/ST/STM32_USB_Device_Library/Class/CustomHID/Src/usbd_customhid.c ****   0x09, /* bLength: Configuration Descriptor size */
 257:Middlewares/ST/STM32_USB_Device_Library/Class/CustomHID/Src/usbd_customhid.c ****   USB_DESC_TYPE_CONFIGURATION, /* bDescriptorType: Configuration */
 258:Middlewares/ST/STM32_USB_Device_Library/Class/CustomHID/Src/usbd_customhid.c ****   USB_CUSTOM_HID_CONFIG_DESC_SIZ,
 259:Middlewares/ST/STM32_USB_Device_Library/Class/CustomHID/Src/usbd_customhid.c ****   /* wTotalLength: Bytes returned */
 260:Middlewares/ST/STM32_USB_Device_Library/Class/CustomHID/Src/usbd_customhid.c ****   0x00,
ARM GAS  C:\Users\jonar\AppData\Local\Temp\ccm7wO9b.s 			page 6


 261:Middlewares/ST/STM32_USB_Device_Library/Class/CustomHID/Src/usbd_customhid.c ****   0x01,         /*bNumInterfaces: 1 interface*/
 262:Middlewares/ST/STM32_USB_Device_Library/Class/CustomHID/Src/usbd_customhid.c ****   0x01,         /*bConfigurationValue: Configuration value*/
 263:Middlewares/ST/STM32_USB_Device_Library/Class/CustomHID/Src/usbd_customhid.c ****   0x00,         /*iConfiguration: Index of string descriptor describing
 264:Middlewares/ST/STM32_USB_Device_Library/Class/CustomHID/Src/usbd_customhid.c ****   the configuration*/
 265:Middlewares/ST/STM32_USB_Device_Library/Class/CustomHID/Src/usbd_customhid.c ****   0xC0,         /*bmAttributes: bus powered */
 266:Middlewares/ST/STM32_USB_Device_Library/Class/CustomHID/Src/usbd_customhid.c ****   0x32,         /*MaxPower 100 mA: this current is used for detecting Vbus*/
 267:Middlewares/ST/STM32_USB_Device_Library/Class/CustomHID/Src/usbd_customhid.c **** 
 268:Middlewares/ST/STM32_USB_Device_Library/Class/CustomHID/Src/usbd_customhid.c ****   /************** Descriptor of CUSTOM HID interface ****************/
 269:Middlewares/ST/STM32_USB_Device_Library/Class/CustomHID/Src/usbd_customhid.c ****   /* 09 */
 270:Middlewares/ST/STM32_USB_Device_Library/Class/CustomHID/Src/usbd_customhid.c ****   0x09,         /*bLength: Interface Descriptor size*/
 271:Middlewares/ST/STM32_USB_Device_Library/Class/CustomHID/Src/usbd_customhid.c ****   USB_DESC_TYPE_INTERFACE,/*bDescriptorType: Interface descriptor type*/
 272:Middlewares/ST/STM32_USB_Device_Library/Class/CustomHID/Src/usbd_customhid.c ****   0x00,         /*bInterfaceNumber: Number of Interface*/
 273:Middlewares/ST/STM32_USB_Device_Library/Class/CustomHID/Src/usbd_customhid.c ****   0x00,         /*bAlternateSetting: Alternate setting*/
 274:Middlewares/ST/STM32_USB_Device_Library/Class/CustomHID/Src/usbd_customhid.c ****   0x02,         /*bNumEndpoints*/
 275:Middlewares/ST/STM32_USB_Device_Library/Class/CustomHID/Src/usbd_customhid.c ****   0x03,         /*bInterfaceClass: CUSTOM_HID*/
 276:Middlewares/ST/STM32_USB_Device_Library/Class/CustomHID/Src/usbd_customhid.c ****   0x00,         /*bInterfaceSubClass : 1=BOOT, 0=no boot*/
 277:Middlewares/ST/STM32_USB_Device_Library/Class/CustomHID/Src/usbd_customhid.c ****   0x00,         /*nInterfaceProtocol : 0=none, 1=keyboard, 2=mouse*/
 278:Middlewares/ST/STM32_USB_Device_Library/Class/CustomHID/Src/usbd_customhid.c ****   0,            /*iInterface: Index of string descriptor*/
 279:Middlewares/ST/STM32_USB_Device_Library/Class/CustomHID/Src/usbd_customhid.c ****   /******************** Descriptor of CUSTOM_HID *************************/
 280:Middlewares/ST/STM32_USB_Device_Library/Class/CustomHID/Src/usbd_customhid.c ****   /* 18 */
 281:Middlewares/ST/STM32_USB_Device_Library/Class/CustomHID/Src/usbd_customhid.c ****   0x09,         /*bLength: CUSTOM_HID Descriptor size*/
 282:Middlewares/ST/STM32_USB_Device_Library/Class/CustomHID/Src/usbd_customhid.c ****   CUSTOM_HID_DESCRIPTOR_TYPE, /*bDescriptorType: CUSTOM_HID*/
 283:Middlewares/ST/STM32_USB_Device_Library/Class/CustomHID/Src/usbd_customhid.c ****   0x11,         /*bCUSTOM_HIDUSTOM_HID: CUSTOM_HID Class Spec release number*/
 284:Middlewares/ST/STM32_USB_Device_Library/Class/CustomHID/Src/usbd_customhid.c ****   0x01,
 285:Middlewares/ST/STM32_USB_Device_Library/Class/CustomHID/Src/usbd_customhid.c ****   0x00,         /*bCountryCode: Hardware target country*/
 286:Middlewares/ST/STM32_USB_Device_Library/Class/CustomHID/Src/usbd_customhid.c ****   0x01,         /*bNumDescriptors: Number of CUSTOM_HID class descriptors to follow*/
 287:Middlewares/ST/STM32_USB_Device_Library/Class/CustomHID/Src/usbd_customhid.c ****   0x22,         /*bDescriptorType*/
 288:Middlewares/ST/STM32_USB_Device_Library/Class/CustomHID/Src/usbd_customhid.c ****   USBD_CUSTOM_HID_REPORT_DESC_SIZE,/*wItemLength: Total length of Report descriptor*/
 289:Middlewares/ST/STM32_USB_Device_Library/Class/CustomHID/Src/usbd_customhid.c ****   0x00,
 290:Middlewares/ST/STM32_USB_Device_Library/Class/CustomHID/Src/usbd_customhid.c ****   /******************** Descriptor of Custom HID endpoints ********************/
 291:Middlewares/ST/STM32_USB_Device_Library/Class/CustomHID/Src/usbd_customhid.c ****   /* 27 */
 292:Middlewares/ST/STM32_USB_Device_Library/Class/CustomHID/Src/usbd_customhid.c ****   0x07,          /*bLength: Endpoint Descriptor size*/
 293:Middlewares/ST/STM32_USB_Device_Library/Class/CustomHID/Src/usbd_customhid.c ****   USB_DESC_TYPE_ENDPOINT, /*bDescriptorType:*/
 294:Middlewares/ST/STM32_USB_Device_Library/Class/CustomHID/Src/usbd_customhid.c **** 
 295:Middlewares/ST/STM32_USB_Device_Library/Class/CustomHID/Src/usbd_customhid.c ****   CUSTOM_HID_EPIN_ADDR,     /*bEndpointAddress: Endpoint Address (IN)*/
 296:Middlewares/ST/STM32_USB_Device_Library/Class/CustomHID/Src/usbd_customhid.c ****   0x03,          /*bmAttributes: Interrupt endpoint*/
 297:Middlewares/ST/STM32_USB_Device_Library/Class/CustomHID/Src/usbd_customhid.c ****   CUSTOM_HID_EPIN_SIZE, /*wMaxPacketSize: 2 Byte max */
 298:Middlewares/ST/STM32_USB_Device_Library/Class/CustomHID/Src/usbd_customhid.c ****   0x00,
 299:Middlewares/ST/STM32_USB_Device_Library/Class/CustomHID/Src/usbd_customhid.c ****   CUSTOM_HID_FS_BINTERVAL,          /*bInterval: Polling Interval */
 300:Middlewares/ST/STM32_USB_Device_Library/Class/CustomHID/Src/usbd_customhid.c ****   /* 34 */
 301:Middlewares/ST/STM32_USB_Device_Library/Class/CustomHID/Src/usbd_customhid.c **** 
 302:Middlewares/ST/STM32_USB_Device_Library/Class/CustomHID/Src/usbd_customhid.c ****   0x07,          /* bLength: Endpoint Descriptor size */
 303:Middlewares/ST/STM32_USB_Device_Library/Class/CustomHID/Src/usbd_customhid.c ****   USB_DESC_TYPE_ENDPOINT, /* bDescriptorType: */
 304:Middlewares/ST/STM32_USB_Device_Library/Class/CustomHID/Src/usbd_customhid.c ****   CUSTOM_HID_EPOUT_ADDR,  /*bEndpointAddress: Endpoint Address (OUT)*/
 305:Middlewares/ST/STM32_USB_Device_Library/Class/CustomHID/Src/usbd_customhid.c ****   0x03, /* bmAttributes: Interrupt endpoint */
 306:Middlewares/ST/STM32_USB_Device_Library/Class/CustomHID/Src/usbd_customhid.c ****   CUSTOM_HID_EPOUT_SIZE,  /* wMaxPacketSize: 2 Bytes max  */
 307:Middlewares/ST/STM32_USB_Device_Library/Class/CustomHID/Src/usbd_customhid.c ****   0x00,
 308:Middlewares/ST/STM32_USB_Device_Library/Class/CustomHID/Src/usbd_customhid.c ****   CUSTOM_HID_FS_BINTERVAL,  /* bInterval: Polling Interval */
 309:Middlewares/ST/STM32_USB_Device_Library/Class/CustomHID/Src/usbd_customhid.c ****   /* 41 */
 310:Middlewares/ST/STM32_USB_Device_Library/Class/CustomHID/Src/usbd_customhid.c **** };
 311:Middlewares/ST/STM32_USB_Device_Library/Class/CustomHID/Src/usbd_customhid.c **** 
 312:Middlewares/ST/STM32_USB_Device_Library/Class/CustomHID/Src/usbd_customhid.c **** /* USB CUSTOM_HID device Configuration Descriptor */
 313:Middlewares/ST/STM32_USB_Device_Library/Class/CustomHID/Src/usbd_customhid.c **** __ALIGN_BEGIN static uint8_t USBD_CUSTOM_HID_Desc[USB_CUSTOM_HID_DESC_SIZ] __ALIGN_END =
 314:Middlewares/ST/STM32_USB_Device_Library/Class/CustomHID/Src/usbd_customhid.c **** {
 315:Middlewares/ST/STM32_USB_Device_Library/Class/CustomHID/Src/usbd_customhid.c ****   /* 18 */
 316:Middlewares/ST/STM32_USB_Device_Library/Class/CustomHID/Src/usbd_customhid.c ****   0x09,         /*bLength: CUSTOM_HID Descriptor size*/
 317:Middlewares/ST/STM32_USB_Device_Library/Class/CustomHID/Src/usbd_customhid.c ****   CUSTOM_HID_DESCRIPTOR_TYPE, /*bDescriptorType: CUSTOM_HID*/
ARM GAS  C:\Users\jonar\AppData\Local\Temp\ccm7wO9b.s 			page 7


 318:Middlewares/ST/STM32_USB_Device_Library/Class/CustomHID/Src/usbd_customhid.c ****   0x11,         /*bCUSTOM_HIDUSTOM_HID: CUSTOM_HID Class Spec release number*/
 319:Middlewares/ST/STM32_USB_Device_Library/Class/CustomHID/Src/usbd_customhid.c ****   0x01,
 320:Middlewares/ST/STM32_USB_Device_Library/Class/CustomHID/Src/usbd_customhid.c ****   0x00,         /*bCountryCode: Hardware target country*/
 321:Middlewares/ST/STM32_USB_Device_Library/Class/CustomHID/Src/usbd_customhid.c ****   0x01,         /*bNumDescriptors: Number of CUSTOM_HID class descriptors to follow*/
 322:Middlewares/ST/STM32_USB_Device_Library/Class/CustomHID/Src/usbd_customhid.c ****   0x22,         /*bDescriptorType*/
 323:Middlewares/ST/STM32_USB_Device_Library/Class/CustomHID/Src/usbd_customhid.c ****   USBD_CUSTOM_HID_REPORT_DESC_SIZE,/*wItemLength: Total length of Report descriptor*/
 324:Middlewares/ST/STM32_USB_Device_Library/Class/CustomHID/Src/usbd_customhid.c ****   0x00,
 325:Middlewares/ST/STM32_USB_Device_Library/Class/CustomHID/Src/usbd_customhid.c **** };
 326:Middlewares/ST/STM32_USB_Device_Library/Class/CustomHID/Src/usbd_customhid.c **** 
 327:Middlewares/ST/STM32_USB_Device_Library/Class/CustomHID/Src/usbd_customhid.c **** /* USB Standard Device Descriptor */
 328:Middlewares/ST/STM32_USB_Device_Library/Class/CustomHID/Src/usbd_customhid.c **** __ALIGN_BEGIN static uint8_t USBD_CUSTOM_HID_DeviceQualifierDesc[USB_LEN_DEV_QUALIFIER_DESC] __ALIG
 329:Middlewares/ST/STM32_USB_Device_Library/Class/CustomHID/Src/usbd_customhid.c **** {
 330:Middlewares/ST/STM32_USB_Device_Library/Class/CustomHID/Src/usbd_customhid.c ****   USB_LEN_DEV_QUALIFIER_DESC,
 331:Middlewares/ST/STM32_USB_Device_Library/Class/CustomHID/Src/usbd_customhid.c ****   USB_DESC_TYPE_DEVICE_QUALIFIER,
 332:Middlewares/ST/STM32_USB_Device_Library/Class/CustomHID/Src/usbd_customhid.c ****   0x00,
 333:Middlewares/ST/STM32_USB_Device_Library/Class/CustomHID/Src/usbd_customhid.c ****   0x02,
 334:Middlewares/ST/STM32_USB_Device_Library/Class/CustomHID/Src/usbd_customhid.c ****   0x00,
 335:Middlewares/ST/STM32_USB_Device_Library/Class/CustomHID/Src/usbd_customhid.c ****   0x00,
 336:Middlewares/ST/STM32_USB_Device_Library/Class/CustomHID/Src/usbd_customhid.c ****   0x00,
 337:Middlewares/ST/STM32_USB_Device_Library/Class/CustomHID/Src/usbd_customhid.c ****   0x40,
 338:Middlewares/ST/STM32_USB_Device_Library/Class/CustomHID/Src/usbd_customhid.c ****   0x01,
 339:Middlewares/ST/STM32_USB_Device_Library/Class/CustomHID/Src/usbd_customhid.c ****   0x00,
 340:Middlewares/ST/STM32_USB_Device_Library/Class/CustomHID/Src/usbd_customhid.c **** };
 341:Middlewares/ST/STM32_USB_Device_Library/Class/CustomHID/Src/usbd_customhid.c **** 
 342:Middlewares/ST/STM32_USB_Device_Library/Class/CustomHID/Src/usbd_customhid.c **** /**
 343:Middlewares/ST/STM32_USB_Device_Library/Class/CustomHID/Src/usbd_customhid.c ****   * @}
 344:Middlewares/ST/STM32_USB_Device_Library/Class/CustomHID/Src/usbd_customhid.c ****   */
 345:Middlewares/ST/STM32_USB_Device_Library/Class/CustomHID/Src/usbd_customhid.c **** 
 346:Middlewares/ST/STM32_USB_Device_Library/Class/CustomHID/Src/usbd_customhid.c **** /** @defgroup USBD_CUSTOM_HID_Private_Functions
 347:Middlewares/ST/STM32_USB_Device_Library/Class/CustomHID/Src/usbd_customhid.c ****   * @{
 348:Middlewares/ST/STM32_USB_Device_Library/Class/CustomHID/Src/usbd_customhid.c ****   */
 349:Middlewares/ST/STM32_USB_Device_Library/Class/CustomHID/Src/usbd_customhid.c **** 
 350:Middlewares/ST/STM32_USB_Device_Library/Class/CustomHID/Src/usbd_customhid.c **** /**
 351:Middlewares/ST/STM32_USB_Device_Library/Class/CustomHID/Src/usbd_customhid.c ****   * @brief  USBD_CUSTOM_HID_Init
 352:Middlewares/ST/STM32_USB_Device_Library/Class/CustomHID/Src/usbd_customhid.c ****   *         Initialize the CUSTOM_HID interface
 353:Middlewares/ST/STM32_USB_Device_Library/Class/CustomHID/Src/usbd_customhid.c ****   * @param  pdev: device instance
 354:Middlewares/ST/STM32_USB_Device_Library/Class/CustomHID/Src/usbd_customhid.c ****   * @param  cfgidx: Configuration index
 355:Middlewares/ST/STM32_USB_Device_Library/Class/CustomHID/Src/usbd_customhid.c ****   * @retval status
 356:Middlewares/ST/STM32_USB_Device_Library/Class/CustomHID/Src/usbd_customhid.c ****   */
 357:Middlewares/ST/STM32_USB_Device_Library/Class/CustomHID/Src/usbd_customhid.c **** static uint8_t  USBD_CUSTOM_HID_Init(USBD_HandleTypeDef *pdev,
 358:Middlewares/ST/STM32_USB_Device_Library/Class/CustomHID/Src/usbd_customhid.c ****                                      uint8_t cfgidx)
 359:Middlewares/ST/STM32_USB_Device_Library/Class/CustomHID/Src/usbd_customhid.c **** {
 360:Middlewares/ST/STM32_USB_Device_Library/Class/CustomHID/Src/usbd_customhid.c ****   uint8_t ret = 0U;
 361:Middlewares/ST/STM32_USB_Device_Library/Class/CustomHID/Src/usbd_customhid.c ****   USBD_CUSTOM_HID_HandleTypeDef     *hhid;
 362:Middlewares/ST/STM32_USB_Device_Library/Class/CustomHID/Src/usbd_customhid.c **** 
 363:Middlewares/ST/STM32_USB_Device_Library/Class/CustomHID/Src/usbd_customhid.c ****   /* Open EP IN */
 364:Middlewares/ST/STM32_USB_Device_Library/Class/CustomHID/Src/usbd_customhid.c ****   USBD_LL_OpenEP(pdev, CUSTOM_HID_EPIN_ADDR, USBD_EP_TYPE_INTR,
 365:Middlewares/ST/STM32_USB_Device_Library/Class/CustomHID/Src/usbd_customhid.c ****                  CUSTOM_HID_EPIN_SIZE);
 366:Middlewares/ST/STM32_USB_Device_Library/Class/CustomHID/Src/usbd_customhid.c **** 
 367:Middlewares/ST/STM32_USB_Device_Library/Class/CustomHID/Src/usbd_customhid.c ****   pdev->ep_in[CUSTOM_HID_EPIN_ADDR & 0xFU].is_used = 1U;
 368:Middlewares/ST/STM32_USB_Device_Library/Class/CustomHID/Src/usbd_customhid.c **** 
 369:Middlewares/ST/STM32_USB_Device_Library/Class/CustomHID/Src/usbd_customhid.c ****   /* Open EP OUT */
 370:Middlewares/ST/STM32_USB_Device_Library/Class/CustomHID/Src/usbd_customhid.c ****   USBD_LL_OpenEP(pdev, CUSTOM_HID_EPOUT_ADDR, USBD_EP_TYPE_INTR,
 371:Middlewares/ST/STM32_USB_Device_Library/Class/CustomHID/Src/usbd_customhid.c ****                  CUSTOM_HID_EPOUT_SIZE);
 372:Middlewares/ST/STM32_USB_Device_Library/Class/CustomHID/Src/usbd_customhid.c **** 
 373:Middlewares/ST/STM32_USB_Device_Library/Class/CustomHID/Src/usbd_customhid.c ****   pdev->ep_out[CUSTOM_HID_EPOUT_ADDR & 0xFU].is_used = 1U;
 374:Middlewares/ST/STM32_USB_Device_Library/Class/CustomHID/Src/usbd_customhid.c **** 
ARM GAS  C:\Users\jonar\AppData\Local\Temp\ccm7wO9b.s 			page 8


 375:Middlewares/ST/STM32_USB_Device_Library/Class/CustomHID/Src/usbd_customhid.c ****   pdev->pClassData = USBD_malloc(sizeof(USBD_CUSTOM_HID_HandleTypeDef));
 376:Middlewares/ST/STM32_USB_Device_Library/Class/CustomHID/Src/usbd_customhid.c **** 
 377:Middlewares/ST/STM32_USB_Device_Library/Class/CustomHID/Src/usbd_customhid.c ****   if (pdev->pClassData == NULL)
 378:Middlewares/ST/STM32_USB_Device_Library/Class/CustomHID/Src/usbd_customhid.c ****   {
 379:Middlewares/ST/STM32_USB_Device_Library/Class/CustomHID/Src/usbd_customhid.c ****     ret = 1U;
 380:Middlewares/ST/STM32_USB_Device_Library/Class/CustomHID/Src/usbd_customhid.c ****   }
 381:Middlewares/ST/STM32_USB_Device_Library/Class/CustomHID/Src/usbd_customhid.c ****   else
 382:Middlewares/ST/STM32_USB_Device_Library/Class/CustomHID/Src/usbd_customhid.c ****   {
 383:Middlewares/ST/STM32_USB_Device_Library/Class/CustomHID/Src/usbd_customhid.c ****     hhid = (USBD_CUSTOM_HID_HandleTypeDef *) pdev->pClassData;
 384:Middlewares/ST/STM32_USB_Device_Library/Class/CustomHID/Src/usbd_customhid.c **** 
 385:Middlewares/ST/STM32_USB_Device_Library/Class/CustomHID/Src/usbd_customhid.c ****     hhid->state = CUSTOM_HID_IDLE;
 386:Middlewares/ST/STM32_USB_Device_Library/Class/CustomHID/Src/usbd_customhid.c ****     ((USBD_CUSTOM_HID_ItfTypeDef *)pdev->pUserData)->Init();
 387:Middlewares/ST/STM32_USB_Device_Library/Class/CustomHID/Src/usbd_customhid.c **** 
 388:Middlewares/ST/STM32_USB_Device_Library/Class/CustomHID/Src/usbd_customhid.c ****     /* Prepare Out endpoint to receive 1st packet */
 389:Middlewares/ST/STM32_USB_Device_Library/Class/CustomHID/Src/usbd_customhid.c ****     USBD_LL_PrepareReceive(pdev, CUSTOM_HID_EPOUT_ADDR, hhid->Report_buf,
 390:Middlewares/ST/STM32_USB_Device_Library/Class/CustomHID/Src/usbd_customhid.c ****                            USBD_CUSTOMHID_OUTREPORT_BUF_SIZE);
 391:Middlewares/ST/STM32_USB_Device_Library/Class/CustomHID/Src/usbd_customhid.c ****   }
 392:Middlewares/ST/STM32_USB_Device_Library/Class/CustomHID/Src/usbd_customhid.c **** 
 393:Middlewares/ST/STM32_USB_Device_Library/Class/CustomHID/Src/usbd_customhid.c ****   return ret;
 394:Middlewares/ST/STM32_USB_Device_Library/Class/CustomHID/Src/usbd_customhid.c **** }
 395:Middlewares/ST/STM32_USB_Device_Library/Class/CustomHID/Src/usbd_customhid.c **** 
 396:Middlewares/ST/STM32_USB_Device_Library/Class/CustomHID/Src/usbd_customhid.c **** /**
 397:Middlewares/ST/STM32_USB_Device_Library/Class/CustomHID/Src/usbd_customhid.c ****   * @brief  USBD_CUSTOM_HID_Init
 398:Middlewares/ST/STM32_USB_Device_Library/Class/CustomHID/Src/usbd_customhid.c ****   *         DeInitialize the CUSTOM_HID layer
 399:Middlewares/ST/STM32_USB_Device_Library/Class/CustomHID/Src/usbd_customhid.c ****   * @param  pdev: device instance
 400:Middlewares/ST/STM32_USB_Device_Library/Class/CustomHID/Src/usbd_customhid.c ****   * @param  cfgidx: Configuration index
 401:Middlewares/ST/STM32_USB_Device_Library/Class/CustomHID/Src/usbd_customhid.c ****   * @retval status
 402:Middlewares/ST/STM32_USB_Device_Library/Class/CustomHID/Src/usbd_customhid.c ****   */
 403:Middlewares/ST/STM32_USB_Device_Library/Class/CustomHID/Src/usbd_customhid.c **** static uint8_t  USBD_CUSTOM_HID_DeInit(USBD_HandleTypeDef *pdev,
 404:Middlewares/ST/STM32_USB_Device_Library/Class/CustomHID/Src/usbd_customhid.c ****                                        uint8_t cfgidx)
 405:Middlewares/ST/STM32_USB_Device_Library/Class/CustomHID/Src/usbd_customhid.c **** {
 406:Middlewares/ST/STM32_USB_Device_Library/Class/CustomHID/Src/usbd_customhid.c ****   /* Close CUSTOM_HID EP IN */
 407:Middlewares/ST/STM32_USB_Device_Library/Class/CustomHID/Src/usbd_customhid.c ****   USBD_LL_CloseEP(pdev, CUSTOM_HID_EPIN_ADDR);
 408:Middlewares/ST/STM32_USB_Device_Library/Class/CustomHID/Src/usbd_customhid.c ****   pdev->ep_in[CUSTOM_HID_EPIN_ADDR & 0xFU].is_used = 0U;
 409:Middlewares/ST/STM32_USB_Device_Library/Class/CustomHID/Src/usbd_customhid.c **** 
 410:Middlewares/ST/STM32_USB_Device_Library/Class/CustomHID/Src/usbd_customhid.c ****   /* Close CUSTOM_HID EP OUT */
 411:Middlewares/ST/STM32_USB_Device_Library/Class/CustomHID/Src/usbd_customhid.c ****   USBD_LL_CloseEP(pdev, CUSTOM_HID_EPOUT_ADDR);
 412:Middlewares/ST/STM32_USB_Device_Library/Class/CustomHID/Src/usbd_customhid.c ****   pdev->ep_out[CUSTOM_HID_EPOUT_ADDR & 0xFU].is_used = 0U;
 413:Middlewares/ST/STM32_USB_Device_Library/Class/CustomHID/Src/usbd_customhid.c **** 
 414:Middlewares/ST/STM32_USB_Device_Library/Class/CustomHID/Src/usbd_customhid.c ****   /* FRee allocated memory */
 415:Middlewares/ST/STM32_USB_Device_Library/Class/CustomHID/Src/usbd_customhid.c ****   if (pdev->pClassData != NULL)
 416:Middlewares/ST/STM32_USB_Device_Library/Class/CustomHID/Src/usbd_customhid.c ****   {
 417:Middlewares/ST/STM32_USB_Device_Library/Class/CustomHID/Src/usbd_customhid.c ****     ((USBD_CUSTOM_HID_ItfTypeDef *)pdev->pUserData)->DeInit();
 418:Middlewares/ST/STM32_USB_Device_Library/Class/CustomHID/Src/usbd_customhid.c ****     USBD_free(pdev->pClassData);
 419:Middlewares/ST/STM32_USB_Device_Library/Class/CustomHID/Src/usbd_customhid.c ****     pdev->pClassData = NULL;
 420:Middlewares/ST/STM32_USB_Device_Library/Class/CustomHID/Src/usbd_customhid.c ****   }
 421:Middlewares/ST/STM32_USB_Device_Library/Class/CustomHID/Src/usbd_customhid.c ****   return USBD_OK;
 422:Middlewares/ST/STM32_USB_Device_Library/Class/CustomHID/Src/usbd_customhid.c **** }
 423:Middlewares/ST/STM32_USB_Device_Library/Class/CustomHID/Src/usbd_customhid.c **** 
 424:Middlewares/ST/STM32_USB_Device_Library/Class/CustomHID/Src/usbd_customhid.c **** /**
 425:Middlewares/ST/STM32_USB_Device_Library/Class/CustomHID/Src/usbd_customhid.c ****   * @brief  USBD_CUSTOM_HID_Setup
 426:Middlewares/ST/STM32_USB_Device_Library/Class/CustomHID/Src/usbd_customhid.c ****   *         Handle the CUSTOM_HID specific requests
 427:Middlewares/ST/STM32_USB_Device_Library/Class/CustomHID/Src/usbd_customhid.c ****   * @param  pdev: instance
 428:Middlewares/ST/STM32_USB_Device_Library/Class/CustomHID/Src/usbd_customhid.c ****   * @param  req: usb requests
 429:Middlewares/ST/STM32_USB_Device_Library/Class/CustomHID/Src/usbd_customhid.c ****   * @retval status
 430:Middlewares/ST/STM32_USB_Device_Library/Class/CustomHID/Src/usbd_customhid.c ****   */
 431:Middlewares/ST/STM32_USB_Device_Library/Class/CustomHID/Src/usbd_customhid.c **** static uint8_t  USBD_CUSTOM_HID_Setup(USBD_HandleTypeDef *pdev,
ARM GAS  C:\Users\jonar\AppData\Local\Temp\ccm7wO9b.s 			page 9


 432:Middlewares/ST/STM32_USB_Device_Library/Class/CustomHID/Src/usbd_customhid.c ****                                       USBD_SetupReqTypedef *req)
 433:Middlewares/ST/STM32_USB_Device_Library/Class/CustomHID/Src/usbd_customhid.c **** {
 434:Middlewares/ST/STM32_USB_Device_Library/Class/CustomHID/Src/usbd_customhid.c ****   USBD_CUSTOM_HID_HandleTypeDef *hhid = (USBD_CUSTOM_HID_HandleTypeDef *)pdev->pClassData;
 435:Middlewares/ST/STM32_USB_Device_Library/Class/CustomHID/Src/usbd_customhid.c ****   uint16_t len = 0U;
 436:Middlewares/ST/STM32_USB_Device_Library/Class/CustomHID/Src/usbd_customhid.c ****   uint8_t  *pbuf = NULL;
 437:Middlewares/ST/STM32_USB_Device_Library/Class/CustomHID/Src/usbd_customhid.c ****   uint16_t status_info = 0U;
 438:Middlewares/ST/STM32_USB_Device_Library/Class/CustomHID/Src/usbd_customhid.c ****   uint8_t ret = USBD_OK;
 439:Middlewares/ST/STM32_USB_Device_Library/Class/CustomHID/Src/usbd_customhid.c **** 
 440:Middlewares/ST/STM32_USB_Device_Library/Class/CustomHID/Src/usbd_customhid.c ****   switch (req->bmRequest & USB_REQ_TYPE_MASK)
 441:Middlewares/ST/STM32_USB_Device_Library/Class/CustomHID/Src/usbd_customhid.c ****   {
 442:Middlewares/ST/STM32_USB_Device_Library/Class/CustomHID/Src/usbd_customhid.c ****     case USB_REQ_TYPE_CLASS :
 443:Middlewares/ST/STM32_USB_Device_Library/Class/CustomHID/Src/usbd_customhid.c ****       switch (req->bRequest)
 444:Middlewares/ST/STM32_USB_Device_Library/Class/CustomHID/Src/usbd_customhid.c ****       {
 445:Middlewares/ST/STM32_USB_Device_Library/Class/CustomHID/Src/usbd_customhid.c ****         case CUSTOM_HID_REQ_SET_PROTOCOL:
 446:Middlewares/ST/STM32_USB_Device_Library/Class/CustomHID/Src/usbd_customhid.c ****           hhid->Protocol = (uint8_t)(req->wValue);
 447:Middlewares/ST/STM32_USB_Device_Library/Class/CustomHID/Src/usbd_customhid.c ****           break;
 448:Middlewares/ST/STM32_USB_Device_Library/Class/CustomHID/Src/usbd_customhid.c **** 
 449:Middlewares/ST/STM32_USB_Device_Library/Class/CustomHID/Src/usbd_customhid.c ****         case CUSTOM_HID_REQ_GET_PROTOCOL:
 450:Middlewares/ST/STM32_USB_Device_Library/Class/CustomHID/Src/usbd_customhid.c ****           USBD_CtlSendData(pdev, (uint8_t *)(void *)&hhid->Protocol, 1U);
 451:Middlewares/ST/STM32_USB_Device_Library/Class/CustomHID/Src/usbd_customhid.c ****           break;
 452:Middlewares/ST/STM32_USB_Device_Library/Class/CustomHID/Src/usbd_customhid.c **** 
 453:Middlewares/ST/STM32_USB_Device_Library/Class/CustomHID/Src/usbd_customhid.c ****         case CUSTOM_HID_REQ_SET_IDLE:
 454:Middlewares/ST/STM32_USB_Device_Library/Class/CustomHID/Src/usbd_customhid.c ****           hhid->IdleState = (uint8_t)(req->wValue >> 8);
 455:Middlewares/ST/STM32_USB_Device_Library/Class/CustomHID/Src/usbd_customhid.c ****           break;
 456:Middlewares/ST/STM32_USB_Device_Library/Class/CustomHID/Src/usbd_customhid.c **** 
 457:Middlewares/ST/STM32_USB_Device_Library/Class/CustomHID/Src/usbd_customhid.c ****         case CUSTOM_HID_REQ_GET_IDLE:
 458:Middlewares/ST/STM32_USB_Device_Library/Class/CustomHID/Src/usbd_customhid.c ****           USBD_CtlSendData(pdev, (uint8_t *)(void *)&hhid->IdleState, 1U);
 459:Middlewares/ST/STM32_USB_Device_Library/Class/CustomHID/Src/usbd_customhid.c ****           break;
 460:Middlewares/ST/STM32_USB_Device_Library/Class/CustomHID/Src/usbd_customhid.c **** 
 461:Middlewares/ST/STM32_USB_Device_Library/Class/CustomHID/Src/usbd_customhid.c ****         case CUSTOM_HID_REQ_SET_REPORT:
 462:Middlewares/ST/STM32_USB_Device_Library/Class/CustomHID/Src/usbd_customhid.c ****           hhid->IsReportAvailable = 1U;
 463:Middlewares/ST/STM32_USB_Device_Library/Class/CustomHID/Src/usbd_customhid.c ****           USBD_CtlPrepareRx(pdev, hhid->Report_buf, req->wLength);
 464:Middlewares/ST/STM32_USB_Device_Library/Class/CustomHID/Src/usbd_customhid.c ****           break;
 465:Middlewares/ST/STM32_USB_Device_Library/Class/CustomHID/Src/usbd_customhid.c **** 
 466:Middlewares/ST/STM32_USB_Device_Library/Class/CustomHID/Src/usbd_customhid.c ****         default:
 467:Middlewares/ST/STM32_USB_Device_Library/Class/CustomHID/Src/usbd_customhid.c ****           USBD_CtlError(pdev, req);
 468:Middlewares/ST/STM32_USB_Device_Library/Class/CustomHID/Src/usbd_customhid.c ****           ret = USBD_FAIL;
 469:Middlewares/ST/STM32_USB_Device_Library/Class/CustomHID/Src/usbd_customhid.c ****           break;
 470:Middlewares/ST/STM32_USB_Device_Library/Class/CustomHID/Src/usbd_customhid.c ****       }
 471:Middlewares/ST/STM32_USB_Device_Library/Class/CustomHID/Src/usbd_customhid.c ****       break;
 472:Middlewares/ST/STM32_USB_Device_Library/Class/CustomHID/Src/usbd_customhid.c **** 
 473:Middlewares/ST/STM32_USB_Device_Library/Class/CustomHID/Src/usbd_customhid.c ****     case USB_REQ_TYPE_STANDARD:
 474:Middlewares/ST/STM32_USB_Device_Library/Class/CustomHID/Src/usbd_customhid.c ****       switch (req->bRequest)
 475:Middlewares/ST/STM32_USB_Device_Library/Class/CustomHID/Src/usbd_customhid.c ****       {
 476:Middlewares/ST/STM32_USB_Device_Library/Class/CustomHID/Src/usbd_customhid.c ****         case USB_REQ_GET_STATUS:
 477:Middlewares/ST/STM32_USB_Device_Library/Class/CustomHID/Src/usbd_customhid.c ****           if (pdev->dev_state == USBD_STATE_CONFIGURED)
 478:Middlewares/ST/STM32_USB_Device_Library/Class/CustomHID/Src/usbd_customhid.c ****           {
 479:Middlewares/ST/STM32_USB_Device_Library/Class/CustomHID/Src/usbd_customhid.c ****             USBD_CtlSendData(pdev, (uint8_t *)(void *)&status_info, 2U);
 480:Middlewares/ST/STM32_USB_Device_Library/Class/CustomHID/Src/usbd_customhid.c ****           }
 481:Middlewares/ST/STM32_USB_Device_Library/Class/CustomHID/Src/usbd_customhid.c ****           else
 482:Middlewares/ST/STM32_USB_Device_Library/Class/CustomHID/Src/usbd_customhid.c ****           {
 483:Middlewares/ST/STM32_USB_Device_Library/Class/CustomHID/Src/usbd_customhid.c ****             USBD_CtlError(pdev, req);
 484:Middlewares/ST/STM32_USB_Device_Library/Class/CustomHID/Src/usbd_customhid.c ****             ret = USBD_FAIL;
 485:Middlewares/ST/STM32_USB_Device_Library/Class/CustomHID/Src/usbd_customhid.c ****           }
 486:Middlewares/ST/STM32_USB_Device_Library/Class/CustomHID/Src/usbd_customhid.c ****           break;
 487:Middlewares/ST/STM32_USB_Device_Library/Class/CustomHID/Src/usbd_customhid.c **** 
 488:Middlewares/ST/STM32_USB_Device_Library/Class/CustomHID/Src/usbd_customhid.c ****         case USB_REQ_GET_DESCRIPTOR:
ARM GAS  C:\Users\jonar\AppData\Local\Temp\ccm7wO9b.s 			page 10


 489:Middlewares/ST/STM32_USB_Device_Library/Class/CustomHID/Src/usbd_customhid.c ****           if (req->wValue >> 8 == CUSTOM_HID_REPORT_DESC)
 490:Middlewares/ST/STM32_USB_Device_Library/Class/CustomHID/Src/usbd_customhid.c ****           {
 491:Middlewares/ST/STM32_USB_Device_Library/Class/CustomHID/Src/usbd_customhid.c ****             len = MIN(USBD_CUSTOM_HID_REPORT_DESC_SIZE, req->wLength);
 492:Middlewares/ST/STM32_USB_Device_Library/Class/CustomHID/Src/usbd_customhid.c ****             pbuf = ((USBD_CUSTOM_HID_ItfTypeDef *)pdev->pUserData)->pReport;
 493:Middlewares/ST/STM32_USB_Device_Library/Class/CustomHID/Src/usbd_customhid.c ****           }
 494:Middlewares/ST/STM32_USB_Device_Library/Class/CustomHID/Src/usbd_customhid.c ****           else
 495:Middlewares/ST/STM32_USB_Device_Library/Class/CustomHID/Src/usbd_customhid.c ****           {
 496:Middlewares/ST/STM32_USB_Device_Library/Class/CustomHID/Src/usbd_customhid.c ****             if (req->wValue >> 8 == CUSTOM_HID_DESCRIPTOR_TYPE)
 497:Middlewares/ST/STM32_USB_Device_Library/Class/CustomHID/Src/usbd_customhid.c ****             {
 498:Middlewares/ST/STM32_USB_Device_Library/Class/CustomHID/Src/usbd_customhid.c ****               pbuf = USBD_CUSTOM_HID_Desc;
 499:Middlewares/ST/STM32_USB_Device_Library/Class/CustomHID/Src/usbd_customhid.c ****               len = MIN(USB_CUSTOM_HID_DESC_SIZ, req->wLength);
 500:Middlewares/ST/STM32_USB_Device_Library/Class/CustomHID/Src/usbd_customhid.c ****             }
 501:Middlewares/ST/STM32_USB_Device_Library/Class/CustomHID/Src/usbd_customhid.c ****           }
 502:Middlewares/ST/STM32_USB_Device_Library/Class/CustomHID/Src/usbd_customhid.c **** 
 503:Middlewares/ST/STM32_USB_Device_Library/Class/CustomHID/Src/usbd_customhid.c ****           USBD_CtlSendData(pdev, pbuf, len);
 504:Middlewares/ST/STM32_USB_Device_Library/Class/CustomHID/Src/usbd_customhid.c ****           break;
 505:Middlewares/ST/STM32_USB_Device_Library/Class/CustomHID/Src/usbd_customhid.c **** 
 506:Middlewares/ST/STM32_USB_Device_Library/Class/CustomHID/Src/usbd_customhid.c ****         case USB_REQ_GET_INTERFACE :
 507:Middlewares/ST/STM32_USB_Device_Library/Class/CustomHID/Src/usbd_customhid.c ****           if (pdev->dev_state == USBD_STATE_CONFIGURED)
 508:Middlewares/ST/STM32_USB_Device_Library/Class/CustomHID/Src/usbd_customhid.c ****           {
 509:Middlewares/ST/STM32_USB_Device_Library/Class/CustomHID/Src/usbd_customhid.c ****             USBD_CtlSendData(pdev, (uint8_t *)(void *)&hhid->AltSetting, 1U);
 510:Middlewares/ST/STM32_USB_Device_Library/Class/CustomHID/Src/usbd_customhid.c ****           }
 511:Middlewares/ST/STM32_USB_Device_Library/Class/CustomHID/Src/usbd_customhid.c ****           else
 512:Middlewares/ST/STM32_USB_Device_Library/Class/CustomHID/Src/usbd_customhid.c ****           {
 513:Middlewares/ST/STM32_USB_Device_Library/Class/CustomHID/Src/usbd_customhid.c ****             USBD_CtlError(pdev, req);
 514:Middlewares/ST/STM32_USB_Device_Library/Class/CustomHID/Src/usbd_customhid.c ****             ret = USBD_FAIL;
 515:Middlewares/ST/STM32_USB_Device_Library/Class/CustomHID/Src/usbd_customhid.c ****           }
 516:Middlewares/ST/STM32_USB_Device_Library/Class/CustomHID/Src/usbd_customhid.c ****           break;
 517:Middlewares/ST/STM32_USB_Device_Library/Class/CustomHID/Src/usbd_customhid.c **** 
 518:Middlewares/ST/STM32_USB_Device_Library/Class/CustomHID/Src/usbd_customhid.c ****         case USB_REQ_SET_INTERFACE :
 519:Middlewares/ST/STM32_USB_Device_Library/Class/CustomHID/Src/usbd_customhid.c ****           if (pdev->dev_state == USBD_STATE_CONFIGURED)
 520:Middlewares/ST/STM32_USB_Device_Library/Class/CustomHID/Src/usbd_customhid.c ****           {
 521:Middlewares/ST/STM32_USB_Device_Library/Class/CustomHID/Src/usbd_customhid.c ****             hhid->AltSetting = (uint8_t)(req->wValue);
 522:Middlewares/ST/STM32_USB_Device_Library/Class/CustomHID/Src/usbd_customhid.c ****           }
 523:Middlewares/ST/STM32_USB_Device_Library/Class/CustomHID/Src/usbd_customhid.c ****           else
 524:Middlewares/ST/STM32_USB_Device_Library/Class/CustomHID/Src/usbd_customhid.c ****           {
 525:Middlewares/ST/STM32_USB_Device_Library/Class/CustomHID/Src/usbd_customhid.c ****             USBD_CtlError(pdev, req);
 526:Middlewares/ST/STM32_USB_Device_Library/Class/CustomHID/Src/usbd_customhid.c ****             ret = USBD_FAIL;
 527:Middlewares/ST/STM32_USB_Device_Library/Class/CustomHID/Src/usbd_customhid.c ****           }
 528:Middlewares/ST/STM32_USB_Device_Library/Class/CustomHID/Src/usbd_customhid.c ****           break;
 529:Middlewares/ST/STM32_USB_Device_Library/Class/CustomHID/Src/usbd_customhid.c **** 
 530:Middlewares/ST/STM32_USB_Device_Library/Class/CustomHID/Src/usbd_customhid.c ****         default:
 531:Middlewares/ST/STM32_USB_Device_Library/Class/CustomHID/Src/usbd_customhid.c ****           USBD_CtlError(pdev, req);
 532:Middlewares/ST/STM32_USB_Device_Library/Class/CustomHID/Src/usbd_customhid.c ****           ret = USBD_FAIL;
 533:Middlewares/ST/STM32_USB_Device_Library/Class/CustomHID/Src/usbd_customhid.c ****           break;
 534:Middlewares/ST/STM32_USB_Device_Library/Class/CustomHID/Src/usbd_customhid.c ****       }
 535:Middlewares/ST/STM32_USB_Device_Library/Class/CustomHID/Src/usbd_customhid.c ****       break;
 536:Middlewares/ST/STM32_USB_Device_Library/Class/CustomHID/Src/usbd_customhid.c **** 
 537:Middlewares/ST/STM32_USB_Device_Library/Class/CustomHID/Src/usbd_customhid.c ****     default:
 538:Middlewares/ST/STM32_USB_Device_Library/Class/CustomHID/Src/usbd_customhid.c ****       USBD_CtlError(pdev, req);
 539:Middlewares/ST/STM32_USB_Device_Library/Class/CustomHID/Src/usbd_customhid.c ****       ret = USBD_FAIL;
 540:Middlewares/ST/STM32_USB_Device_Library/Class/CustomHID/Src/usbd_customhid.c ****       break;
 541:Middlewares/ST/STM32_USB_Device_Library/Class/CustomHID/Src/usbd_customhid.c ****   }
 542:Middlewares/ST/STM32_USB_Device_Library/Class/CustomHID/Src/usbd_customhid.c ****   return ret;
 543:Middlewares/ST/STM32_USB_Device_Library/Class/CustomHID/Src/usbd_customhid.c **** }
 544:Middlewares/ST/STM32_USB_Device_Library/Class/CustomHID/Src/usbd_customhid.c **** 
 545:Middlewares/ST/STM32_USB_Device_Library/Class/CustomHID/Src/usbd_customhid.c **** /**
ARM GAS  C:\Users\jonar\AppData\Local\Temp\ccm7wO9b.s 			page 11


 546:Middlewares/ST/STM32_USB_Device_Library/Class/CustomHID/Src/usbd_customhid.c ****   * @brief  USBD_CUSTOM_HID_SendReport
 547:Middlewares/ST/STM32_USB_Device_Library/Class/CustomHID/Src/usbd_customhid.c ****   *         Send CUSTOM_HID Report
 548:Middlewares/ST/STM32_USB_Device_Library/Class/CustomHID/Src/usbd_customhid.c ****   * @param  pdev: device instance
 549:Middlewares/ST/STM32_USB_Device_Library/Class/CustomHID/Src/usbd_customhid.c ****   * @param  buff: pointer to report
 550:Middlewares/ST/STM32_USB_Device_Library/Class/CustomHID/Src/usbd_customhid.c ****   * @retval status
 551:Middlewares/ST/STM32_USB_Device_Library/Class/CustomHID/Src/usbd_customhid.c ****   */
 552:Middlewares/ST/STM32_USB_Device_Library/Class/CustomHID/Src/usbd_customhid.c **** uint8_t USBD_CUSTOM_HID_SendReport(USBD_HandleTypeDef  *pdev,
 553:Middlewares/ST/STM32_USB_Device_Library/Class/CustomHID/Src/usbd_customhid.c ****                                    uint8_t *report,
 554:Middlewares/ST/STM32_USB_Device_Library/Class/CustomHID/Src/usbd_customhid.c ****                                    uint16_t len)
 555:Middlewares/ST/STM32_USB_Device_Library/Class/CustomHID/Src/usbd_customhid.c **** {
 556:Middlewares/ST/STM32_USB_Device_Library/Class/CustomHID/Src/usbd_customhid.c ****   USBD_CUSTOM_HID_HandleTypeDef     *hhid = (USBD_CUSTOM_HID_HandleTypeDef *)pdev->pClassData;
 557:Middlewares/ST/STM32_USB_Device_Library/Class/CustomHID/Src/usbd_customhid.c **** 
 558:Middlewares/ST/STM32_USB_Device_Library/Class/CustomHID/Src/usbd_customhid.c ****   if (pdev->dev_state == USBD_STATE_CONFIGURED)
 559:Middlewares/ST/STM32_USB_Device_Library/Class/CustomHID/Src/usbd_customhid.c ****   {
 560:Middlewares/ST/STM32_USB_Device_Library/Class/CustomHID/Src/usbd_customhid.c ****     if (hhid->state == CUSTOM_HID_IDLE)
 561:Middlewares/ST/STM32_USB_Device_Library/Class/CustomHID/Src/usbd_customhid.c ****     {
 562:Middlewares/ST/STM32_USB_Device_Library/Class/CustomHID/Src/usbd_customhid.c ****       hhid->state = CUSTOM_HID_BUSY;
 563:Middlewares/ST/STM32_USB_Device_Library/Class/CustomHID/Src/usbd_customhid.c ****       USBD_LL_Transmit(pdev, CUSTOM_HID_EPIN_ADDR, report, len);
 564:Middlewares/ST/STM32_USB_Device_Library/Class/CustomHID/Src/usbd_customhid.c ****     }
 565:Middlewares/ST/STM32_USB_Device_Library/Class/CustomHID/Src/usbd_customhid.c ****     else
 566:Middlewares/ST/STM32_USB_Device_Library/Class/CustomHID/Src/usbd_customhid.c ****     {
 567:Middlewares/ST/STM32_USB_Device_Library/Class/CustomHID/Src/usbd_customhid.c ****       return USBD_BUSY;
 568:Middlewares/ST/STM32_USB_Device_Library/Class/CustomHID/Src/usbd_customhid.c ****     }
 569:Middlewares/ST/STM32_USB_Device_Library/Class/CustomHID/Src/usbd_customhid.c ****   }
 570:Middlewares/ST/STM32_USB_Device_Library/Class/CustomHID/Src/usbd_customhid.c ****   return USBD_OK;
 571:Middlewares/ST/STM32_USB_Device_Library/Class/CustomHID/Src/usbd_customhid.c **** }
 572:Middlewares/ST/STM32_USB_Device_Library/Class/CustomHID/Src/usbd_customhid.c **** 
 573:Middlewares/ST/STM32_USB_Device_Library/Class/CustomHID/Src/usbd_customhid.c **** /**
 574:Middlewares/ST/STM32_USB_Device_Library/Class/CustomHID/Src/usbd_customhid.c ****   * @brief  USBD_CUSTOM_HID_GetFSCfgDesc
 575:Middlewares/ST/STM32_USB_Device_Library/Class/CustomHID/Src/usbd_customhid.c ****   *         return FS configuration descriptor
 576:Middlewares/ST/STM32_USB_Device_Library/Class/CustomHID/Src/usbd_customhid.c ****   * @param  speed : current device speed
 577:Middlewares/ST/STM32_USB_Device_Library/Class/CustomHID/Src/usbd_customhid.c ****   * @param  length : pointer data length
 578:Middlewares/ST/STM32_USB_Device_Library/Class/CustomHID/Src/usbd_customhid.c ****   * @retval pointer to descriptor buffer
 579:Middlewares/ST/STM32_USB_Device_Library/Class/CustomHID/Src/usbd_customhid.c ****   */
 580:Middlewares/ST/STM32_USB_Device_Library/Class/CustomHID/Src/usbd_customhid.c **** static uint8_t  *USBD_CUSTOM_HID_GetFSCfgDesc(uint16_t *length)
 581:Middlewares/ST/STM32_USB_Device_Library/Class/CustomHID/Src/usbd_customhid.c **** {
  27              		.loc 1 581 1 view -0
  28              		.cfi_startproc
  29              		@ args = 0, pretend = 0, frame = 0
  30              		@ frame_needed = 0, uses_anonymous_args = 0
  31              		@ link register save eliminated.
 582:Middlewares/ST/STM32_USB_Device_Library/Class/CustomHID/Src/usbd_customhid.c ****   *length = sizeof(USBD_CUSTOM_HID_CfgFSDesc);
  32              		.loc 1 582 3 view .LVU1
  33              		.loc 1 582 11 is_stmt 0 view .LVU2
  34 0000 2923     		movs	r3, #41
  35 0002 0380     		strh	r3, [r0]	@ movhi
 583:Middlewares/ST/STM32_USB_Device_Library/Class/CustomHID/Src/usbd_customhid.c ****   return USBD_CUSTOM_HID_CfgFSDesc;
  36              		.loc 1 583 3 is_stmt 1 view .LVU3
 584:Middlewares/ST/STM32_USB_Device_Library/Class/CustomHID/Src/usbd_customhid.c **** }
  37              		.loc 1 584 1 is_stmt 0 view .LVU4
  38 0004 0048     		ldr	r0, .L2
  39              	.LVL1:
  40              		.loc 1 584 1 view .LVU5
  41 0006 7047     		bx	lr
  42              	.L3:
  43              		.align	2
  44              	.L2:
ARM GAS  C:\Users\jonar\AppData\Local\Temp\ccm7wO9b.s 			page 12


  45 0008 00000000 		.word	USBD_CUSTOM_HID_CfgFSDesc
  46              		.cfi_endproc
  47              	.LFE72:
  49              		.section	.text.USBD_CUSTOM_HID_GetHSCfgDesc,"ax",%progbits
  50              		.align	1
  51              		.syntax unified
  52              		.thumb
  53              		.thumb_func
  55              	USBD_CUSTOM_HID_GetHSCfgDesc:
  56              	.LVL2:
  57              	.LFB73:
 585:Middlewares/ST/STM32_USB_Device_Library/Class/CustomHID/Src/usbd_customhid.c **** 
 586:Middlewares/ST/STM32_USB_Device_Library/Class/CustomHID/Src/usbd_customhid.c **** /**
 587:Middlewares/ST/STM32_USB_Device_Library/Class/CustomHID/Src/usbd_customhid.c ****   * @brief  USBD_CUSTOM_HID_GetHSCfgDesc
 588:Middlewares/ST/STM32_USB_Device_Library/Class/CustomHID/Src/usbd_customhid.c ****   *         return HS configuration descriptor
 589:Middlewares/ST/STM32_USB_Device_Library/Class/CustomHID/Src/usbd_customhid.c ****   * @param  speed : current device speed
 590:Middlewares/ST/STM32_USB_Device_Library/Class/CustomHID/Src/usbd_customhid.c ****   * @param  length : pointer data length
 591:Middlewares/ST/STM32_USB_Device_Library/Class/CustomHID/Src/usbd_customhid.c ****   * @retval pointer to descriptor buffer
 592:Middlewares/ST/STM32_USB_Device_Library/Class/CustomHID/Src/usbd_customhid.c ****   */
 593:Middlewares/ST/STM32_USB_Device_Library/Class/CustomHID/Src/usbd_customhid.c **** static uint8_t  *USBD_CUSTOM_HID_GetHSCfgDesc(uint16_t *length)
 594:Middlewares/ST/STM32_USB_Device_Library/Class/CustomHID/Src/usbd_customhid.c **** {
  58              		.loc 1 594 1 is_stmt 1 view -0
  59              		.cfi_startproc
  60              		@ args = 0, pretend = 0, frame = 0
  61              		@ frame_needed = 0, uses_anonymous_args = 0
  62              		@ link register save eliminated.
 595:Middlewares/ST/STM32_USB_Device_Library/Class/CustomHID/Src/usbd_customhid.c ****   *length = sizeof(USBD_CUSTOM_HID_CfgHSDesc);
  63              		.loc 1 595 3 view .LVU7
  64              		.loc 1 595 11 is_stmt 0 view .LVU8
  65 0000 2923     		movs	r3, #41
  66 0002 0380     		strh	r3, [r0]	@ movhi
 596:Middlewares/ST/STM32_USB_Device_Library/Class/CustomHID/Src/usbd_customhid.c ****   return USBD_CUSTOM_HID_CfgHSDesc;
  67              		.loc 1 596 3 is_stmt 1 view .LVU9
 597:Middlewares/ST/STM32_USB_Device_Library/Class/CustomHID/Src/usbd_customhid.c **** }
  68              		.loc 1 597 1 is_stmt 0 view .LVU10
  69 0004 0048     		ldr	r0, .L5
  70              	.LVL3:
  71              		.loc 1 597 1 view .LVU11
  72 0006 7047     		bx	lr
  73              	.L6:
  74              		.align	2
  75              	.L5:
  76 0008 00000000 		.word	USBD_CUSTOM_HID_CfgHSDesc
  77              		.cfi_endproc
  78              	.LFE73:
  80              		.section	.text.USBD_CUSTOM_HID_GetOtherSpeedCfgDesc,"ax",%progbits
  81              		.align	1
  82              		.syntax unified
  83              		.thumb
  84              		.thumb_func
  86              	USBD_CUSTOM_HID_GetOtherSpeedCfgDesc:
  87              	.LVL4:
  88              	.LFB74:
 598:Middlewares/ST/STM32_USB_Device_Library/Class/CustomHID/Src/usbd_customhid.c **** 
 599:Middlewares/ST/STM32_USB_Device_Library/Class/CustomHID/Src/usbd_customhid.c **** /**
 600:Middlewares/ST/STM32_USB_Device_Library/Class/CustomHID/Src/usbd_customhid.c ****   * @brief  USBD_CUSTOM_HID_GetOtherSpeedCfgDesc
 601:Middlewares/ST/STM32_USB_Device_Library/Class/CustomHID/Src/usbd_customhid.c ****   *         return other speed configuration descriptor
ARM GAS  C:\Users\jonar\AppData\Local\Temp\ccm7wO9b.s 			page 13


 602:Middlewares/ST/STM32_USB_Device_Library/Class/CustomHID/Src/usbd_customhid.c ****   * @param  speed : current device speed
 603:Middlewares/ST/STM32_USB_Device_Library/Class/CustomHID/Src/usbd_customhid.c ****   * @param  length : pointer data length
 604:Middlewares/ST/STM32_USB_Device_Library/Class/CustomHID/Src/usbd_customhid.c ****   * @retval pointer to descriptor buffer
 605:Middlewares/ST/STM32_USB_Device_Library/Class/CustomHID/Src/usbd_customhid.c ****   */
 606:Middlewares/ST/STM32_USB_Device_Library/Class/CustomHID/Src/usbd_customhid.c **** static uint8_t  *USBD_CUSTOM_HID_GetOtherSpeedCfgDesc(uint16_t *length)
 607:Middlewares/ST/STM32_USB_Device_Library/Class/CustomHID/Src/usbd_customhid.c **** {
  89              		.loc 1 607 1 is_stmt 1 view -0
  90              		.cfi_startproc
  91              		@ args = 0, pretend = 0, frame = 0
  92              		@ frame_needed = 0, uses_anonymous_args = 0
  93              		@ link register save eliminated.
 608:Middlewares/ST/STM32_USB_Device_Library/Class/CustomHID/Src/usbd_customhid.c ****   *length = sizeof(USBD_CUSTOM_HID_OtherSpeedCfgDesc);
  94              		.loc 1 608 3 view .LVU13
  95              		.loc 1 608 11 is_stmt 0 view .LVU14
  96 0000 2923     		movs	r3, #41
  97 0002 0380     		strh	r3, [r0]	@ movhi
 609:Middlewares/ST/STM32_USB_Device_Library/Class/CustomHID/Src/usbd_customhid.c ****   return USBD_CUSTOM_HID_OtherSpeedCfgDesc;
  98              		.loc 1 609 3 is_stmt 1 view .LVU15
 610:Middlewares/ST/STM32_USB_Device_Library/Class/CustomHID/Src/usbd_customhid.c **** }
  99              		.loc 1 610 1 is_stmt 0 view .LVU16
 100 0004 0048     		ldr	r0, .L8
 101              	.LVL5:
 102              		.loc 1 610 1 view .LVU17
 103 0006 7047     		bx	lr
 104              	.L9:
 105              		.align	2
 106              	.L8:
 107 0008 00000000 		.word	USBD_CUSTOM_HID_OtherSpeedCfgDesc
 108              		.cfi_endproc
 109              	.LFE74:
 111              		.section	.text.USBD_CUSTOM_HID_DataIn,"ax",%progbits
 112              		.align	1
 113              		.syntax unified
 114              		.thumb
 115              		.thumb_func
 117              	USBD_CUSTOM_HID_DataIn:
 118              	.LVL6:
 119              	.LFB75:
 611:Middlewares/ST/STM32_USB_Device_Library/Class/CustomHID/Src/usbd_customhid.c **** 
 612:Middlewares/ST/STM32_USB_Device_Library/Class/CustomHID/Src/usbd_customhid.c **** /**
 613:Middlewares/ST/STM32_USB_Device_Library/Class/CustomHID/Src/usbd_customhid.c ****   * @brief  USBD_CUSTOM_HID_DataIn
 614:Middlewares/ST/STM32_USB_Device_Library/Class/CustomHID/Src/usbd_customhid.c ****   *         handle data IN Stage
 615:Middlewares/ST/STM32_USB_Device_Library/Class/CustomHID/Src/usbd_customhid.c ****   * @param  pdev: device instance
 616:Middlewares/ST/STM32_USB_Device_Library/Class/CustomHID/Src/usbd_customhid.c ****   * @param  epnum: endpoint index
 617:Middlewares/ST/STM32_USB_Device_Library/Class/CustomHID/Src/usbd_customhid.c ****   * @retval status
 618:Middlewares/ST/STM32_USB_Device_Library/Class/CustomHID/Src/usbd_customhid.c ****   */
 619:Middlewares/ST/STM32_USB_Device_Library/Class/CustomHID/Src/usbd_customhid.c **** static uint8_t  USBD_CUSTOM_HID_DataIn(USBD_HandleTypeDef *pdev,
 620:Middlewares/ST/STM32_USB_Device_Library/Class/CustomHID/Src/usbd_customhid.c ****                                        uint8_t epnum)
 621:Middlewares/ST/STM32_USB_Device_Library/Class/CustomHID/Src/usbd_customhid.c **** {
 120              		.loc 1 621 1 is_stmt 1 view -0
 121              		.cfi_startproc
 122              		@ args = 0, pretend = 0, frame = 0
 123              		@ frame_needed = 0, uses_anonymous_args = 0
 124              		@ link register save eliminated.
 622:Middlewares/ST/STM32_USB_Device_Library/Class/CustomHID/Src/usbd_customhid.c ****   /* Ensure that the FIFO is empty before a new transfer, this condition could
 623:Middlewares/ST/STM32_USB_Device_Library/Class/CustomHID/Src/usbd_customhid.c ****   be caused by  a new transfer before the end of the previous transfer */
 624:Middlewares/ST/STM32_USB_Device_Library/Class/CustomHID/Src/usbd_customhid.c ****   ((USBD_CUSTOM_HID_HandleTypeDef *)pdev->pClassData)->state = CUSTOM_HID_IDLE;
ARM GAS  C:\Users\jonar\AppData\Local\Temp\ccm7wO9b.s 			page 14


 125              		.loc 1 624 3 view .LVU19
 126              		.loc 1 624 41 is_stmt 0 view .LVU20
 127 0000 D0F8B832 		ldr	r3, [r0, #696]
 128              		.loc 1 624 62 view .LVU21
 129 0004 0020     		movs	r0, #0
 130              	.LVL7:
 131              		.loc 1 624 62 view .LVU22
 132 0006 1875     		strb	r0, [r3, #20]
 625:Middlewares/ST/STM32_USB_Device_Library/Class/CustomHID/Src/usbd_customhid.c **** 
 626:Middlewares/ST/STM32_USB_Device_Library/Class/CustomHID/Src/usbd_customhid.c ****   return USBD_OK;
 133              		.loc 1 626 3 is_stmt 1 view .LVU23
 627:Middlewares/ST/STM32_USB_Device_Library/Class/CustomHID/Src/usbd_customhid.c **** }
 134              		.loc 1 627 1 is_stmt 0 view .LVU24
 135 0008 7047     		bx	lr
 136              		.cfi_endproc
 137              	.LFE75:
 139              		.section	.text.USBD_CUSTOM_HID_EP0_RxReady,"ax",%progbits
 140              		.align	1
 141              		.syntax unified
 142              		.thumb
 143              		.thumb_func
 145              	USBD_CUSTOM_HID_EP0_RxReady:
 146              	.LVL8:
 147              	.LFB77:
 628:Middlewares/ST/STM32_USB_Device_Library/Class/CustomHID/Src/usbd_customhid.c **** 
 629:Middlewares/ST/STM32_USB_Device_Library/Class/CustomHID/Src/usbd_customhid.c **** /**
 630:Middlewares/ST/STM32_USB_Device_Library/Class/CustomHID/Src/usbd_customhid.c ****   * @brief  USBD_CUSTOM_HID_DataOut
 631:Middlewares/ST/STM32_USB_Device_Library/Class/CustomHID/Src/usbd_customhid.c ****   *         handle data OUT Stage
 632:Middlewares/ST/STM32_USB_Device_Library/Class/CustomHID/Src/usbd_customhid.c ****   * @param  pdev: device instance
 633:Middlewares/ST/STM32_USB_Device_Library/Class/CustomHID/Src/usbd_customhid.c ****   * @param  epnum: endpoint index
 634:Middlewares/ST/STM32_USB_Device_Library/Class/CustomHID/Src/usbd_customhid.c ****   * @retval status
 635:Middlewares/ST/STM32_USB_Device_Library/Class/CustomHID/Src/usbd_customhid.c ****   */
 636:Middlewares/ST/STM32_USB_Device_Library/Class/CustomHID/Src/usbd_customhid.c **** static uint8_t  USBD_CUSTOM_HID_DataOut(USBD_HandleTypeDef *pdev,
 637:Middlewares/ST/STM32_USB_Device_Library/Class/CustomHID/Src/usbd_customhid.c ****                                         uint8_t epnum)
 638:Middlewares/ST/STM32_USB_Device_Library/Class/CustomHID/Src/usbd_customhid.c **** {
 639:Middlewares/ST/STM32_USB_Device_Library/Class/CustomHID/Src/usbd_customhid.c **** 
 640:Middlewares/ST/STM32_USB_Device_Library/Class/CustomHID/Src/usbd_customhid.c ****   USBD_CUSTOM_HID_HandleTypeDef     *hhid = (USBD_CUSTOM_HID_HandleTypeDef *)pdev->pClassData;
 641:Middlewares/ST/STM32_USB_Device_Library/Class/CustomHID/Src/usbd_customhid.c **** 
 642:Middlewares/ST/STM32_USB_Device_Library/Class/CustomHID/Src/usbd_customhid.c ****   ((USBD_CUSTOM_HID_ItfTypeDef *)pdev->pUserData)->OutEvent(hhid->Report_buf[0],
 643:Middlewares/ST/STM32_USB_Device_Library/Class/CustomHID/Src/usbd_customhid.c ****                                                             hhid->Report_buf[1]);
 644:Middlewares/ST/STM32_USB_Device_Library/Class/CustomHID/Src/usbd_customhid.c **** 
 645:Middlewares/ST/STM32_USB_Device_Library/Class/CustomHID/Src/usbd_customhid.c ****   USBD_LL_PrepareReceive(pdev, CUSTOM_HID_EPOUT_ADDR, hhid->Report_buf,
 646:Middlewares/ST/STM32_USB_Device_Library/Class/CustomHID/Src/usbd_customhid.c ****                          USBD_CUSTOMHID_OUTREPORT_BUF_SIZE);
 647:Middlewares/ST/STM32_USB_Device_Library/Class/CustomHID/Src/usbd_customhid.c **** 
 648:Middlewares/ST/STM32_USB_Device_Library/Class/CustomHID/Src/usbd_customhid.c ****   return USBD_OK;
 649:Middlewares/ST/STM32_USB_Device_Library/Class/CustomHID/Src/usbd_customhid.c **** }
 650:Middlewares/ST/STM32_USB_Device_Library/Class/CustomHID/Src/usbd_customhid.c **** 
 651:Middlewares/ST/STM32_USB_Device_Library/Class/CustomHID/Src/usbd_customhid.c **** /**
 652:Middlewares/ST/STM32_USB_Device_Library/Class/CustomHID/Src/usbd_customhid.c ****   * @brief  USBD_CUSTOM_HID_EP0_RxReady
 653:Middlewares/ST/STM32_USB_Device_Library/Class/CustomHID/Src/usbd_customhid.c ****   *         Handles control request data.
 654:Middlewares/ST/STM32_USB_Device_Library/Class/CustomHID/Src/usbd_customhid.c ****   * @param  pdev: device instance
 655:Middlewares/ST/STM32_USB_Device_Library/Class/CustomHID/Src/usbd_customhid.c ****   * @retval status
 656:Middlewares/ST/STM32_USB_Device_Library/Class/CustomHID/Src/usbd_customhid.c ****   */
 657:Middlewares/ST/STM32_USB_Device_Library/Class/CustomHID/Src/usbd_customhid.c **** static uint8_t USBD_CUSTOM_HID_EP0_RxReady(USBD_HandleTypeDef *pdev)
 658:Middlewares/ST/STM32_USB_Device_Library/Class/CustomHID/Src/usbd_customhid.c **** {
 148              		.loc 1 658 1 is_stmt 1 view -0
 149              		.cfi_startproc
ARM GAS  C:\Users\jonar\AppData\Local\Temp\ccm7wO9b.s 			page 15


 150              		@ args = 0, pretend = 0, frame = 0
 151              		@ frame_needed = 0, uses_anonymous_args = 0
 152              		.loc 1 658 1 is_stmt 0 view .LVU26
 153 0000 10B5     		push	{r4, lr}
 154              	.LCFI0:
 155              		.cfi_def_cfa_offset 8
 156              		.cfi_offset 4, -8
 157              		.cfi_offset 14, -4
 659:Middlewares/ST/STM32_USB_Device_Library/Class/CustomHID/Src/usbd_customhid.c ****   USBD_CUSTOM_HID_HandleTypeDef     *hhid = (USBD_CUSTOM_HID_HandleTypeDef *)pdev->pClassData;
 158              		.loc 1 659 3 is_stmt 1 view .LVU27
 159              		.loc 1 659 38 is_stmt 0 view .LVU28
 160 0002 D0F8B842 		ldr	r4, [r0, #696]
 161              	.LVL9:
 660:Middlewares/ST/STM32_USB_Device_Library/Class/CustomHID/Src/usbd_customhid.c **** 
 661:Middlewares/ST/STM32_USB_Device_Library/Class/CustomHID/Src/usbd_customhid.c ****   if (hhid->IsReportAvailable == 1U)
 162              		.loc 1 661 3 is_stmt 1 view .LVU29
 163              		.loc 1 661 11 is_stmt 0 view .LVU30
 164 0006 2369     		ldr	r3, [r4, #16]
 165              		.loc 1 661 6 view .LVU31
 166 0008 012B     		cmp	r3, #1
 167 000a 01D0     		beq	.L14
 168              	.LVL10:
 169              	.L12:
 662:Middlewares/ST/STM32_USB_Device_Library/Class/CustomHID/Src/usbd_customhid.c ****   {
 663:Middlewares/ST/STM32_USB_Device_Library/Class/CustomHID/Src/usbd_customhid.c ****     ((USBD_CUSTOM_HID_ItfTypeDef *)pdev->pUserData)->OutEvent(hhid->Report_buf[0],
 664:Middlewares/ST/STM32_USB_Device_Library/Class/CustomHID/Src/usbd_customhid.c ****                                                               hhid->Report_buf[1]);
 665:Middlewares/ST/STM32_USB_Device_Library/Class/CustomHID/Src/usbd_customhid.c ****     hhid->IsReportAvailable = 0U;
 666:Middlewares/ST/STM32_USB_Device_Library/Class/CustomHID/Src/usbd_customhid.c ****   }
 667:Middlewares/ST/STM32_USB_Device_Library/Class/CustomHID/Src/usbd_customhid.c **** 
 668:Middlewares/ST/STM32_USB_Device_Library/Class/CustomHID/Src/usbd_customhid.c ****   return USBD_OK;
 170              		.loc 1 668 3 is_stmt 1 view .LVU32
 669:Middlewares/ST/STM32_USB_Device_Library/Class/CustomHID/Src/usbd_customhid.c **** }
 171              		.loc 1 669 1 is_stmt 0 view .LVU33
 172 000c 0020     		movs	r0, #0
 173 000e 10BD     		pop	{r4, pc}
 174              	.LVL11:
 175              	.L14:
 663:Middlewares/ST/STM32_USB_Device_Library/Class/CustomHID/Src/usbd_customhid.c ****                                                               hhid->Report_buf[1]);
 176              		.loc 1 663 5 is_stmt 1 view .LVU34
 663:Middlewares/ST/STM32_USB_Device_Library/Class/CustomHID/Src/usbd_customhid.c ****                                                               hhid->Report_buf[1]);
 177              		.loc 1 663 40 is_stmt 0 view .LVU35
 178 0010 D0F8BC32 		ldr	r3, [r0, #700]
 663:Middlewares/ST/STM32_USB_Device_Library/Class/CustomHID/Src/usbd_customhid.c ****                                                               hhid->Report_buf[1]);
 179              		.loc 1 663 52 view .LVU36
 180 0014 DB68     		ldr	r3, [r3, #12]
 663:Middlewares/ST/STM32_USB_Device_Library/Class/CustomHID/Src/usbd_customhid.c ****                                                               hhid->Report_buf[1]);
 181              		.loc 1 663 6 view .LVU37
 182 0016 6178     		ldrb	r1, [r4, #1]	@ zero_extendqisi2
 183 0018 2078     		ldrb	r0, [r4]	@ zero_extendqisi2
 184              	.LVL12:
 663:Middlewares/ST/STM32_USB_Device_Library/Class/CustomHID/Src/usbd_customhid.c ****                                                               hhid->Report_buf[1]);
 185              		.loc 1 663 6 view .LVU38
 186 001a 9847     		blx	r3
 187              	.LVL13:
 665:Middlewares/ST/STM32_USB_Device_Library/Class/CustomHID/Src/usbd_customhid.c ****   }
 188              		.loc 1 665 5 is_stmt 1 view .LVU39
 665:Middlewares/ST/STM32_USB_Device_Library/Class/CustomHID/Src/usbd_customhid.c ****   }
ARM GAS  C:\Users\jonar\AppData\Local\Temp\ccm7wO9b.s 			page 16


 189              		.loc 1 665 29 is_stmt 0 view .LVU40
 190 001c 0023     		movs	r3, #0
 191 001e 2361     		str	r3, [r4, #16]
 192 0020 F4E7     		b	.L12
 193              		.cfi_endproc
 194              	.LFE77:
 196              		.section	.text.USBD_CUSTOM_HID_GetDeviceQualifierDesc,"ax",%progbits
 197              		.align	1
 198              		.syntax unified
 199              		.thumb
 200              		.thumb_func
 202              	USBD_CUSTOM_HID_GetDeviceQualifierDesc:
 203              	.LVL14:
 204              	.LFB78:
 670:Middlewares/ST/STM32_USB_Device_Library/Class/CustomHID/Src/usbd_customhid.c **** 
 671:Middlewares/ST/STM32_USB_Device_Library/Class/CustomHID/Src/usbd_customhid.c **** /**
 672:Middlewares/ST/STM32_USB_Device_Library/Class/CustomHID/Src/usbd_customhid.c **** * @brief  DeviceQualifierDescriptor
 673:Middlewares/ST/STM32_USB_Device_Library/Class/CustomHID/Src/usbd_customhid.c **** *         return Device Qualifier descriptor
 674:Middlewares/ST/STM32_USB_Device_Library/Class/CustomHID/Src/usbd_customhid.c **** * @param  length : pointer data length
 675:Middlewares/ST/STM32_USB_Device_Library/Class/CustomHID/Src/usbd_customhid.c **** * @retval pointer to descriptor buffer
 676:Middlewares/ST/STM32_USB_Device_Library/Class/CustomHID/Src/usbd_customhid.c **** */
 677:Middlewares/ST/STM32_USB_Device_Library/Class/CustomHID/Src/usbd_customhid.c **** static uint8_t  *USBD_CUSTOM_HID_GetDeviceQualifierDesc(uint16_t *length)
 678:Middlewares/ST/STM32_USB_Device_Library/Class/CustomHID/Src/usbd_customhid.c **** {
 205              		.loc 1 678 1 is_stmt 1 view -0
 206              		.cfi_startproc
 207              		@ args = 0, pretend = 0, frame = 0
 208              		@ frame_needed = 0, uses_anonymous_args = 0
 209              		@ link register save eliminated.
 679:Middlewares/ST/STM32_USB_Device_Library/Class/CustomHID/Src/usbd_customhid.c ****   *length = sizeof(USBD_CUSTOM_HID_DeviceQualifierDesc);
 210              		.loc 1 679 3 view .LVU42
 211              		.loc 1 679 11 is_stmt 0 view .LVU43
 212 0000 0A23     		movs	r3, #10
 213 0002 0380     		strh	r3, [r0]	@ movhi
 680:Middlewares/ST/STM32_USB_Device_Library/Class/CustomHID/Src/usbd_customhid.c ****   return USBD_CUSTOM_HID_DeviceQualifierDesc;
 214              		.loc 1 680 3 is_stmt 1 view .LVU44
 681:Middlewares/ST/STM32_USB_Device_Library/Class/CustomHID/Src/usbd_customhid.c **** }
 215              		.loc 1 681 1 is_stmt 0 view .LVU45
 216 0004 0048     		ldr	r0, .L16
 217              	.LVL15:
 218              		.loc 1 681 1 view .LVU46
 219 0006 7047     		bx	lr
 220              	.L17:
 221              		.align	2
 222              	.L16:
 223 0008 00000000 		.word	USBD_CUSTOM_HID_DeviceQualifierDesc
 224              		.cfi_endproc
 225              	.LFE78:
 227              		.section	.text.USBD_CUSTOM_HID_DataOut,"ax",%progbits
 228              		.align	1
 229              		.syntax unified
 230              		.thumb
 231              		.thumb_func
 233              	USBD_CUSTOM_HID_DataOut:
 234              	.LVL16:
 235              	.LFB76:
 638:Middlewares/ST/STM32_USB_Device_Library/Class/CustomHID/Src/usbd_customhid.c **** 
 236              		.loc 1 638 1 is_stmt 1 view -0
ARM GAS  C:\Users\jonar\AppData\Local\Temp\ccm7wO9b.s 			page 17


 237              		.cfi_startproc
 238              		@ args = 0, pretend = 0, frame = 0
 239              		@ frame_needed = 0, uses_anonymous_args = 0
 638:Middlewares/ST/STM32_USB_Device_Library/Class/CustomHID/Src/usbd_customhid.c **** 
 240              		.loc 1 638 1 is_stmt 0 view .LVU48
 241 0000 38B5     		push	{r3, r4, r5, lr}
 242              	.LCFI1:
 243              		.cfi_def_cfa_offset 16
 244              		.cfi_offset 3, -16
 245              		.cfi_offset 4, -12
 246              		.cfi_offset 5, -8
 247              		.cfi_offset 14, -4
 248 0002 0446     		mov	r4, r0
 640:Middlewares/ST/STM32_USB_Device_Library/Class/CustomHID/Src/usbd_customhid.c **** 
 249              		.loc 1 640 3 is_stmt 1 view .LVU49
 640:Middlewares/ST/STM32_USB_Device_Library/Class/CustomHID/Src/usbd_customhid.c **** 
 250              		.loc 1 640 38 is_stmt 0 view .LVU50
 251 0004 D0F8B852 		ldr	r5, [r0, #696]
 252              	.LVL17:
 642:Middlewares/ST/STM32_USB_Device_Library/Class/CustomHID/Src/usbd_customhid.c ****                                                             hhid->Report_buf[1]);
 253              		.loc 1 642 3 is_stmt 1 view .LVU51
 642:Middlewares/ST/STM32_USB_Device_Library/Class/CustomHID/Src/usbd_customhid.c ****                                                             hhid->Report_buf[1]);
 254              		.loc 1 642 38 is_stmt 0 view .LVU52
 255 0008 D0F8BC32 		ldr	r3, [r0, #700]
 642:Middlewares/ST/STM32_USB_Device_Library/Class/CustomHID/Src/usbd_customhid.c ****                                                             hhid->Report_buf[1]);
 256              		.loc 1 642 50 view .LVU53
 257 000c DB68     		ldr	r3, [r3, #12]
 642:Middlewares/ST/STM32_USB_Device_Library/Class/CustomHID/Src/usbd_customhid.c ****                                                             hhid->Report_buf[1]);
 258              		.loc 1 642 4 view .LVU54
 259 000e 6978     		ldrb	r1, [r5, #1]	@ zero_extendqisi2
 260              	.LVL18:
 642:Middlewares/ST/STM32_USB_Device_Library/Class/CustomHID/Src/usbd_customhid.c ****                                                             hhid->Report_buf[1]);
 261              		.loc 1 642 4 view .LVU55
 262 0010 2878     		ldrb	r0, [r5]	@ zero_extendqisi2
 263              	.LVL19:
 642:Middlewares/ST/STM32_USB_Device_Library/Class/CustomHID/Src/usbd_customhid.c ****                                                             hhid->Report_buf[1]);
 264              		.loc 1 642 4 view .LVU56
 265 0012 9847     		blx	r3
 266              	.LVL20:
 645:Middlewares/ST/STM32_USB_Device_Library/Class/CustomHID/Src/usbd_customhid.c ****                          USBD_CUSTOMHID_OUTREPORT_BUF_SIZE);
 267              		.loc 1 645 3 is_stmt 1 view .LVU57
 268 0014 0223     		movs	r3, #2
 269 0016 2A46     		mov	r2, r5
 270 0018 0121     		movs	r1, #1
 271 001a 2046     		mov	r0, r4
 272 001c FFF7FEFF 		bl	USBD_LL_PrepareReceive
 273              	.LVL21:
 648:Middlewares/ST/STM32_USB_Device_Library/Class/CustomHID/Src/usbd_customhid.c **** }
 274              		.loc 1 648 3 view .LVU58
 649:Middlewares/ST/STM32_USB_Device_Library/Class/CustomHID/Src/usbd_customhid.c **** 
 275              		.loc 1 649 1 is_stmt 0 view .LVU59
 276 0020 0020     		movs	r0, #0
 277 0022 38BD     		pop	{r3, r4, r5, pc}
 649:Middlewares/ST/STM32_USB_Device_Library/Class/CustomHID/Src/usbd_customhid.c **** 
 278              		.loc 1 649 1 view .LVU60
 279              		.cfi_endproc
 280              	.LFE76:
ARM GAS  C:\Users\jonar\AppData\Local\Temp\ccm7wO9b.s 			page 18


 282              		.section	.text.USBD_CUSTOM_HID_Setup,"ax",%progbits
 283              		.align	1
 284              		.syntax unified
 285              		.thumb
 286              		.thumb_func
 288              	USBD_CUSTOM_HID_Setup:
 289              	.LVL22:
 290              	.LFB70:
 433:Middlewares/ST/STM32_USB_Device_Library/Class/CustomHID/Src/usbd_customhid.c ****   USBD_CUSTOM_HID_HandleTypeDef *hhid = (USBD_CUSTOM_HID_HandleTypeDef *)pdev->pClassData;
 291              		.loc 1 433 1 is_stmt 1 view -0
 292              		.cfi_startproc
 293              		@ args = 0, pretend = 0, frame = 8
 294              		@ frame_needed = 0, uses_anonymous_args = 0
 433:Middlewares/ST/STM32_USB_Device_Library/Class/CustomHID/Src/usbd_customhid.c ****   USBD_CUSTOM_HID_HandleTypeDef *hhid = (USBD_CUSTOM_HID_HandleTypeDef *)pdev->pClassData;
 295              		.loc 1 433 1 is_stmt 0 view .LVU62
 296 0000 70B5     		push	{r4, r5, r6, lr}
 297              	.LCFI2:
 298              		.cfi_def_cfa_offset 16
 299              		.cfi_offset 4, -16
 300              		.cfi_offset 5, -12
 301              		.cfi_offset 6, -8
 302              		.cfi_offset 14, -4
 303 0002 82B0     		sub	sp, sp, #8
 304              	.LCFI3:
 305              		.cfi_def_cfa_offset 24
 434:Middlewares/ST/STM32_USB_Device_Library/Class/CustomHID/Src/usbd_customhid.c ****   uint16_t len = 0U;
 306              		.loc 1 434 3 is_stmt 1 view .LVU63
 434:Middlewares/ST/STM32_USB_Device_Library/Class/CustomHID/Src/usbd_customhid.c ****   uint16_t len = 0U;
 307              		.loc 1 434 34 is_stmt 0 view .LVU64
 308 0004 D0F8B852 		ldr	r5, [r0, #696]
 309              	.LVL23:
 435:Middlewares/ST/STM32_USB_Device_Library/Class/CustomHID/Src/usbd_customhid.c ****   uint8_t  *pbuf = NULL;
 310              		.loc 1 435 3 is_stmt 1 view .LVU65
 436:Middlewares/ST/STM32_USB_Device_Library/Class/CustomHID/Src/usbd_customhid.c ****   uint16_t status_info = 0U;
 311              		.loc 1 436 3 view .LVU66
 437:Middlewares/ST/STM32_USB_Device_Library/Class/CustomHID/Src/usbd_customhid.c ****   uint8_t ret = USBD_OK;
 312              		.loc 1 437 3 view .LVU67
 437:Middlewares/ST/STM32_USB_Device_Library/Class/CustomHID/Src/usbd_customhid.c ****   uint8_t ret = USBD_OK;
 313              		.loc 1 437 12 is_stmt 0 view .LVU68
 314 0008 0023     		movs	r3, #0
 315 000a ADF80630 		strh	r3, [sp, #6]	@ movhi
 438:Middlewares/ST/STM32_USB_Device_Library/Class/CustomHID/Src/usbd_customhid.c **** 
 316              		.loc 1 438 3 is_stmt 1 view .LVU69
 317              	.LVL24:
 440:Middlewares/ST/STM32_USB_Device_Library/Class/CustomHID/Src/usbd_customhid.c ****   {
 318              		.loc 1 440 3 view .LVU70
 440:Middlewares/ST/STM32_USB_Device_Library/Class/CustomHID/Src/usbd_customhid.c ****   {
 319              		.loc 1 440 14 is_stmt 0 view .LVU71
 320 000e 0C78     		ldrb	r4, [r1]	@ zero_extendqisi2
 440:Middlewares/ST/STM32_USB_Device_Library/Class/CustomHID/Src/usbd_customhid.c ****   {
 321              		.loc 1 440 3 view .LVU72
 322 0010 14F06004 		ands	r4, r4, #96
 323 0014 2ED0     		beq	.L21
 324 0016 202C     		cmp	r4, #32
 325 0018 7CD1     		bne	.L22
 443:Middlewares/ST/STM32_USB_Device_Library/Class/CustomHID/Src/usbd_customhid.c ****       {
 326              		.loc 1 443 7 is_stmt 1 view .LVU73
ARM GAS  C:\Users\jonar\AppData\Local\Temp\ccm7wO9b.s 			page 19


 443:Middlewares/ST/STM32_USB_Device_Library/Class/CustomHID/Src/usbd_customhid.c ****       {
 327              		.loc 1 443 18 is_stmt 0 view .LVU74
 328 001a 4B78     		ldrb	r3, [r1, #1]	@ zero_extendqisi2
 443:Middlewares/ST/STM32_USB_Device_Library/Class/CustomHID/Src/usbd_customhid.c ****       {
 329              		.loc 1 443 7 view .LVU75
 330 001c 023B     		subs	r3, r3, #2
 331 001e 092B     		cmp	r3, #9
 332 0020 24D8     		bhi	.L23
 333 0022 DFE803F0 		tbb	[pc, r3]
 334              	.L25:
 335 0026 14       		.byte	(.L29-.L25)/2
 336 0027 09       		.byte	(.L28-.L25)/2
 337 0028 23       		.byte	(.L23-.L25)/2
 338 0029 23       		.byte	(.L23-.L25)/2
 339 002a 23       		.byte	(.L23-.L25)/2
 340 002b 23       		.byte	(.L23-.L25)/2
 341 002c 23       		.byte	(.L23-.L25)/2
 342 002d 1B       		.byte	(.L27-.L25)/2
 343 002e 0F       		.byte	(.L26-.L25)/2
 344 002f 05       		.byte	(.L24-.L25)/2
 345              		.p2align 1
 346              	.L24:
 446:Middlewares/ST/STM32_USB_Device_Library/Class/CustomHID/Src/usbd_customhid.c ****           break;
 347              		.loc 1 446 11 is_stmt 1 view .LVU76
 446:Middlewares/ST/STM32_USB_Device_Library/Class/CustomHID/Src/usbd_customhid.c ****           break;
 348              		.loc 1 446 28 is_stmt 0 view .LVU77
 349 0030 8B78     		ldrb	r3, [r1, #2]	@ zero_extendqisi2
 446:Middlewares/ST/STM32_USB_Device_Library/Class/CustomHID/Src/usbd_customhid.c ****           break;
 350              		.loc 1 446 26 view .LVU78
 351 0032 6B60     		str	r3, [r5, #4]
 447:Middlewares/ST/STM32_USB_Device_Library/Class/CustomHID/Src/usbd_customhid.c **** 
 352              		.loc 1 447 11 is_stmt 1 view .LVU79
 438:Middlewares/ST/STM32_USB_Device_Library/Class/CustomHID/Src/usbd_customhid.c **** 
 353              		.loc 1 438 11 is_stmt 0 view .LVU80
 354 0034 0024     		movs	r4, #0
 447:Middlewares/ST/STM32_USB_Device_Library/Class/CustomHID/Src/usbd_customhid.c **** 
 355              		.loc 1 447 11 view .LVU81
 356 0036 70E0     		b	.L30
 357              	.L28:
 450:Middlewares/ST/STM32_USB_Device_Library/Class/CustomHID/Src/usbd_customhid.c ****           break;
 358              		.loc 1 450 11 is_stmt 1 view .LVU82
 359 0038 0122     		movs	r2, #1
 360 003a 291D     		adds	r1, r5, #4
 361              	.LVL25:
 450:Middlewares/ST/STM32_USB_Device_Library/Class/CustomHID/Src/usbd_customhid.c ****           break;
 362              		.loc 1 450 11 is_stmt 0 view .LVU83
 363 003c FFF7FEFF 		bl	USBD_CtlSendData
 364              	.LVL26:
 451:Middlewares/ST/STM32_USB_Device_Library/Class/CustomHID/Src/usbd_customhid.c **** 
 365              		.loc 1 451 11 is_stmt 1 view .LVU84
 438:Middlewares/ST/STM32_USB_Device_Library/Class/CustomHID/Src/usbd_customhid.c **** 
 366              		.loc 1 438 11 is_stmt 0 view .LVU85
 367 0040 0024     		movs	r4, #0
 451:Middlewares/ST/STM32_USB_Device_Library/Class/CustomHID/Src/usbd_customhid.c **** 
 368              		.loc 1 451 11 view .LVU86
 369 0042 6AE0     		b	.L30
 370              	.LVL27:
ARM GAS  C:\Users\jonar\AppData\Local\Temp\ccm7wO9b.s 			page 20


 371              	.L26:
 454:Middlewares/ST/STM32_USB_Device_Library/Class/CustomHID/Src/usbd_customhid.c ****           break;
 372              		.loc 1 454 11 is_stmt 1 view .LVU87
 454:Middlewares/ST/STM32_USB_Device_Library/Class/CustomHID/Src/usbd_customhid.c ****           break;
 373              		.loc 1 454 42 is_stmt 0 view .LVU88
 374 0044 4B88     		ldrh	r3, [r1, #2]
 454:Middlewares/ST/STM32_USB_Device_Library/Class/CustomHID/Src/usbd_customhid.c ****           break;
 375              		.loc 1 454 29 view .LVU89
 376 0046 1B0A     		lsrs	r3, r3, #8
 454:Middlewares/ST/STM32_USB_Device_Library/Class/CustomHID/Src/usbd_customhid.c ****           break;
 377              		.loc 1 454 27 view .LVU90
 378 0048 AB60     		str	r3, [r5, #8]
 455:Middlewares/ST/STM32_USB_Device_Library/Class/CustomHID/Src/usbd_customhid.c **** 
 379              		.loc 1 455 11 is_stmt 1 view .LVU91
 438:Middlewares/ST/STM32_USB_Device_Library/Class/CustomHID/Src/usbd_customhid.c **** 
 380              		.loc 1 438 11 is_stmt 0 view .LVU92
 381 004a 0024     		movs	r4, #0
 455:Middlewares/ST/STM32_USB_Device_Library/Class/CustomHID/Src/usbd_customhid.c **** 
 382              		.loc 1 455 11 view .LVU93
 383 004c 65E0     		b	.L30
 384              	.L29:
 458:Middlewares/ST/STM32_USB_Device_Library/Class/CustomHID/Src/usbd_customhid.c ****           break;
 385              		.loc 1 458 11 is_stmt 1 view .LVU94
 386 004e 0122     		movs	r2, #1
 387 0050 05F10801 		add	r1, r5, #8
 388              	.LVL28:
 458:Middlewares/ST/STM32_USB_Device_Library/Class/CustomHID/Src/usbd_customhid.c ****           break;
 389              		.loc 1 458 11 is_stmt 0 view .LVU95
 390 0054 FFF7FEFF 		bl	USBD_CtlSendData
 391              	.LVL29:
 459:Middlewares/ST/STM32_USB_Device_Library/Class/CustomHID/Src/usbd_customhid.c **** 
 392              		.loc 1 459 11 is_stmt 1 view .LVU96
 438:Middlewares/ST/STM32_USB_Device_Library/Class/CustomHID/Src/usbd_customhid.c **** 
 393              		.loc 1 438 11 is_stmt 0 view .LVU97
 394 0058 0024     		movs	r4, #0
 459:Middlewares/ST/STM32_USB_Device_Library/Class/CustomHID/Src/usbd_customhid.c **** 
 395              		.loc 1 459 11 view .LVU98
 396 005a 5EE0     		b	.L30
 397              	.LVL30:
 398              	.L27:
 462:Middlewares/ST/STM32_USB_Device_Library/Class/CustomHID/Src/usbd_customhid.c ****           USBD_CtlPrepareRx(pdev, hhid->Report_buf, req->wLength);
 399              		.loc 1 462 11 is_stmt 1 view .LVU99
 462:Middlewares/ST/STM32_USB_Device_Library/Class/CustomHID/Src/usbd_customhid.c ****           USBD_CtlPrepareRx(pdev, hhid->Report_buf, req->wLength);
 400              		.loc 1 462 35 is_stmt 0 view .LVU100
 401 005c 0123     		movs	r3, #1
 402 005e 2B61     		str	r3, [r5, #16]
 463:Middlewares/ST/STM32_USB_Device_Library/Class/CustomHID/Src/usbd_customhid.c ****           break;
 403              		.loc 1 463 11 is_stmt 1 view .LVU101
 404 0060 CA88     		ldrh	r2, [r1, #6]
 405 0062 2946     		mov	r1, r5
 406              	.LVL31:
 463:Middlewares/ST/STM32_USB_Device_Library/Class/CustomHID/Src/usbd_customhid.c ****           break;
 407              		.loc 1 463 11 is_stmt 0 view .LVU102
 408 0064 FFF7FEFF 		bl	USBD_CtlPrepareRx
 409              	.LVL32:
 464:Middlewares/ST/STM32_USB_Device_Library/Class/CustomHID/Src/usbd_customhid.c **** 
 410              		.loc 1 464 11 is_stmt 1 view .LVU103
ARM GAS  C:\Users\jonar\AppData\Local\Temp\ccm7wO9b.s 			page 21


 438:Middlewares/ST/STM32_USB_Device_Library/Class/CustomHID/Src/usbd_customhid.c **** 
 411              		.loc 1 438 11 is_stmt 0 view .LVU104
 412 0068 0024     		movs	r4, #0
 464:Middlewares/ST/STM32_USB_Device_Library/Class/CustomHID/Src/usbd_customhid.c **** 
 413              		.loc 1 464 11 view .LVU105
 414 006a 56E0     		b	.L30
 415              	.LVL33:
 416              	.L23:
 467:Middlewares/ST/STM32_USB_Device_Library/Class/CustomHID/Src/usbd_customhid.c ****           ret = USBD_FAIL;
 417              		.loc 1 467 11 is_stmt 1 view .LVU106
 418 006c FFF7FEFF 		bl	USBD_CtlError
 419              	.LVL34:
 468:Middlewares/ST/STM32_USB_Device_Library/Class/CustomHID/Src/usbd_customhid.c ****           break;
 420              		.loc 1 468 11 view .LVU107
 469:Middlewares/ST/STM32_USB_Device_Library/Class/CustomHID/Src/usbd_customhid.c ****       }
 421              		.loc 1 469 11 view .LVU108
 468:Middlewares/ST/STM32_USB_Device_Library/Class/CustomHID/Src/usbd_customhid.c ****           break;
 422              		.loc 1 468 15 is_stmt 0 view .LVU109
 423 0070 0224     		movs	r4, #2
 469:Middlewares/ST/STM32_USB_Device_Library/Class/CustomHID/Src/usbd_customhid.c ****       }
 424              		.loc 1 469 11 view .LVU110
 425 0072 52E0     		b	.L30
 426              	.LVL35:
 427              	.L21:
 474:Middlewares/ST/STM32_USB_Device_Library/Class/CustomHID/Src/usbd_customhid.c ****       {
 428              		.loc 1 474 7 is_stmt 1 view .LVU111
 474:Middlewares/ST/STM32_USB_Device_Library/Class/CustomHID/Src/usbd_customhid.c ****       {
 429              		.loc 1 474 18 is_stmt 0 view .LVU112
 430 0074 4E78     		ldrb	r6, [r1, #1]	@ zero_extendqisi2
 474:Middlewares/ST/STM32_USB_Device_Library/Class/CustomHID/Src/usbd_customhid.c ****       {
 431              		.loc 1 474 7 view .LVU113
 432 0076 0B2E     		cmp	r6, #11
 433 0078 48D8     		bhi	.L31
 434 007a DFE806F0 		tbb	[pc, r6]
 435              	.L33:
 436 007e 06       		.byte	(.L36-.L33)/2
 437 007f 47       		.byte	(.L31-.L33)/2
 438 0080 47       		.byte	(.L31-.L33)/2
 439 0081 47       		.byte	(.L31-.L33)/2
 440 0082 47       		.byte	(.L31-.L33)/2
 441 0083 47       		.byte	(.L31-.L33)/2
 442 0084 15       		.byte	(.L35-.L33)/2
 443 0085 47       		.byte	(.L31-.L33)/2
 444 0086 47       		.byte	(.L31-.L33)/2
 445 0087 47       		.byte	(.L31-.L33)/2
 446 0088 2E       		.byte	(.L34-.L33)/2
 447 0089 3C       		.byte	(.L32-.L33)/2
 448              		.p2align 1
 449              	.L36:
 477:Middlewares/ST/STM32_USB_Device_Library/Class/CustomHID/Src/usbd_customhid.c ****           {
 450              		.loc 1 477 11 is_stmt 1 view .LVU114
 477:Middlewares/ST/STM32_USB_Device_Library/Class/CustomHID/Src/usbd_customhid.c ****           {
 451              		.loc 1 477 19 is_stmt 0 view .LVU115
 452 008a 90F89C32 		ldrb	r3, [r0, #668]	@ zero_extendqisi2
 477:Middlewares/ST/STM32_USB_Device_Library/Class/CustomHID/Src/usbd_customhid.c ****           {
 453              		.loc 1 477 14 view .LVU116
 454 008e 032B     		cmp	r3, #3
ARM GAS  C:\Users\jonar\AppData\Local\Temp\ccm7wO9b.s 			page 22


 455 0090 03D0     		beq	.L44
 483:Middlewares/ST/STM32_USB_Device_Library/Class/CustomHID/Src/usbd_customhid.c ****             ret = USBD_FAIL;
 456              		.loc 1 483 13 is_stmt 1 view .LVU117
 457 0092 FFF7FEFF 		bl	USBD_CtlError
 458              	.LVL36:
 484:Middlewares/ST/STM32_USB_Device_Library/Class/CustomHID/Src/usbd_customhid.c ****           }
 459              		.loc 1 484 13 view .LVU118
 484:Middlewares/ST/STM32_USB_Device_Library/Class/CustomHID/Src/usbd_customhid.c ****           }
 460              		.loc 1 484 17 is_stmt 0 view .LVU119
 461 0096 0224     		movs	r4, #2
 462 0098 3FE0     		b	.L30
 463              	.LVL37:
 464              	.L44:
 479:Middlewares/ST/STM32_USB_Device_Library/Class/CustomHID/Src/usbd_customhid.c ****           }
 465              		.loc 1 479 13 is_stmt 1 view .LVU120
 466 009a 0222     		movs	r2, #2
 467 009c 0DF10601 		add	r1, sp, #6
 468              	.LVL38:
 479:Middlewares/ST/STM32_USB_Device_Library/Class/CustomHID/Src/usbd_customhid.c ****           }
 469              		.loc 1 479 13 is_stmt 0 view .LVU121
 470 00a0 FFF7FEFF 		bl	USBD_CtlSendData
 471              	.LVL39:
 438:Middlewares/ST/STM32_USB_Device_Library/Class/CustomHID/Src/usbd_customhid.c **** 
 472              		.loc 1 438 11 view .LVU122
 473 00a4 3446     		mov	r4, r6
 474 00a6 38E0     		b	.L30
 475              	.LVL40:
 476              	.L35:
 489:Middlewares/ST/STM32_USB_Device_Library/Class/CustomHID/Src/usbd_customhid.c ****           {
 477              		.loc 1 489 11 is_stmt 1 view .LVU123
 489:Middlewares/ST/STM32_USB_Device_Library/Class/CustomHID/Src/usbd_customhid.c ****           {
 478              		.loc 1 489 18 is_stmt 0 view .LVU124
 479 00a8 4B88     		ldrh	r3, [r1, #2]
 489:Middlewares/ST/STM32_USB_Device_Library/Class/CustomHID/Src/usbd_customhid.c ****           {
 480              		.loc 1 489 32 view .LVU125
 481 00aa 1B0A     		lsrs	r3, r3, #8
 489:Middlewares/ST/STM32_USB_Device_Library/Class/CustomHID/Src/usbd_customhid.c ****           {
 482              		.loc 1 489 14 view .LVU126
 483 00ac 222B     		cmp	r3, #34
 484 00ae 06D0     		beq	.L45
 496:Middlewares/ST/STM32_USB_Device_Library/Class/CustomHID/Src/usbd_customhid.c ****             {
 485              		.loc 1 496 13 is_stmt 1 view .LVU127
 496:Middlewares/ST/STM32_USB_Device_Library/Class/CustomHID/Src/usbd_customhid.c ****             {
 486              		.loc 1 496 16 is_stmt 0 view .LVU128
 487 00b0 212B     		cmp	r3, #33
 488 00b2 0CD0     		beq	.L46
 436:Middlewares/ST/STM32_USB_Device_Library/Class/CustomHID/Src/usbd_customhid.c ****   uint16_t status_info = 0U;
 489              		.loc 1 436 13 view .LVU129
 490 00b4 0021     		movs	r1, #0
 491              	.LVL41:
 435:Middlewares/ST/STM32_USB_Device_Library/Class/CustomHID/Src/usbd_customhid.c ****   uint8_t  *pbuf = NULL;
 492              		.loc 1 435 12 view .LVU130
 493 00b6 0A46     		mov	r2, r1
 494              	.LVL42:
 495              	.L39:
 503:Middlewares/ST/STM32_USB_Device_Library/Class/CustomHID/Src/usbd_customhid.c ****           break;
 496              		.loc 1 503 11 is_stmt 1 view .LVU131
ARM GAS  C:\Users\jonar\AppData\Local\Temp\ccm7wO9b.s 			page 23


 497 00b8 FFF7FEFF 		bl	USBD_CtlSendData
 498              	.LVL43:
 504:Middlewares/ST/STM32_USB_Device_Library/Class/CustomHID/Src/usbd_customhid.c **** 
 499              		.loc 1 504 11 view .LVU132
 500 00bc 2DE0     		b	.L30
 501              	.LVL44:
 502              	.L45:
 491:Middlewares/ST/STM32_USB_Device_Library/Class/CustomHID/Src/usbd_customhid.c ****             pbuf = ((USBD_CUSTOM_HID_ItfTypeDef *)pdev->pUserData)->pReport;
 503              		.loc 1 491 13 view .LVU133
 491:Middlewares/ST/STM32_USB_Device_Library/Class/CustomHID/Src/usbd_customhid.c ****             pbuf = ((USBD_CUSTOM_HID_ItfTypeDef *)pdev->pUserData)->pReport;
 504              		.loc 1 491 19 is_stmt 0 view .LVU134
 505 00be CA88     		ldrh	r2, [r1, #6]
 491:Middlewares/ST/STM32_USB_Device_Library/Class/CustomHID/Src/usbd_customhid.c ****             pbuf = ((USBD_CUSTOM_HID_ItfTypeDef *)pdev->pUserData)->pReport;
 506              		.loc 1 491 17 view .LVU135
 507 00c0 532A     		cmp	r2, #83
 508 00c2 28BF     		it	cs
 509 00c4 5322     		movcs	r2, #83
 510              	.LVL45:
 492:Middlewares/ST/STM32_USB_Device_Library/Class/CustomHID/Src/usbd_customhid.c ****           }
 511              		.loc 1 492 13 is_stmt 1 view .LVU136
 492:Middlewares/ST/STM32_USB_Device_Library/Class/CustomHID/Src/usbd_customhid.c ****           }
 512              		.loc 1 492 55 is_stmt 0 view .LVU137
 513 00c6 D0F8BC32 		ldr	r3, [r0, #700]
 492:Middlewares/ST/STM32_USB_Device_Library/Class/CustomHID/Src/usbd_customhid.c ****           }
 514              		.loc 1 492 18 view .LVU138
 515 00ca 1968     		ldr	r1, [r3]
 516              	.LVL46:
 492:Middlewares/ST/STM32_USB_Device_Library/Class/CustomHID/Src/usbd_customhid.c ****           }
 517              		.loc 1 492 18 view .LVU139
 518 00cc F4E7     		b	.L39
 519              	.LVL47:
 520              	.L46:
 498:Middlewares/ST/STM32_USB_Device_Library/Class/CustomHID/Src/usbd_customhid.c ****               len = MIN(USB_CUSTOM_HID_DESC_SIZ, req->wLength);
 521              		.loc 1 498 15 is_stmt 1 view .LVU140
 499:Middlewares/ST/STM32_USB_Device_Library/Class/CustomHID/Src/usbd_customhid.c ****             }
 522              		.loc 1 499 15 view .LVU141
 499:Middlewares/ST/STM32_USB_Device_Library/Class/CustomHID/Src/usbd_customhid.c ****             }
 523              		.loc 1 499 21 is_stmt 0 view .LVU142
 524 00ce CA88     		ldrh	r2, [r1, #6]
 499:Middlewares/ST/STM32_USB_Device_Library/Class/CustomHID/Src/usbd_customhid.c ****             }
 525              		.loc 1 499 19 view .LVU143
 526 00d0 092A     		cmp	r2, #9
 527 00d2 28BF     		it	cs
 528 00d4 0922     		movcs	r2, #9
 529              	.LVL48:
 498:Middlewares/ST/STM32_USB_Device_Library/Class/CustomHID/Src/usbd_customhid.c ****               len = MIN(USB_CUSTOM_HID_DESC_SIZ, req->wLength);
 530              		.loc 1 498 20 view .LVU144
 531 00d6 1249     		ldr	r1, .L48
 532              	.LVL49:
 498:Middlewares/ST/STM32_USB_Device_Library/Class/CustomHID/Src/usbd_customhid.c ****               len = MIN(USB_CUSTOM_HID_DESC_SIZ, req->wLength);
 533              		.loc 1 498 20 view .LVU145
 534 00d8 EEE7     		b	.L39
 535              	.LVL50:
 536              	.L34:
 507:Middlewares/ST/STM32_USB_Device_Library/Class/CustomHID/Src/usbd_customhid.c ****           {
 537              		.loc 1 507 11 is_stmt 1 view .LVU146
 507:Middlewares/ST/STM32_USB_Device_Library/Class/CustomHID/Src/usbd_customhid.c ****           {
ARM GAS  C:\Users\jonar\AppData\Local\Temp\ccm7wO9b.s 			page 24


 538              		.loc 1 507 19 is_stmt 0 view .LVU147
 539 00da 90F89C32 		ldrb	r3, [r0, #668]	@ zero_extendqisi2
 507:Middlewares/ST/STM32_USB_Device_Library/Class/CustomHID/Src/usbd_customhid.c ****           {
 540              		.loc 1 507 14 view .LVU148
 541 00de 032B     		cmp	r3, #3
 542 00e0 03D0     		beq	.L47
 513:Middlewares/ST/STM32_USB_Device_Library/Class/CustomHID/Src/usbd_customhid.c ****             ret = USBD_FAIL;
 543              		.loc 1 513 13 is_stmt 1 view .LVU149
 544 00e2 FFF7FEFF 		bl	USBD_CtlError
 545              	.LVL51:
 514:Middlewares/ST/STM32_USB_Device_Library/Class/CustomHID/Src/usbd_customhid.c ****           }
 546              		.loc 1 514 13 view .LVU150
 514:Middlewares/ST/STM32_USB_Device_Library/Class/CustomHID/Src/usbd_customhid.c ****           }
 547              		.loc 1 514 17 is_stmt 0 view .LVU151
 548 00e6 0224     		movs	r4, #2
 549 00e8 17E0     		b	.L30
 550              	.LVL52:
 551              	.L47:
 509:Middlewares/ST/STM32_USB_Device_Library/Class/CustomHID/Src/usbd_customhid.c ****           }
 552              		.loc 1 509 13 is_stmt 1 view .LVU152
 553 00ea 0122     		movs	r2, #1
 554 00ec 05F10C01 		add	r1, r5, #12
 555              	.LVL53:
 509:Middlewares/ST/STM32_USB_Device_Library/Class/CustomHID/Src/usbd_customhid.c ****           }
 556              		.loc 1 509 13 is_stmt 0 view .LVU153
 557 00f0 FFF7FEFF 		bl	USBD_CtlSendData
 558              	.LVL54:
 509:Middlewares/ST/STM32_USB_Device_Library/Class/CustomHID/Src/usbd_customhid.c ****           }
 559              		.loc 1 509 13 view .LVU154
 560 00f4 11E0     		b	.L30
 561              	.LVL55:
 562              	.L32:
 519:Middlewares/ST/STM32_USB_Device_Library/Class/CustomHID/Src/usbd_customhid.c ****           {
 563              		.loc 1 519 11 is_stmt 1 view .LVU155
 519:Middlewares/ST/STM32_USB_Device_Library/Class/CustomHID/Src/usbd_customhid.c ****           {
 564              		.loc 1 519 19 is_stmt 0 view .LVU156
 565 00f6 90F89C32 		ldrb	r3, [r0, #668]	@ zero_extendqisi2
 519:Middlewares/ST/STM32_USB_Device_Library/Class/CustomHID/Src/usbd_customhid.c ****           {
 566              		.loc 1 519 14 view .LVU157
 567 00fa 032B     		cmp	r3, #3
 568 00fc 02D1     		bne	.L41
 521:Middlewares/ST/STM32_USB_Device_Library/Class/CustomHID/Src/usbd_customhid.c ****           }
 569              		.loc 1 521 13 is_stmt 1 view .LVU158
 521:Middlewares/ST/STM32_USB_Device_Library/Class/CustomHID/Src/usbd_customhid.c ****           }
 570              		.loc 1 521 32 is_stmt 0 view .LVU159
 571 00fe 8B78     		ldrb	r3, [r1, #2]	@ zero_extendqisi2
 521:Middlewares/ST/STM32_USB_Device_Library/Class/CustomHID/Src/usbd_customhid.c ****           }
 572              		.loc 1 521 30 view .LVU160
 573 0100 EB60     		str	r3, [r5, #12]
 574 0102 0AE0     		b	.L30
 575              	.L41:
 525:Middlewares/ST/STM32_USB_Device_Library/Class/CustomHID/Src/usbd_customhid.c ****             ret = USBD_FAIL;
 576              		.loc 1 525 13 is_stmt 1 view .LVU161
 577 0104 FFF7FEFF 		bl	USBD_CtlError
 578              	.LVL56:
 526:Middlewares/ST/STM32_USB_Device_Library/Class/CustomHID/Src/usbd_customhid.c ****           }
 579              		.loc 1 526 13 view .LVU162
ARM GAS  C:\Users\jonar\AppData\Local\Temp\ccm7wO9b.s 			page 25


 526:Middlewares/ST/STM32_USB_Device_Library/Class/CustomHID/Src/usbd_customhid.c ****           }
 580              		.loc 1 526 17 is_stmt 0 view .LVU163
 581 0108 0224     		movs	r4, #2
 582 010a 06E0     		b	.L30
 583              	.LVL57:
 584              	.L31:
 531:Middlewares/ST/STM32_USB_Device_Library/Class/CustomHID/Src/usbd_customhid.c ****           ret = USBD_FAIL;
 585              		.loc 1 531 11 is_stmt 1 view .LVU164
 586 010c FFF7FEFF 		bl	USBD_CtlError
 587              	.LVL58:
 532:Middlewares/ST/STM32_USB_Device_Library/Class/CustomHID/Src/usbd_customhid.c ****           break;
 588              		.loc 1 532 11 view .LVU165
 533:Middlewares/ST/STM32_USB_Device_Library/Class/CustomHID/Src/usbd_customhid.c ****       }
 589              		.loc 1 533 11 view .LVU166
 532:Middlewares/ST/STM32_USB_Device_Library/Class/CustomHID/Src/usbd_customhid.c ****           break;
 590              		.loc 1 532 15 is_stmt 0 view .LVU167
 591 0110 0224     		movs	r4, #2
 533:Middlewares/ST/STM32_USB_Device_Library/Class/CustomHID/Src/usbd_customhid.c ****       }
 592              		.loc 1 533 11 view .LVU168
 593 0112 02E0     		b	.L30
 594              	.LVL59:
 595              	.L22:
 538:Middlewares/ST/STM32_USB_Device_Library/Class/CustomHID/Src/usbd_customhid.c ****       ret = USBD_FAIL;
 596              		.loc 1 538 7 is_stmt 1 view .LVU169
 597 0114 FFF7FEFF 		bl	USBD_CtlError
 598              	.LVL60:
 539:Middlewares/ST/STM32_USB_Device_Library/Class/CustomHID/Src/usbd_customhid.c ****       break;
 599              		.loc 1 539 7 view .LVU170
 540:Middlewares/ST/STM32_USB_Device_Library/Class/CustomHID/Src/usbd_customhid.c ****   }
 600              		.loc 1 540 7 view .LVU171
 539:Middlewares/ST/STM32_USB_Device_Library/Class/CustomHID/Src/usbd_customhid.c ****       break;
 601              		.loc 1 539 11 is_stmt 0 view .LVU172
 602 0118 0224     		movs	r4, #2
 603              	.LVL61:
 604              	.L30:
 542:Middlewares/ST/STM32_USB_Device_Library/Class/CustomHID/Src/usbd_customhid.c **** }
 605              		.loc 1 542 3 is_stmt 1 view .LVU173
 543:Middlewares/ST/STM32_USB_Device_Library/Class/CustomHID/Src/usbd_customhid.c **** 
 606              		.loc 1 543 1 is_stmt 0 view .LVU174
 607 011a 2046     		mov	r0, r4
 608 011c 02B0     		add	sp, sp, #8
 609              	.LCFI4:
 610              		.cfi_def_cfa_offset 16
 611              		@ sp needed
 612 011e 70BD     		pop	{r4, r5, r6, pc}
 613              	.LVL62:
 614              	.L49:
 543:Middlewares/ST/STM32_USB_Device_Library/Class/CustomHID/Src/usbd_customhid.c **** 
 615              		.loc 1 543 1 view .LVU175
 616              		.align	2
 617              	.L48:
 618 0120 00000000 		.word	USBD_CUSTOM_HID_Desc
 619              		.cfi_endproc
 620              	.LFE70:
 622              		.section	.text.USBD_CUSTOM_HID_DeInit,"ax",%progbits
 623              		.align	1
 624              		.syntax unified
ARM GAS  C:\Users\jonar\AppData\Local\Temp\ccm7wO9b.s 			page 26


 625              		.thumb
 626              		.thumb_func
 628              	USBD_CUSTOM_HID_DeInit:
 629              	.LVL63:
 630              	.LFB69:
 405:Middlewares/ST/STM32_USB_Device_Library/Class/CustomHID/Src/usbd_customhid.c ****   /* Close CUSTOM_HID EP IN */
 631              		.loc 1 405 1 is_stmt 1 view -0
 632              		.cfi_startproc
 633              		@ args = 0, pretend = 0, frame = 0
 634              		@ frame_needed = 0, uses_anonymous_args = 0
 405:Middlewares/ST/STM32_USB_Device_Library/Class/CustomHID/Src/usbd_customhid.c ****   /* Close CUSTOM_HID EP IN */
 635              		.loc 1 405 1 is_stmt 0 view .LVU177
 636 0000 38B5     		push	{r3, r4, r5, lr}
 637              	.LCFI5:
 638              		.cfi_def_cfa_offset 16
 639              		.cfi_offset 3, -16
 640              		.cfi_offset 4, -12
 641              		.cfi_offset 5, -8
 642              		.cfi_offset 14, -4
 643 0002 0446     		mov	r4, r0
 407:Middlewares/ST/STM32_USB_Device_Library/Class/CustomHID/Src/usbd_customhid.c ****   pdev->ep_in[CUSTOM_HID_EPIN_ADDR & 0xFU].is_used = 0U;
 644              		.loc 1 407 3 is_stmt 1 view .LVU178
 645 0004 8121     		movs	r1, #129
 646              	.LVL64:
 407:Middlewares/ST/STM32_USB_Device_Library/Class/CustomHID/Src/usbd_customhid.c ****   pdev->ep_in[CUSTOM_HID_EPIN_ADDR & 0xFU].is_used = 0U;
 647              		.loc 1 407 3 is_stmt 0 view .LVU179
 648 0006 FFF7FEFF 		bl	USBD_LL_CloseEP
 649              	.LVL65:
 408:Middlewares/ST/STM32_USB_Device_Library/Class/CustomHID/Src/usbd_customhid.c **** 
 650              		.loc 1 408 3 is_stmt 1 view .LVU180
 408:Middlewares/ST/STM32_USB_Device_Library/Class/CustomHID/Src/usbd_customhid.c **** 
 651              		.loc 1 408 52 is_stmt 0 view .LVU181
 652 000a 0025     		movs	r5, #0
 653 000c E562     		str	r5, [r4, #44]
 411:Middlewares/ST/STM32_USB_Device_Library/Class/CustomHID/Src/usbd_customhid.c ****   pdev->ep_out[CUSTOM_HID_EPOUT_ADDR & 0xFU].is_used = 0U;
 654              		.loc 1 411 3 is_stmt 1 view .LVU182
 655 000e 0121     		movs	r1, #1
 656 0010 2046     		mov	r0, r4
 657 0012 FFF7FEFF 		bl	USBD_LL_CloseEP
 658              	.LVL66:
 412:Middlewares/ST/STM32_USB_Device_Library/Class/CustomHID/Src/usbd_customhid.c **** 
 659              		.loc 1 412 3 view .LVU183
 412:Middlewares/ST/STM32_USB_Device_Library/Class/CustomHID/Src/usbd_customhid.c **** 
 660              		.loc 1 412 54 is_stmt 0 view .LVU184
 661 0016 C4F86C51 		str	r5, [r4, #364]
 415:Middlewares/ST/STM32_USB_Device_Library/Class/CustomHID/Src/usbd_customhid.c ****   {
 662              		.loc 1 415 3 is_stmt 1 view .LVU185
 415:Middlewares/ST/STM32_USB_Device_Library/Class/CustomHID/Src/usbd_customhid.c ****   {
 663              		.loc 1 415 11 is_stmt 0 view .LVU186
 664 001a D4F8B832 		ldr	r3, [r4, #696]
 415:Middlewares/ST/STM32_USB_Device_Library/Class/CustomHID/Src/usbd_customhid.c ****   {
 665              		.loc 1 415 6 view .LVU187
 666 001e 4BB1     		cbz	r3, .L51
 417:Middlewares/ST/STM32_USB_Device_Library/Class/CustomHID/Src/usbd_customhid.c ****     USBD_free(pdev->pClassData);
 667              		.loc 1 417 5 is_stmt 1 view .LVU188
 417:Middlewares/ST/STM32_USB_Device_Library/Class/CustomHID/Src/usbd_customhid.c ****     USBD_free(pdev->pClassData);
 668              		.loc 1 417 40 is_stmt 0 view .LVU189
ARM GAS  C:\Users\jonar\AppData\Local\Temp\ccm7wO9b.s 			page 27


 669 0020 D4F8BC32 		ldr	r3, [r4, #700]
 417:Middlewares/ST/STM32_USB_Device_Library/Class/CustomHID/Src/usbd_customhid.c ****     USBD_free(pdev->pClassData);
 670              		.loc 1 417 52 view .LVU190
 671 0024 9B68     		ldr	r3, [r3, #8]
 417:Middlewares/ST/STM32_USB_Device_Library/Class/CustomHID/Src/usbd_customhid.c ****     USBD_free(pdev->pClassData);
 672              		.loc 1 417 6 view .LVU191
 673 0026 9847     		blx	r3
 674              	.LVL67:
 418:Middlewares/ST/STM32_USB_Device_Library/Class/CustomHID/Src/usbd_customhid.c ****     pdev->pClassData = NULL;
 675              		.loc 1 418 5 is_stmt 1 view .LVU192
 676 0028 D4F8B802 		ldr	r0, [r4, #696]
 677 002c FFF7FEFF 		bl	USBD_static_free
 678              	.LVL68:
 419:Middlewares/ST/STM32_USB_Device_Library/Class/CustomHID/Src/usbd_customhid.c ****   }
 679              		.loc 1 419 5 view .LVU193
 419:Middlewares/ST/STM32_USB_Device_Library/Class/CustomHID/Src/usbd_customhid.c ****   }
 680              		.loc 1 419 22 is_stmt 0 view .LVU194
 681 0030 C4F8B852 		str	r5, [r4, #696]
 682              	.L51:
 421:Middlewares/ST/STM32_USB_Device_Library/Class/CustomHID/Src/usbd_customhid.c **** }
 683              		.loc 1 421 3 is_stmt 1 view .LVU195
 422:Middlewares/ST/STM32_USB_Device_Library/Class/CustomHID/Src/usbd_customhid.c **** 
 684              		.loc 1 422 1 is_stmt 0 view .LVU196
 685 0034 0020     		movs	r0, #0
 686 0036 38BD     		pop	{r3, r4, r5, pc}
 422:Middlewares/ST/STM32_USB_Device_Library/Class/CustomHID/Src/usbd_customhid.c **** 
 687              		.loc 1 422 1 view .LVU197
 688              		.cfi_endproc
 689              	.LFE69:
 691              		.section	.text.USBD_CUSTOM_HID_Init,"ax",%progbits
 692              		.align	1
 693              		.syntax unified
 694              		.thumb
 695              		.thumb_func
 697              	USBD_CUSTOM_HID_Init:
 698              	.LVL69:
 699              	.LFB68:
 359:Middlewares/ST/STM32_USB_Device_Library/Class/CustomHID/Src/usbd_customhid.c ****   uint8_t ret = 0U;
 700              		.loc 1 359 1 is_stmt 1 view -0
 701              		.cfi_startproc
 702              		@ args = 0, pretend = 0, frame = 0
 703              		@ frame_needed = 0, uses_anonymous_args = 0
 359:Middlewares/ST/STM32_USB_Device_Library/Class/CustomHID/Src/usbd_customhid.c ****   uint8_t ret = 0U;
 704              		.loc 1 359 1 is_stmt 0 view .LVU199
 705 0000 70B5     		push	{r4, r5, r6, lr}
 706              	.LCFI6:
 707              		.cfi_def_cfa_offset 16
 708              		.cfi_offset 4, -16
 709              		.cfi_offset 5, -12
 710              		.cfi_offset 6, -8
 711              		.cfi_offset 14, -4
 712 0002 0446     		mov	r4, r0
 360:Middlewares/ST/STM32_USB_Device_Library/Class/CustomHID/Src/usbd_customhid.c ****   USBD_CUSTOM_HID_HandleTypeDef     *hhid;
 713              		.loc 1 360 3 is_stmt 1 view .LVU200
 714              	.LVL70:
 361:Middlewares/ST/STM32_USB_Device_Library/Class/CustomHID/Src/usbd_customhid.c **** 
 715              		.loc 1 361 3 view .LVU201
ARM GAS  C:\Users\jonar\AppData\Local\Temp\ccm7wO9b.s 			page 28


 364:Middlewares/ST/STM32_USB_Device_Library/Class/CustomHID/Src/usbd_customhid.c ****                  CUSTOM_HID_EPIN_SIZE);
 716              		.loc 1 364 3 view .LVU202
 717 0004 0223     		movs	r3, #2
 718 0006 0322     		movs	r2, #3
 719 0008 8121     		movs	r1, #129
 720              	.LVL71:
 364:Middlewares/ST/STM32_USB_Device_Library/Class/CustomHID/Src/usbd_customhid.c ****                  CUSTOM_HID_EPIN_SIZE);
 721              		.loc 1 364 3 is_stmt 0 view .LVU203
 722 000a FFF7FEFF 		bl	USBD_LL_OpenEP
 723              	.LVL72:
 367:Middlewares/ST/STM32_USB_Device_Library/Class/CustomHID/Src/usbd_customhid.c **** 
 724              		.loc 1 367 3 is_stmt 1 view .LVU204
 367:Middlewares/ST/STM32_USB_Device_Library/Class/CustomHID/Src/usbd_customhid.c **** 
 725              		.loc 1 367 52 is_stmt 0 view .LVU205
 726 000e 0125     		movs	r5, #1
 727 0010 E562     		str	r5, [r4, #44]
 370:Middlewares/ST/STM32_USB_Device_Library/Class/CustomHID/Src/usbd_customhid.c ****                  CUSTOM_HID_EPOUT_SIZE);
 728              		.loc 1 370 3 is_stmt 1 view .LVU206
 729 0012 0223     		movs	r3, #2
 730 0014 0322     		movs	r2, #3
 731 0016 2946     		mov	r1, r5
 732 0018 2046     		mov	r0, r4
 733 001a FFF7FEFF 		bl	USBD_LL_OpenEP
 734              	.LVL73:
 373:Middlewares/ST/STM32_USB_Device_Library/Class/CustomHID/Src/usbd_customhid.c **** 
 735              		.loc 1 373 3 view .LVU207
 373:Middlewares/ST/STM32_USB_Device_Library/Class/CustomHID/Src/usbd_customhid.c **** 
 736              		.loc 1 373 54 is_stmt 0 view .LVU208
 737 001e C4F86C51 		str	r5, [r4, #364]
 375:Middlewares/ST/STM32_USB_Device_Library/Class/CustomHID/Src/usbd_customhid.c **** 
 738              		.loc 1 375 3 is_stmt 1 view .LVU209
 375:Middlewares/ST/STM32_USB_Device_Library/Class/CustomHID/Src/usbd_customhid.c **** 
 739              		.loc 1 375 22 is_stmt 0 view .LVU210
 740 0022 1820     		movs	r0, #24
 741 0024 FFF7FEFF 		bl	USBD_static_malloc
 742              	.LVL74:
 375:Middlewares/ST/STM32_USB_Device_Library/Class/CustomHID/Src/usbd_customhid.c **** 
 743              		.loc 1 375 20 discriminator 1 view .LVU211
 744 0028 C4F8B802 		str	r0, [r4, #696]
 377:Middlewares/ST/STM32_USB_Device_Library/Class/CustomHID/Src/usbd_customhid.c ****   {
 745              		.loc 1 377 3 is_stmt 1 view .LVU212
 377:Middlewares/ST/STM32_USB_Device_Library/Class/CustomHID/Src/usbd_customhid.c ****   {
 746              		.loc 1 377 6 is_stmt 0 view .LVU213
 747 002c 70B1     		cbz	r0, .L55
 748 002e 0546     		mov	r5, r0
 383:Middlewares/ST/STM32_USB_Device_Library/Class/CustomHID/Src/usbd_customhid.c **** 
 749              		.loc 1 383 5 is_stmt 1 view .LVU214
 750              	.LVL75:
 385:Middlewares/ST/STM32_USB_Device_Library/Class/CustomHID/Src/usbd_customhid.c ****     ((USBD_CUSTOM_HID_ItfTypeDef *)pdev->pUserData)->Init();
 751              		.loc 1 385 5 view .LVU215
 385:Middlewares/ST/STM32_USB_Device_Library/Class/CustomHID/Src/usbd_customhid.c ****     ((USBD_CUSTOM_HID_ItfTypeDef *)pdev->pUserData)->Init();
 752              		.loc 1 385 17 is_stmt 0 view .LVU216
 753 0030 0026     		movs	r6, #0
 754 0032 0675     		strb	r6, [r0, #20]
 386:Middlewares/ST/STM32_USB_Device_Library/Class/CustomHID/Src/usbd_customhid.c **** 
 755              		.loc 1 386 5 is_stmt 1 view .LVU217
 386:Middlewares/ST/STM32_USB_Device_Library/Class/CustomHID/Src/usbd_customhid.c **** 
ARM GAS  C:\Users\jonar\AppData\Local\Temp\ccm7wO9b.s 			page 29


 756              		.loc 1 386 40 is_stmt 0 view .LVU218
 757 0034 D4F8BC32 		ldr	r3, [r4, #700]
 386:Middlewares/ST/STM32_USB_Device_Library/Class/CustomHID/Src/usbd_customhid.c **** 
 758              		.loc 1 386 52 view .LVU219
 759 0038 5B68     		ldr	r3, [r3, #4]
 386:Middlewares/ST/STM32_USB_Device_Library/Class/CustomHID/Src/usbd_customhid.c **** 
 760              		.loc 1 386 6 view .LVU220
 761 003a 9847     		blx	r3
 762              	.LVL76:
 389:Middlewares/ST/STM32_USB_Device_Library/Class/CustomHID/Src/usbd_customhid.c ****                            USBD_CUSTOMHID_OUTREPORT_BUF_SIZE);
 763              		.loc 1 389 5 is_stmt 1 view .LVU221
 764 003c 0223     		movs	r3, #2
 765 003e 2A46     		mov	r2, r5
 766 0040 0121     		movs	r1, #1
 767 0042 2046     		mov	r0, r4
 768 0044 FFF7FEFF 		bl	USBD_LL_PrepareReceive
 769              	.LVL77:
 360:Middlewares/ST/STM32_USB_Device_Library/Class/CustomHID/Src/usbd_customhid.c ****   USBD_CUSTOM_HID_HandleTypeDef     *hhid;
 770              		.loc 1 360 11 is_stmt 0 view .LVU222
 771 0048 3046     		mov	r0, r6
 772              	.LVL78:
 773              	.L54:
 393:Middlewares/ST/STM32_USB_Device_Library/Class/CustomHID/Src/usbd_customhid.c **** }
 774              		.loc 1 393 3 is_stmt 1 view .LVU223
 394:Middlewares/ST/STM32_USB_Device_Library/Class/CustomHID/Src/usbd_customhid.c **** 
 775              		.loc 1 394 1 is_stmt 0 view .LVU224
 776 004a 70BD     		pop	{r4, r5, r6, pc}
 777              	.LVL79:
 778              	.L55:
 379:Middlewares/ST/STM32_USB_Device_Library/Class/CustomHID/Src/usbd_customhid.c ****   }
 779              		.loc 1 379 9 view .LVU225
 780 004c 0120     		movs	r0, #1
 781 004e FCE7     		b	.L54
 782              		.cfi_endproc
 783              	.LFE68:
 785              		.section	.text.USBD_CUSTOM_HID_SendReport,"ax",%progbits
 786              		.align	1
 787              		.global	USBD_CUSTOM_HID_SendReport
 788              		.syntax unified
 789              		.thumb
 790              		.thumb_func
 792              	USBD_CUSTOM_HID_SendReport:
 793              	.LVL80:
 794              	.LFB71:
 555:Middlewares/ST/STM32_USB_Device_Library/Class/CustomHID/Src/usbd_customhid.c ****   USBD_CUSTOM_HID_HandleTypeDef     *hhid = (USBD_CUSTOM_HID_HandleTypeDef *)pdev->pClassData;
 795              		.loc 1 555 1 is_stmt 1 view -0
 796              		.cfi_startproc
 797              		@ args = 0, pretend = 0, frame = 0
 798              		@ frame_needed = 0, uses_anonymous_args = 0
 555:Middlewares/ST/STM32_USB_Device_Library/Class/CustomHID/Src/usbd_customhid.c ****   USBD_CUSTOM_HID_HandleTypeDef     *hhid = (USBD_CUSTOM_HID_HandleTypeDef *)pdev->pClassData;
 799              		.loc 1 555 1 is_stmt 0 view .LVU227
 800 0000 38B5     		push	{r3, r4, r5, lr}
 801              	.LCFI7:
 802              		.cfi_def_cfa_offset 16
 803              		.cfi_offset 3, -16
 804              		.cfi_offset 4, -12
 805              		.cfi_offset 5, -8
ARM GAS  C:\Users\jonar\AppData\Local\Temp\ccm7wO9b.s 			page 30


 806              		.cfi_offset 14, -4
 556:Middlewares/ST/STM32_USB_Device_Library/Class/CustomHID/Src/usbd_customhid.c **** 
 807              		.loc 1 556 3 is_stmt 1 view .LVU228
 556:Middlewares/ST/STM32_USB_Device_Library/Class/CustomHID/Src/usbd_customhid.c **** 
 808              		.loc 1 556 38 is_stmt 0 view .LVU229
 809 0002 D0F8B852 		ldr	r5, [r0, #696]
 810              	.LVL81:
 558:Middlewares/ST/STM32_USB_Device_Library/Class/CustomHID/Src/usbd_customhid.c ****   {
 811              		.loc 1 558 3 is_stmt 1 view .LVU230
 558:Middlewares/ST/STM32_USB_Device_Library/Class/CustomHID/Src/usbd_customhid.c ****   {
 812              		.loc 1 558 11 is_stmt 0 view .LVU231
 813 0006 90F89C32 		ldrb	r3, [r0, #668]	@ zero_extendqisi2
 558:Middlewares/ST/STM32_USB_Device_Library/Class/CustomHID/Src/usbd_customhid.c ****   {
 814              		.loc 1 558 6 view .LVU232
 815 000a 032B     		cmp	r3, #3
 816 000c 02D0     		beq	.L62
 570:Middlewares/ST/STM32_USB_Device_Library/Class/CustomHID/Src/usbd_customhid.c **** }
 817              		.loc 1 570 10 view .LVU233
 818 000e 0024     		movs	r4, #0
 819              	.LVL82:
 820              	.L58:
 571:Middlewares/ST/STM32_USB_Device_Library/Class/CustomHID/Src/usbd_customhid.c **** 
 821              		.loc 1 571 1 view .LVU234
 822 0010 2046     		mov	r0, r4
 823 0012 38BD     		pop	{r3, r4, r5, pc}
 824              	.LVL83:
 825              	.L62:
 560:Middlewares/ST/STM32_USB_Device_Library/Class/CustomHID/Src/usbd_customhid.c ****     {
 826              		.loc 1 560 5 is_stmt 1 view .LVU235
 560:Middlewares/ST/STM32_USB_Device_Library/Class/CustomHID/Src/usbd_customhid.c ****     {
 827              		.loc 1 560 13 is_stmt 0 view .LVU236
 828 0014 2C7D     		ldrb	r4, [r5, #20]	@ zero_extendqisi2
 560:Middlewares/ST/STM32_USB_Device_Library/Class/CustomHID/Src/usbd_customhid.c ****     {
 829              		.loc 1 560 8 view .LVU237
 830 0016 0CB1     		cbz	r4, .L63
 567:Middlewares/ST/STM32_USB_Device_Library/Class/CustomHID/Src/usbd_customhid.c ****     }
 831              		.loc 1 567 14 view .LVU238
 832 0018 0124     		movs	r4, #1
 833 001a F9E7     		b	.L58
 834              	.L63:
 562:Middlewares/ST/STM32_USB_Device_Library/Class/CustomHID/Src/usbd_customhid.c ****       USBD_LL_Transmit(pdev, CUSTOM_HID_EPIN_ADDR, report, len);
 835              		.loc 1 562 7 is_stmt 1 view .LVU239
 562:Middlewares/ST/STM32_USB_Device_Library/Class/CustomHID/Src/usbd_customhid.c ****       USBD_LL_Transmit(pdev, CUSTOM_HID_EPIN_ADDR, report, len);
 836              		.loc 1 562 19 is_stmt 0 view .LVU240
 837 001c 0123     		movs	r3, #1
 838 001e 2B75     		strb	r3, [r5, #20]
 563:Middlewares/ST/STM32_USB_Device_Library/Class/CustomHID/Src/usbd_customhid.c ****     }
 839              		.loc 1 563 7 is_stmt 1 view .LVU241
 840 0020 1346     		mov	r3, r2
 841 0022 0A46     		mov	r2, r1
 842              	.LVL84:
 563:Middlewares/ST/STM32_USB_Device_Library/Class/CustomHID/Src/usbd_customhid.c ****     }
 843              		.loc 1 563 7 is_stmt 0 view .LVU242
 844 0024 8121     		movs	r1, #129
 845              	.LVL85:
 563:Middlewares/ST/STM32_USB_Device_Library/Class/CustomHID/Src/usbd_customhid.c ****     }
 846              		.loc 1 563 7 view .LVU243
ARM GAS  C:\Users\jonar\AppData\Local\Temp\ccm7wO9b.s 			page 31


 847 0026 FFF7FEFF 		bl	USBD_LL_Transmit
 848              	.LVL86:
 563:Middlewares/ST/STM32_USB_Device_Library/Class/CustomHID/Src/usbd_customhid.c ****     }
 849              		.loc 1 563 7 view .LVU244
 850 002a F1E7     		b	.L58
 851              		.cfi_endproc
 852              	.LFE71:
 854              		.section	.text.USBD_CUSTOM_HID_RegisterInterface,"ax",%progbits
 855              		.align	1
 856              		.global	USBD_CUSTOM_HID_RegisterInterface
 857              		.syntax unified
 858              		.thumb
 859              		.thumb_func
 861              	USBD_CUSTOM_HID_RegisterInterface:
 862              	.LVL87:
 863              	.LFB79:
 682:Middlewares/ST/STM32_USB_Device_Library/Class/CustomHID/Src/usbd_customhid.c **** 
 683:Middlewares/ST/STM32_USB_Device_Library/Class/CustomHID/Src/usbd_customhid.c **** /**
 684:Middlewares/ST/STM32_USB_Device_Library/Class/CustomHID/Src/usbd_customhid.c **** * @brief  USBD_CUSTOM_HID_RegisterInterface
 685:Middlewares/ST/STM32_USB_Device_Library/Class/CustomHID/Src/usbd_customhid.c ****   * @param  pdev: device instance
 686:Middlewares/ST/STM32_USB_Device_Library/Class/CustomHID/Src/usbd_customhid.c ****   * @param  fops: CUSTOMHID Interface callback
 687:Middlewares/ST/STM32_USB_Device_Library/Class/CustomHID/Src/usbd_customhid.c ****   * @retval status
 688:Middlewares/ST/STM32_USB_Device_Library/Class/CustomHID/Src/usbd_customhid.c ****   */
 689:Middlewares/ST/STM32_USB_Device_Library/Class/CustomHID/Src/usbd_customhid.c **** uint8_t  USBD_CUSTOM_HID_RegisterInterface(USBD_HandleTypeDef   *pdev,
 690:Middlewares/ST/STM32_USB_Device_Library/Class/CustomHID/Src/usbd_customhid.c ****                                            USBD_CUSTOM_HID_ItfTypeDef *fops)
 691:Middlewares/ST/STM32_USB_Device_Library/Class/CustomHID/Src/usbd_customhid.c **** {
 864              		.loc 1 691 1 is_stmt 1 view -0
 865              		.cfi_startproc
 866              		@ args = 0, pretend = 0, frame = 0
 867              		@ frame_needed = 0, uses_anonymous_args = 0
 868              		@ link register save eliminated.
 692:Middlewares/ST/STM32_USB_Device_Library/Class/CustomHID/Src/usbd_customhid.c ****   uint8_t  ret = USBD_FAIL;
 869              		.loc 1 692 3 view .LVU246
 693:Middlewares/ST/STM32_USB_Device_Library/Class/CustomHID/Src/usbd_customhid.c **** 
 694:Middlewares/ST/STM32_USB_Device_Library/Class/CustomHID/Src/usbd_customhid.c ****   if (fops != NULL)
 870              		.loc 1 694 3 view .LVU247
 871              		.loc 1 694 6 is_stmt 0 view .LVU248
 872 0000 19B1     		cbz	r1, .L66
 695:Middlewares/ST/STM32_USB_Device_Library/Class/CustomHID/Src/usbd_customhid.c ****   {
 696:Middlewares/ST/STM32_USB_Device_Library/Class/CustomHID/Src/usbd_customhid.c ****     pdev->pUserData = fops;
 873              		.loc 1 696 5 is_stmt 1 view .LVU249
 874              		.loc 1 696 21 is_stmt 0 view .LVU250
 875 0002 C0F8BC12 		str	r1, [r0, #700]
 697:Middlewares/ST/STM32_USB_Device_Library/Class/CustomHID/Src/usbd_customhid.c ****     ret = USBD_OK;
 876              		.loc 1 697 5 is_stmt 1 view .LVU251
 877              	.LVL88:
 878              		.loc 1 697 9 is_stmt 0 view .LVU252
 879 0006 0020     		movs	r0, #0
 880              	.LVL89:
 881              		.loc 1 697 9 view .LVU253
 882 0008 7047     		bx	lr
 883              	.LVL90:
 884              	.L66:
 692:Middlewares/ST/STM32_USB_Device_Library/Class/CustomHID/Src/usbd_customhid.c **** 
 885              		.loc 1 692 12 view .LVU254
 886 000a 0220     		movs	r0, #2
 887              	.LVL91:
ARM GAS  C:\Users\jonar\AppData\Local\Temp\ccm7wO9b.s 			page 32


 698:Middlewares/ST/STM32_USB_Device_Library/Class/CustomHID/Src/usbd_customhid.c ****   }
 699:Middlewares/ST/STM32_USB_Device_Library/Class/CustomHID/Src/usbd_customhid.c **** 
 700:Middlewares/ST/STM32_USB_Device_Library/Class/CustomHID/Src/usbd_customhid.c ****   return ret;
 888              		.loc 1 700 3 is_stmt 1 view .LVU255
 701:Middlewares/ST/STM32_USB_Device_Library/Class/CustomHID/Src/usbd_customhid.c **** }
 889              		.loc 1 701 1 is_stmt 0 view .LVU256
 890 000c 7047     		bx	lr
 891              		.cfi_endproc
 892              	.LFE79:
 894              		.section	.data.USBD_CUSTOM_HID_DeviceQualifierDesc,"aw"
 895              		.align	2
 898              	USBD_CUSTOM_HID_DeviceQualifierDesc:
 899 0000 0A060002 		.ascii	"\012\006\000\002\000\000\000@\001\000"
 899      00000040 
 899      0100
 900              		.section	.data.USBD_CUSTOM_HID_Desc,"aw"
 901              		.align	2
 904              	USBD_CUSTOM_HID_Desc:
 905 0000 09211101 		.ascii	"\011!\021\001\000\001\"S\000"
 905      00012253 
 905      00
 906              		.section	.data.USBD_CUSTOM_HID_OtherSpeedCfgDesc,"aw"
 907              		.align	2
 910              	USBD_CUSTOM_HID_OtherSpeedCfgDesc:
 911 0000 09022900 		.ascii	"\011\002)\000\001\001\000\3002\011\004\000\000\002\003"
 911      010100C0 
 911      32090400 
 911      000203
 912 000f 00000009 		.ascii	"\000\000\000\011!\021\001\000\001\"S\000\007\005\201"
 912      21110100 
 912      01225300 
 912      070581
 913 001e 03020001 		.ascii	"\003\002\000\001\007\005\001\003\002\000\001"
 913      07050103 
 913      020001
 914              		.section	.data.USBD_CUSTOM_HID_CfgHSDesc,"aw"
 915              		.align	2
 918              	USBD_CUSTOM_HID_CfgHSDesc:
 919 0000 09022900 		.ascii	"\011\002)\000\001\001\000\3002\011\004\000\000\002\003"
 919      010100C0 
 919      32090400 
 919      000203
 920 000f 00000009 		.ascii	"\000\000\000\011!\021\001\000\001\"S\000\007\005\201"
 920      21110100 
 920      01225300 
 920      070581
 921 001e 03020005 		.ascii	"\003\002\000\005\007\005\001\003\002\000\005"
 921      07050103 
 921      020005
 922              		.section	.data.USBD_CUSTOM_HID_CfgFSDesc,"aw"
 923              		.align	2
 926              	USBD_CUSTOM_HID_CfgFSDesc:
 927 0000 09022900 		.ascii	"\011\002)\000\001\001\000\3002\011\004\000\000\002\003"
 927      010100C0 
 927      32090400 
 927      000203
 928 000f 00000009 		.ascii	"\000\000\000\011!\021\001\000\001\"S\000\007\005\201"
ARM GAS  C:\Users\jonar\AppData\Local\Temp\ccm7wO9b.s 			page 33


 928      21110100 
 928      01225300 
 928      070581
 929 001e 03020001 		.ascii	"\003\002\000\001\007\005\001\003\002\000\001"
 929      07050103 
 929      020001
 930              		.global	USBD_CUSTOM_HID
 931              		.section	.data.USBD_CUSTOM_HID,"aw"
 932              		.align	2
 935              	USBD_CUSTOM_HID:
 936 0000 00000000 		.word	USBD_CUSTOM_HID_Init
 937 0004 00000000 		.word	USBD_CUSTOM_HID_DeInit
 938 0008 00000000 		.word	USBD_CUSTOM_HID_Setup
 939 000c 00000000 		.word	0
 940 0010 00000000 		.word	USBD_CUSTOM_HID_EP0_RxReady
 941 0014 00000000 		.word	USBD_CUSTOM_HID_DataIn
 942 0018 00000000 		.word	USBD_CUSTOM_HID_DataOut
 943 001c 00000000 		.word	0
 944 0020 00000000 		.word	0
 945 0024 00000000 		.word	0
 946 0028 00000000 		.word	USBD_CUSTOM_HID_GetHSCfgDesc
 947 002c 00000000 		.word	USBD_CUSTOM_HID_GetFSCfgDesc
 948 0030 00000000 		.word	USBD_CUSTOM_HID_GetOtherSpeedCfgDesc
 949 0034 00000000 		.word	USBD_CUSTOM_HID_GetDeviceQualifierDesc
 950              		.text
 951              	.Letext0:
 952              		.file 2 "C:/msys64/mingw64/arm-none-eabi/include/machine/_default_types.h"
 953              		.file 3 "C:/msys64/mingw64/arm-none-eabi/include/sys/_stdint.h"
 954              		.file 4 "Middlewares/ST/STM32_USB_Device_Library/Core/Inc/usbd_def.h"
 955              		.file 5 "Middlewares/ST/STM32_USB_Device_Library/Class/CustomHID/Inc/usbd_customhid.h"
 956              		.file 6 "Middlewares/ST/STM32_USB_Device_Library/Core/Inc/usbd_core.h"
 957              		.file 7 "USB_DEVICE/Target/usbd_conf.h"
 958              		.file 8 "Middlewares/ST/STM32_USB_Device_Library/Core/Inc/usbd_ctlreq.h"
 959              		.file 9 "Middlewares/ST/STM32_USB_Device_Library/Core/Inc/usbd_ioreq.h"
ARM GAS  C:\Users\jonar\AppData\Local\Temp\ccm7wO9b.s 			page 34


DEFINED SYMBOLS
                            *ABS*:00000000 usbd_customhid.c
C:\Users\jonar\AppData\Local\Temp\ccm7wO9b.s:19     .text.USBD_CUSTOM_HID_GetFSCfgDesc:00000000 $t
C:\Users\jonar\AppData\Local\Temp\ccm7wO9b.s:24     .text.USBD_CUSTOM_HID_GetFSCfgDesc:00000000 USBD_CUSTOM_HID_GetFSCfgDesc
C:\Users\jonar\AppData\Local\Temp\ccm7wO9b.s:45     .text.USBD_CUSTOM_HID_GetFSCfgDesc:00000008 $d
C:\Users\jonar\AppData\Local\Temp\ccm7wO9b.s:926    .data.USBD_CUSTOM_HID_CfgFSDesc:00000000 USBD_CUSTOM_HID_CfgFSDesc
C:\Users\jonar\AppData\Local\Temp\ccm7wO9b.s:50     .text.USBD_CUSTOM_HID_GetHSCfgDesc:00000000 $t
C:\Users\jonar\AppData\Local\Temp\ccm7wO9b.s:55     .text.USBD_CUSTOM_HID_GetHSCfgDesc:00000000 USBD_CUSTOM_HID_GetHSCfgDesc
C:\Users\jonar\AppData\Local\Temp\ccm7wO9b.s:76     .text.USBD_CUSTOM_HID_GetHSCfgDesc:00000008 $d
C:\Users\jonar\AppData\Local\Temp\ccm7wO9b.s:918    .data.USBD_CUSTOM_HID_CfgHSDesc:00000000 USBD_CUSTOM_HID_CfgHSDesc
C:\Users\jonar\AppData\Local\Temp\ccm7wO9b.s:81     .text.USBD_CUSTOM_HID_GetOtherSpeedCfgDesc:00000000 $t
C:\Users\jonar\AppData\Local\Temp\ccm7wO9b.s:86     .text.USBD_CUSTOM_HID_GetOtherSpeedCfgDesc:00000000 USBD_CUSTOM_HID_GetOtherSpeedCfgDesc
C:\Users\jonar\AppData\Local\Temp\ccm7wO9b.s:107    .text.USBD_CUSTOM_HID_GetOtherSpeedCfgDesc:00000008 $d
C:\Users\jonar\AppData\Local\Temp\ccm7wO9b.s:910    .data.USBD_CUSTOM_HID_OtherSpeedCfgDesc:00000000 USBD_CUSTOM_HID_OtherSpeedCfgDesc
C:\Users\jonar\AppData\Local\Temp\ccm7wO9b.s:112    .text.USBD_CUSTOM_HID_DataIn:00000000 $t
C:\Users\jonar\AppData\Local\Temp\ccm7wO9b.s:117    .text.USBD_CUSTOM_HID_DataIn:00000000 USBD_CUSTOM_HID_DataIn
C:\Users\jonar\AppData\Local\Temp\ccm7wO9b.s:140    .text.USBD_CUSTOM_HID_EP0_RxReady:00000000 $t
C:\Users\jonar\AppData\Local\Temp\ccm7wO9b.s:145    .text.USBD_CUSTOM_HID_EP0_RxReady:00000000 USBD_CUSTOM_HID_EP0_RxReady
C:\Users\jonar\AppData\Local\Temp\ccm7wO9b.s:197    .text.USBD_CUSTOM_HID_GetDeviceQualifierDesc:00000000 $t
C:\Users\jonar\AppData\Local\Temp\ccm7wO9b.s:202    .text.USBD_CUSTOM_HID_GetDeviceQualifierDesc:00000000 USBD_CUSTOM_HID_GetDeviceQualifierDesc
C:\Users\jonar\AppData\Local\Temp\ccm7wO9b.s:223    .text.USBD_CUSTOM_HID_GetDeviceQualifierDesc:00000008 $d
C:\Users\jonar\AppData\Local\Temp\ccm7wO9b.s:898    .data.USBD_CUSTOM_HID_DeviceQualifierDesc:00000000 USBD_CUSTOM_HID_DeviceQualifierDesc
C:\Users\jonar\AppData\Local\Temp\ccm7wO9b.s:228    .text.USBD_CUSTOM_HID_DataOut:00000000 $t
C:\Users\jonar\AppData\Local\Temp\ccm7wO9b.s:233    .text.USBD_CUSTOM_HID_DataOut:00000000 USBD_CUSTOM_HID_DataOut
C:\Users\jonar\AppData\Local\Temp\ccm7wO9b.s:283    .text.USBD_CUSTOM_HID_Setup:00000000 $t
C:\Users\jonar\AppData\Local\Temp\ccm7wO9b.s:288    .text.USBD_CUSTOM_HID_Setup:00000000 USBD_CUSTOM_HID_Setup
C:\Users\jonar\AppData\Local\Temp\ccm7wO9b.s:335    .text.USBD_CUSTOM_HID_Setup:00000026 $d
C:\Users\jonar\AppData\Local\Temp\ccm7wO9b.s:345    .text.USBD_CUSTOM_HID_Setup:00000030 $t
C:\Users\jonar\AppData\Local\Temp\ccm7wO9b.s:436    .text.USBD_CUSTOM_HID_Setup:0000007e $d
C:\Users\jonar\AppData\Local\Temp\ccm7wO9b.s:448    .text.USBD_CUSTOM_HID_Setup:0000008a $t
C:\Users\jonar\AppData\Local\Temp\ccm7wO9b.s:618    .text.USBD_CUSTOM_HID_Setup:00000120 $d
C:\Users\jonar\AppData\Local\Temp\ccm7wO9b.s:904    .data.USBD_CUSTOM_HID_Desc:00000000 USBD_CUSTOM_HID_Desc
C:\Users\jonar\AppData\Local\Temp\ccm7wO9b.s:623    .text.USBD_CUSTOM_HID_DeInit:00000000 $t
C:\Users\jonar\AppData\Local\Temp\ccm7wO9b.s:628    .text.USBD_CUSTOM_HID_DeInit:00000000 USBD_CUSTOM_HID_DeInit
C:\Users\jonar\AppData\Local\Temp\ccm7wO9b.s:692    .text.USBD_CUSTOM_HID_Init:00000000 $t
C:\Users\jonar\AppData\Local\Temp\ccm7wO9b.s:697    .text.USBD_CUSTOM_HID_Init:00000000 USBD_CUSTOM_HID_Init
C:\Users\jonar\AppData\Local\Temp\ccm7wO9b.s:786    .text.USBD_CUSTOM_HID_SendReport:00000000 $t
C:\Users\jonar\AppData\Local\Temp\ccm7wO9b.s:792    .text.USBD_CUSTOM_HID_SendReport:00000000 USBD_CUSTOM_HID_SendReport
C:\Users\jonar\AppData\Local\Temp\ccm7wO9b.s:855    .text.USBD_CUSTOM_HID_RegisterInterface:00000000 $t
C:\Users\jonar\AppData\Local\Temp\ccm7wO9b.s:861    .text.USBD_CUSTOM_HID_RegisterInterface:00000000 USBD_CUSTOM_HID_RegisterInterface
C:\Users\jonar\AppData\Local\Temp\ccm7wO9b.s:895    .data.USBD_CUSTOM_HID_DeviceQualifierDesc:00000000 $d
C:\Users\jonar\AppData\Local\Temp\ccm7wO9b.s:901    .data.USBD_CUSTOM_HID_Desc:00000000 $d
C:\Users\jonar\AppData\Local\Temp\ccm7wO9b.s:907    .data.USBD_CUSTOM_HID_OtherSpeedCfgDesc:00000000 $d
C:\Users\jonar\AppData\Local\Temp\ccm7wO9b.s:915    .data.USBD_CUSTOM_HID_CfgHSDesc:00000000 $d
C:\Users\jonar\AppData\Local\Temp\ccm7wO9b.s:923    .data.USBD_CUSTOM_HID_CfgFSDesc:00000000 $d
C:\Users\jonar\AppData\Local\Temp\ccm7wO9b.s:935    .data.USBD_CUSTOM_HID:00000000 USBD_CUSTOM_HID
C:\Users\jonar\AppData\Local\Temp\ccm7wO9b.s:932    .data.USBD_CUSTOM_HID:00000000 $d

UNDEFINED SYMBOLS
USBD_LL_PrepareReceive
USBD_CtlSendData
USBD_CtlPrepareRx
USBD_CtlError
USBD_LL_CloseEP
USBD_static_free
USBD_LL_OpenEP
USBD_static_malloc
ARM GAS  C:\Users\jonar\AppData\Local\Temp\ccm7wO9b.s 			page 35


USBD_LL_Transmit
